JvmtiExport can_access_local_variables 0
JvmtiExport can_hotswap_or_post_breakpoint 0
JvmtiExport can_post_on_exceptions 0
# 392 ciObject found
ciInstanceKlass java/lang/Cloneable 1 0 7 100 1 100 1 1 1
instanceKlass org/eclipse/aether/util/graph/selector/ExclusionDependencySelector$ExclusionComparator
instanceKlass org/apache/maven/artifact/handler/DefaultArtifactHandler$__sisu12$$FastClassByGuice$$182616837
instanceKlass org/eclipse/aether/collection/DependencyManagement
instanceKlass org/eclipse/aether/internal/impl/collect/DataPool$GraphKey
instanceKlass org/eclipse/aether/internal/impl/collect/DefaultDependencyCycle
instanceKlass org/eclipse/aether/internal/impl/collect/DataPool$Descriptor
instanceKlass org/eclipse/aether/internal/impl/collect/DataPool$DescriptorKey
instanceKlass org/eclipse/aether/internal/impl/collect/DataPool$Constraint$VersionRepo
instanceKlass org/eclipse/aether/internal/impl/collect/DataPool$Constraint
instanceKlass org/eclipse/aether/internal/impl/collect/DataPool$ConstraintKey
instanceKlass org/eclipse/aether/internal/impl/collect/CollectStepDataImpl
instanceKlass org/eclipse/aether/collection/CollectStepData
instanceKlass org/eclipse/aether/graph/Dependency$Exclusions$1
instanceKlass org/eclipse/aether/util/graph/manager/ClassicDependencyManager$Key
instanceKlass org/eclipse/aether/internal/impl/collect/df/NodeStack
instanceKlass org/eclipse/aether/graph/DependencyCycle
instanceKlass org/eclipse/aether/internal/impl/collect/DataPool$HardInternPool
instanceKlass org/eclipse/aether/internal/impl/collect/DataPool$WeakInternPool
instanceKlass org/eclipse/aether/internal/impl/collect/DataPool$InternPool
instanceKlass org/eclipse/aether/internal/impl/collect/CachingArtifactTypeRegistry
instanceKlass org/eclipse/aether/util/artifact/ArtifactIdUtils
instanceKlass org/apache/maven/project/DefaultDependencyResolutionRequest
instanceKlass org/apache/maven/lifecycle/internal/LifecycleDependencyResolver$ReactorDependencyFilter
instanceKlass org/eclipse/aether/util/filter/AndDependencyFilter
instanceKlass org/eclipse/aether/util/filter/ScopeDependencyFilter
instanceKlass org/apache/maven/project/artifact/DefaultProjectArtifactsCache$CacheKey
instanceKlass org/apache/maven/lifecycle/internal/MojoExecutor$ProjectLock
instanceKlass org/apache/maven/project/MavenProject$LoggingList$1
instanceKlass java/lang/Character$CharacterCache
instanceKlass org/apache/maven/lifecycle/internal/MojoExecutor$1
instanceKlass org/apache/maven/lifecycle/internal/ExecutionPlanItem
instanceKlass org/codehaus/plexus/component/repository/ComponentDependency
instanceKlass org/apache/maven/lifecycle/internal/DefaultMojoExecutionConfigurator$$FastClassByGuice$$182052414
instanceKlass org/apache/maven/execution/ProjectExecutionEvent
instanceKlass org/apache/maven/lifecycle/internal/CompoundProjectExecutionListener
instanceKlass org/apache/maven/lifecycle/internal/DefaultLifecycleMappingDelegate$$FastClassByGuice$$181204409
instanceKlass org/apache/maven/lifecycle/internal/DefaultLifecycleExecutionPlanCalculator$$FastClassByGuice$$179329842
instanceKlass org/apache/maven/project/artifact/DefaultProjectArtifactsCache$$FastClassByGuice$$178941868
instanceKlass org/apache/maven/artifact/factory/DefaultArtifactFactory$$FastClassByGuice$$178039153
instanceKlass org/apache/maven/lifecycle/internal/builder/singlethreaded/SingleThreadedBuilder$$FastClassByGuice$$176998289
instanceKlass org/apache/maven/graph/DefaultProjectDependencyGraph$MavenProjectComparator
instanceKlass org/apache/maven/graph/FilteredProjectDependencyGraph$Key
instanceKlass org/apache/maven/lifecycle/internal/GoalTask
instanceKlass org/apache/maven/plugin/MavenPluginValidator
instanceKlass java/io/RandomAccessFile$1
instanceKlass org/codehaus/plexus/component/repository/ComponentRequirement
instanceKlass org/codehaus/plexus/configuration/DefaultPlexusConfiguration
instanceKlass java/util/stream/MatchOps$BooleanTerminalSink
instanceKlass java/util/stream/MatchOps$MatchOp
instanceKlass java/util/stream/MatchOps
instanceKlass org/apache/maven/model/io/xpp3/MavenXpp3Reader$1
instanceKlass org/apache/maven/model/io/xpp3/MavenXpp3Reader$ContentTransformer
instanceKlass org/apache/maven/model/io/xpp3/MavenXpp3Reader
instanceKlass org/apache/maven/repository/internal/DefaultModelResolver
instanceKlass org/apache/maven/plugin/DefaultPluginDescriptorCache$CacheKey
instanceKlass org/apache/maven/plugin/prefix/internal/DefaultPluginPrefixResult
instanceKlass org/apache/maven/artifact/repository/metadata/Plugin
instanceKlass org/apache/maven/artifact/repository/metadata/io/xpp3/MetadataXpp3Reader$1
instanceKlass org/apache/maven/artifact/repository/metadata/io/xpp3/MetadataXpp3Reader$ContentTransformer
instanceKlass org/apache/maven/artifact/repository/metadata/io/xpp3/MetadataXpp3Reader
instanceKlass org/eclipse/aether/repository/AuthenticationDigest
instanceKlass org/eclipse/aether/internal/impl/Utils
instanceKlass org/eclipse/aether/repository/LocalMetadataResult
instanceKlass org/eclipse/aether/repository/LocalMetadataRequest
instanceKlass org/eclipse/aether/resolution/MetadataResult
instanceKlass org/eclipse/aether/resolution/MetadataRequest
instanceKlass org/eclipse/aether/metadata/AbstractMetadata
instanceKlass org/apache/maven/plugin/prefix/DefaultPluginPrefixRequest
instanceKlass org/apache/maven/graph/FilteredProjectDependencyGraph
instanceKlass org/apache/maven/internal/aether/MavenChainedWorkspaceReader
instanceKlass org/codehaus/plexus/util/dag/TopologicalSorter
instanceKlass org/codehaus/plexus/util/dag/Vertex
instanceKlass org/codehaus/plexus/util/dag/DAG
instanceKlass org/apache/maven/project/ProjectSorter
instanceKlass org/apache/maven/graph/DefaultProjectDependencyGraph
instanceKlass org/apache/maven/project/DefaultProjectBuildingResult
instanceKlass org/apache/maven/lifecycle/mapping/DefaultLifecycleMapping$$FastClassByGuice$$175559289
instanceKlass org/apache/maven/model/merge/ModelMerger$NotifierKeyComputer
instanceKlass org/apache/maven/model/Notifier
instanceKlass java/util/stream/Streams$RangeIntSpliterator
instanceKlass org/apache/maven/model/Site
instanceKlass org/apache/maven/lifecycle/Lifecycle$__sisu8$$FastClassByGuice$$174842710
instanceKlass org/apache/maven/lifecycle/Lifecycle$__sisu7$$FastClassByGuice$$173363413
instanceKlass org/apache/maven/lifecycle/mapping/LifecycleMojo
instanceKlass org/apache/maven/lifecycle/mapping/DefaultLifecycleMapping$__sisu1$$FastClassByGuice$$172357050
instanceKlass org/apache/maven/lifecycle/mapping/Lifecycle
instanceKlass org/apache/maven/model/building/DefaultModelBuildingEvent
instanceKlass org/apache/maven/model/building/ModelBuildingEventCatapult$1
instanceKlass org/apache/maven/project/DefaultProjectBuilder$InterimResult
instanceKlass org/apache/maven/artifact/handler/DefaultArtifactHandler$__sisu13$$FastClassByGuice$$171109795
instanceKlass org/apache/maven/artifact/versioning/Restriction
instanceKlass org/apache/maven/artifact/versioning/ComparableVersion$StringItem
instanceKlass org/apache/maven/artifact/handler/DefaultArtifactHandler$__sisu9$$FastClassByGuice$$170452319
instanceKlass org/apache/maven/artifact/ArtifactUtils
instanceKlass org/apache/maven/artifact/DefaultArtifact
instanceKlass org/apache/maven/artifact/handler/DefaultArtifactHandler$$FastClassByGuice$$169011275
instanceKlass org/apache/maven/artifact/versioning/ComparableVersion$IntItem
instanceKlass org/apache/maven/artifact/versioning/ComparableVersion$Item
instanceKlass org/apache/maven/artifact/versioning/ComparableVersion
instanceKlass org/apache/maven/artifact/versioning/DefaultArtifactVersion
instanceKlass org/apache/maven/repository/internal/ArtifactDescriptorUtils
instanceKlass org/apache/maven/model/Extension
instanceKlass org/codehaus/plexus/interpolation/util/StringUtils
instanceKlass org/apache/maven/model/DistributionManagement
instanceKlass org/apache/maven/model/MailingList
instanceKlass org/apache/maven/model/Organization
instanceKlass org/apache/maven/model/Prerequisites
instanceKlass org/apache/maven/model/IssueManagement
instanceKlass org/apache/maven/model/CiManagement
instanceKlass org/codehaus/plexus/interpolation/reflection/MethodMap
instanceKlass org/codehaus/plexus/interpolation/reflection/ClassMap$CacheMiss
instanceKlass org/codehaus/plexus/interpolation/reflection/ClassMap
instanceKlass org/codehaus/plexus/interpolation/reflection/ReflectionValueExtractor$Tokenizer
instanceKlass org/codehaus/plexus/interpolation/reflection/ReflectionValueExtractor
instanceKlass org/codehaus/plexus/interpolation/util/ValueSourceUtils
instanceKlass org/apache/maven/model/interpolation/StringVisitorModelInterpolator$ModelVisitor
instanceKlass org/apache/maven/model/interpolation/StringVisitorModelInterpolator$1
instanceKlass org/codehaus/plexus/interpolation/PrefixAwareRecursionInterceptor
instanceKlass org/apache/maven/model/interpolation/UrlNormalizingPostProcessor
instanceKlass org/apache/maven/model/interpolation/PathTranslatingPostProcessor
instanceKlass java/text/DontCareFieldPosition$1
instanceKlass java/text/Format$FieldDelegate
instanceKlass org/apache/maven/model/interpolation/MavenBuildTimestamp
instanceKlass org/apache/maven/model/interpolation/ProblemDetectingValueSource
instanceKlass org/codehaus/plexus/interpolation/PrefixedValueSourceWrapper
instanceKlass org/codehaus/plexus/interpolation/FeedbackEnabledValueSource
instanceKlass org/codehaus/plexus/interpolation/AbstractDelegatingValueSource
instanceKlass org/codehaus/plexus/interpolation/QueryEnabledValueSource
instanceKlass org/apache/maven/model/merge/ModelMerger$ExtensionKeyComputer
instanceKlass org/apache/maven/model/merge/ModelMerger$ResourceKeyComputer
instanceKlass org/apache/maven/model/merge/ModelMerger$SourceDominant
instanceKlass org/apache/maven/model/merge/ModelMerger$DependencyKeyComputer
instanceKlass org/apache/maven/model/building/DefaultModelBuilder$InterpolateString
instanceKlass org/apache/maven/model/building/DefaultModelBuilder$1Interpolation
instanceKlass org/apache/maven/model/Exclusion
instanceKlass java/lang/invoke/MethodHandle$1
instanceKlass org/apache/maven/model/Scm
instanceKlass org/apache/maven/model/License
instanceKlass org/apache/maven/model/io/xpp3/MavenXpp3ReaderEx$Xpp3DomBuilderInputLocationBuilder
instanceKlass org/apache/maven/model/building/FilterModelBuildingRequest
instanceKlass java/util/AbstractMap$2$1
instanceKlass java/nio/channels/spi/AbstractInterruptibleChannel$1
instanceKlass sun/nio/ch/Interruptible
instanceKlass sun/nio/ch/FileKey
instanceKlass sun/nio/ch/FileLockTable
instanceKlass sun/nio/fs/WindowsChannelFactory$2
instanceKlass sun/nio/fs/WindowsFileSystemProvider$1
instanceKlass org/eclipse/aether/repository/LocalArtifactRequest
instanceKlass org/apache/maven/repository/internal/DefaultVersionResolver$Key
instanceKlass org/eclipse/aether/internal/impl/DefaultRepositoryEventDispatcher$1
instanceKlass org/eclipse/aether/RepositoryEvent$Builder
instanceKlass org/eclipse/aether/internal/impl/filter/PrefixesRemoteRepositoryFilterSource$1
instanceKlass org/eclipse/aether/internal/impl/filter/RemoteRepositoryFilterSourceSupport$SimpleResult
instanceKlass org/eclipse/aether/named/support/Retry$DoNotRetry
instanceKlass org/eclipse/aether/internal/impl/synccontext/named/NamedLockFactoryAdapter$AdaptedLockSyncContext
instanceKlass org/eclipse/aether/internal/impl/synccontext/named/GAVNameMapper
instanceKlass org/eclipse/aether/internal/impl/synccontext/named/NameMappers
instanceKlass org/eclipse/sisu/wire/NamedIterableAdapter$NamedEntry
instanceKlass org/eclipse/sisu/wire/NamedIterableAdapter$NamedIterator
instanceKlass org/apache/maven/project/ReactorModelPool$CacheKey
instanceKlass org/eclipse/aether/util/version/GenericVersion$Item
instanceKlass org/eclipse/aether/util/version/GenericVersion$Tokenizer
instanceKlass org/eclipse/aether/util/version/GenericVersion
instanceKlass org/eclipse/aether/util/version/GenericVersionConstraint
instanceKlass org/eclipse/aether/version/VersionConstraint
instanceKlass org/eclipse/aether/version/VersionRange
instanceKlass org/eclipse/aether/util/version/GenericVersionScheme
instanceKlass org/eclipse/aether/artifact/AbstractArtifact
instanceKlass java/util/Formattable
instanceKlass java/util/Formatter$Flags
instanceKlass java/util/Formatter$FormatSpecifier
instanceKlass java/util/Formatter$Conversion
instanceKlass java/util/Formatter$FixedString
instanceKlass java/util/Formatter$FormatString
instanceKlass java/util/Formatter
instanceKlass org/apache/maven/repository/internal/DefaultModelCache$Key
instanceKlass org/apache/maven/model/building/ModelCacheTag$2
instanceKlass org/apache/maven/model/building/ModelCacheTag$1
instanceKlass java/util/Spliterators$IteratorSpliterator
instanceKlass org/apache/maven/model/building/ModelProblemUtils
instanceKlass org/apache/maven/model/DependencyManagement
instanceKlass org/apache/maven/model/Parent
instanceKlass org/apache/maven/model/io/xpp3/MavenXpp3ReaderEx$1
instanceKlass org/apache/maven/model/io/xpp3/MavenXpp3ReaderEx$ContentTransformer
instanceKlass org/codehaus/plexus/util/xml/Xpp3DomBuilder$InputLocationBuilder
instanceKlass org/apache/maven/model/io/xpp3/MavenXpp3ReaderEx
instanceKlass org/apache/maven/model/building/ModelSource2
instanceKlass org/apache/maven/model/building/DefaultModelBuildingResult
instanceKlass org/apache/maven/model/building/AbstractModelBuildingListener
instanceKlass org/apache/maven/project/ProjectModelResolver
instanceKlass org/apache/maven/model/building/DefaultModelBuildingRequest
instanceKlass org/apache/maven/artifact/repository/LegacyLocalRepositoryManager
instanceKlass org/apache/maven/repository/internal/DefaultModelCache
instanceKlass org/apache/maven/project/DefaultProjectBuildingRequest
instanceKlass org/apache/maven/shared/utils/logging/AnsiMessageBuilder
instanceKlass org/apache/maven/lifecycle/internal/DefaultExecutionEventCatapult$1
instanceKlass org/apache/maven/lifecycle/internal/DefaultExecutionEvent
instanceKlass org/apache/maven/AbstractMavenLifecycleParticipant
instanceKlass java/util/concurrent/atomic/AtomicReference
instanceKlass org/apache/maven/session/scope/internal/SessionScope$CachingProvider
instanceKlass org/apache/maven/settings/RuntimeInfo
instanceKlass org/eclipse/aether/internal/impl/LocalPathPrefixComposerFactorySupport$LocalPathPrefixComposerSupport
instanceKlass org/eclipse/aether/internal/impl/SimpleLocalRepositoryManager
instanceKlass java/util/ArrayList$SubList$1
instanceKlass org/eclipse/aether/internal/impl/PrioritizedComponent
instanceKlass org/eclipse/sisu/wire/EntrySetAdapter$ValueIterator
instanceKlass org/eclipse/aether/internal/impl/PrioritizedComponents
instanceKlass org/eclipse/aether/repository/RemoteRepository$Builder
instanceKlass java/net/spi/URLStreamHandlerProvider
instanceKlass java/net/URL$1
instanceKlass java/net/URL$2
instanceKlass org/eclipse/aether/util/ConfigUtils
instanceKlass org/eclipse/aether/AbstractRepositoryListener
instanceKlass org/eclipse/aether/util/repository/DefaultAuthenticationSelector
instanceKlass org/eclipse/aether/util/repository/DefaultProxySelector
instanceKlass org/eclipse/aether/util/repository/DefaultMirrorSelector$MirrorDef
instanceKlass org/eclipse/aether/util/repository/DefaultMirrorSelector
instanceKlass org/apache/maven/settings/crypto/DefaultSettingsDecryptionResult
instanceKlass org/apache/maven/settings/crypto/DefaultSettingsDecryptionRequest
instanceKlass org/apache/maven/RepositoryUtils$MavenArtifactTypeRegistry
instanceKlass org/apache/maven/RepositoryUtils
instanceKlass org/eclipse/aether/util/repository/SimpleResolutionErrorPolicy
instanceKlass org/eclipse/aether/util/repository/SimpleArtifactDescriptorPolicy
instanceKlass org/eclipse/aether/artifact/DefaultArtifactType
instanceKlass org/eclipse/aether/util/artifact/SimpleArtifactTypeRegistry
instanceKlass org/eclipse/aether/util/graph/transformer/JavaDependencyContextRefiner
instanceKlass org/eclipse/aether/util/graph/transformer/ChainedDependencyGraphTransformer
instanceKlass org/eclipse/aether/util/graph/transformer/ConflictResolver
instanceKlass org/eclipse/aether/graph/Exclusion
instanceKlass org/eclipse/aether/util/graph/selector/ExclusionDependencySelector
instanceKlass org/eclipse/aether/util/graph/selector/OptionalDependencySelector
instanceKlass org/eclipse/aether/util/graph/selector/ScopeDependencySelector
instanceKlass org/eclipse/aether/util/graph/selector/AndDependencySelector
instanceKlass org/eclipse/aether/util/graph/manager/ClassicDependencyManager
instanceKlass org/eclipse/aether/util/graph/traverser/FatArtifactTraverser
instanceKlass org/eclipse/aether/DefaultSessionData
instanceKlass org/eclipse/aether/DefaultRepositorySystemSession$NullFileTransformerManager
instanceKlass org/eclipse/aether/transform/FileTransformerManager
instanceKlass org/eclipse/aether/DefaultRepositorySystemSession$NullArtifactTypeRegistry
instanceKlass org/eclipse/aether/DefaultRepositorySystemSession$NullAuthenticationSelector
instanceKlass org/eclipse/aether/DefaultRepositorySystemSession$NullProxySelector
instanceKlass org/eclipse/aether/DefaultRepositorySystemSession$NullMirrorSelector
instanceKlass org/eclipse/aether/SessionData
instanceKlass org/eclipse/aether/artifact/ArtifactTypeRegistry
instanceKlass org/eclipse/aether/collection/DependencyGraphTransformer
instanceKlass org/eclipse/aether/util/graph/transformer/ConflictResolver$VersionSelector
instanceKlass org/eclipse/aether/util/graph/transformer/ConflictResolver$ScopeSelector
instanceKlass org/eclipse/aether/util/graph/transformer/ConflictResolver$OptionalitySelector
instanceKlass org/eclipse/aether/util/graph/transformer/ConflictResolver$ScopeDeriver
instanceKlass org/apache/maven/repository/internal/MavenRepositorySystemUtils
instanceKlass org/apache/maven/execution/DefaultMavenExecutionResult
instanceKlass org/apache/maven/artifact/repository/MavenArtifactRepository
instanceKlass org/apache/maven/artifact/repository/layout/ArtifactRepositoryLayout2
instanceKlass org/apache/maven/artifact/repository/layout/DefaultRepositoryLayout$$FastClassByGuice$$168121243
instanceKlass org/apache/maven/execution/AbstractExecutionListener
instanceKlass java/util/concurrent/ForkJoinPool$WorkQueue
instanceKlass java/util/concurrent/ForkJoinPool$DefaultCommonPoolForkJoinWorkerThreadFactory
instanceKlass java/util/concurrent/ForkJoinPool$1
instanceKlass java/util/concurrent/ForkJoinPool$DefaultForkJoinWorkerThreadFactory
instanceKlass java/util/concurrent/ForkJoinPool$ForkJoinWorkerThreadFactory
instanceKlass java/util/concurrent/AbstractExecutorService
instanceKlass java/util/concurrent/ExecutorService
instanceKlass java/util/concurrent/locks/AbstractQueuedSynchronizer$Node
instanceKlass java/util/concurrent/ForkJoinPool$ManagedBlocker
instanceKlass org/apache/maven/cli/transfer/SimplexTransferListener$Exchange
instanceKlass org/eclipse/aether/transfer/AbstractTransferListener
instanceKlass org/apache/maven/toolchain/building/DefaultToolchainsBuildingResult
instanceKlass org/apache/maven/toolchain/building/DefaultToolchainsBuilder$1
instanceKlass org/apache/maven/toolchain/model/io/xpp3/MavenToolchainsXpp3Writer
instanceKlass org/apache/maven/toolchain/model/io/xpp3/MavenToolchainsXpp3Reader$1
instanceKlass org/apache/maven/toolchain/model/io/xpp3/MavenToolchainsXpp3Reader$ContentTransformer
instanceKlass org/apache/maven/toolchain/model/io/xpp3/MavenToolchainsXpp3Reader
instanceKlass org/apache/maven/building/DefaultProblemCollector
instanceKlass org/apache/maven/building/ProblemCollectorFactory
instanceKlass org/apache/maven/toolchain/building/DefaultToolchainsBuildingRequest
instanceKlass org/apache/maven/settings/building/DefaultSettingsBuildingResult
instanceKlass org/apache/maven/settings/building/DefaultSettingsBuilder$1
instanceKlass org/codehaus/plexus/interpolation/os/OperatingSystemUtils$DefaultEnvVarSource
instanceKlass org/codehaus/plexus/interpolation/os/OperatingSystemUtils$EnvVarSource
instanceKlass org/codehaus/plexus/interpolation/os/OperatingSystemUtils
instanceKlass org/codehaus/plexus/util/xml/pull/MXSerializer
instanceKlass org/codehaus/plexus/util/xml/pull/XmlSerializer
instanceKlass org/apache/maven/settings/io/xpp3/SettingsXpp3Writer
instanceKlass org/codehaus/plexus/util/xml/pull/EntityReplacementMap
instanceKlass org/apache/maven/settings/io/xpp3/SettingsXpp3Reader$1
instanceKlass org/apache/maven/settings/io/xpp3/SettingsXpp3Reader$ContentTransformer
instanceKlass org/apache/maven/settings/io/xpp3/SettingsXpp3Reader
instanceKlass org/apache/maven/building/FileSource
instanceKlass org/apache/maven/settings/building/DefaultSettingsBuildingRequest
instanceKlass org/apache/maven/graph/DefaultGraphBuilder$$FastClassByGuice$$167399705
instanceKlass sun/security/provider/EntropySource
instanceKlass sun/security/provider/AbstractDrbg
instanceKlass java/security/DrbgParameters$Instantiation
instanceKlass java/security/DrbgParameters
instanceKlass sun/security/provider/MoreDrbgParameters
instanceKlass java/security/SecureRandomSpi
instanceKlass java/security/SecureRandomParameters
instanceKlass jdk/internal/event/Event
instanceKlass sun/security/util/SecurityProviderConstants
instanceKlass java/security/Provider$UString
instanceKlass java/security/Provider$Service
instanceKlass sun/security/provider/NativePRNG$NonBlocking
instanceKlass sun/security/provider/NativePRNG$Blocking
instanceKlass sun/security/provider/NativePRNG
instanceKlass sun/security/provider/SunEntries$1
instanceKlass sun/security/provider/SunEntries
instanceKlass sun/security/util/SecurityConstants
instanceKlass sun/security/jca/ProviderList$2
instanceKlass jdk/internal/math/FloatingDecimal$ASCIIToBinaryBuffer
instanceKlass java/security/Provider$EngineDescription
instanceKlass java/security/Provider$ServiceKey
instanceKlass sun/security/jca/ProviderConfig
instanceKlass sun/security/jca/ProviderList
instanceKlass sun/security/jca/Providers
instanceKlass java/security/Key
instanceKlass java/security/spec/AlgorithmParameterSpec
instanceKlass jdk/internal/math/FDBigInteger
instanceKlass jdk/internal/math/FloatingDecimal$PreparedASCIIToBinaryBuffer
instanceKlass jdk/internal/math/FloatingDecimal$ASCIIToBinaryConverter
instanceKlass jdk/internal/math/FloatingDecimal$BinaryToASCIIBuffer
instanceKlass jdk/internal/math/FloatingDecimal$ExceptionalBinaryToASCIIBuffer
instanceKlass jdk/internal/math/FloatingDecimal$BinaryToASCIIConverter
instanceKlass jdk/internal/math/FloatingDecimal
instanceKlass org/apache/maven/plugin/prefix/internal/DefaultPluginPrefixResolver$$FastClassByGuice$$166067286
instanceKlass org/apache/maven/plugin/CompoundMojoExecutionListener
instanceKlass org/apache/maven/plugin/internal/DefaultLegacySupport$$FastClassByGuice$$164825257
instanceKlass org/apache/maven/plugin/DefaultBuildPluginManager$$FastClassByGuice$$163721076
instanceKlass org/apache/maven/lifecycle/internal/DefaultLifecycleTaskSegmentCalculator$$FastClassByGuice$$162724296
instanceKlass org/apache/maven/lifecycle/internal/DefaultExecutionEventCatapult$$FastClassByGuice$$161895183
instanceKlass org/apache/maven/project/DefaultProjectDependenciesResolver$$FastClassByGuice$$161193430
instanceKlass org/apache/maven/project/RepositorySessionDecorator
instanceKlass org/apache/maven/plugin/DefaultPluginArtifactsCache$$FastClassByGuice$$159904743
instanceKlass com/google/inject/internal/DelegatingInvocationHandler
instanceKlass org/apache/maven/artifact/repository/metadata/io/DefaultMetadataReader$$FastClassByGuice$$158355816
instanceKlass org/apache/maven/plugin/version/internal/DefaultPluginVersionResolver$$FastClassByGuice$$157699326
instanceKlass org/apache/maven/plugin/DefaultExtensionRealmCache$$FastClassByGuice$$156431785
instanceKlass org/apache/maven/rtinfo/internal/DefaultRuntimeInformation$$FastClassByGuice$$155982673
instanceKlass org/eclipse/aether/artifact/ArtifactType
instanceKlass org/eclipse/sisu/wire/NamedIterableAdapter
instanceKlass org/eclipse/aether/internal/impl/DefaultUpdateCheckManager$1
instanceKlass org/apache/maven/plugin/DefaultPluginRealmCache$$FastClassByGuice$$154968107
instanceKlass org/apache/maven/plugin/DefaultPluginDescriptorCache$$FastClassByGuice$$153214225
instanceKlass org/apache/maven/plugin/internal/DefaultMavenPluginManager$$FastClassByGuice$$152675768
instanceKlass org/apache/maven/artifact/handler/manager/DefaultArtifactHandlerManager$$FastClassByGuice$$151667778
instanceKlass org/apache/maven/project/DefaultProjectRealmCache$$FastClassByGuice$$149996566
instanceKlass org/codehaus/plexus/classworlds/realm/Entry
instanceKlass java/util/Random
instanceKlass java/util/random/RandomGenerator
instanceKlass org/eclipse/sisu/inject/Guice4$2
instanceKlass org/apache/maven/project/DefaultProjectBuildingHelper$$FastClassByGuice$$149547035
instanceKlass org/apache/maven/lifecycle/internal/DefaultLifecyclePluginAnalyzer$$FastClassByGuice$$147881699
instanceKlass org/apache/maven/model/plugin/DefaultLifecycleBindingsInjector$$FastClassByGuice$$147027344
instanceKlass org/apache/maven/model/Contributor
instanceKlass org/apache/maven/model/PatternSet
instanceKlass org/apache/maven/model/merge/ModelMerger$KeyComputer
instanceKlass org/apache/maven/model/merge/ModelMerger$Remapping
instanceKlass org/apache/maven/project/DefaultProjectBuilder$$FastClassByGuice$$145780562
instanceKlass org/apache/maven/DefaultMaven$$FastClassByGuice$$145304761
instanceKlass org/apache/maven/cli/event/DefaultEventSpyContext
instanceKlass org/eclipse/sisu/wire/EntryListAdapter$ValueIterator
instanceKlass org/apache/maven/cli/logging/Slf4jLogger
instanceKlass org/eclipse/sisu/inject/LazyBeanEntry$JsrNamed
instanceKlass org/eclipse/sisu/inject/LazyBeanEntry
instanceKlass javax/annotation/Priority
instanceKlass org/eclipse/sisu/inject/Implementations
instanceKlass org/eclipse/sisu/plexus/LazyPlexusBean
instanceKlass org/eclipse/sisu/inject/RankedSequence$Itr
instanceKlass org/eclipse/sisu/inject/RankedBindings$Itr
instanceKlass org/eclipse/sisu/inject/LocatedBeans$Itr
instanceKlass org/eclipse/sisu/plexus/RealmFilteredBeans$FilteredItr
instanceKlass org/eclipse/sisu/plexus/DefaultPlexusBeans$Itr
instanceKlass org/eclipse/sisu/plexus/DefaultPlexusBeans
instanceKlass org/eclipse/sisu/plexus/RealmFilteredBeans
instanceKlass org/eclipse/sisu/inject/BeanCache
instanceKlass org/eclipse/sisu/inject/LocatedBeans
instanceKlass org/eclipse/sisu/inject/MildElements$Indexable
instanceKlass com/google/inject/internal/ProviderInternalFactory$1
instanceKlass com/google/inject/internal/ConstructorInjector$1
instanceKlass org/eclipse/sisu/inject/WatchedBeans
instanceKlass org/eclipse/sisu/inject/MildValues$ValueItr
instanceKlass org/eclipse/sisu/inject/InjectorBindings
instanceKlass com/google/inject/spi/ProvisionListener$ProvisionInvocation
instanceKlass com/google/inject/internal/MembersInjectorImpl$1
instanceKlass com/google/inject/internal/InternalContext
instanceKlass com/google/inject/internal/Initializer$1
instanceKlass com/google/common/collect/AbstractMapBasedMultimap$AsMap$AsMapIterator
instanceKlass com/google/inject/internal/SingleMethodInjector$1
instanceKlass org/codehaus/plexus/DefaultPlexusContainer$$FastClassByGuice$$144046243
instanceKlass com/google/inject/internal/SingleMethodInjector$2
instanceKlass com/google/inject/internal/InjectorImpl$MethodInvoker
instanceKlass com/google/inject/internal/SingleMethodInjector
instanceKlass org/sonatype/plexus/components/sec/dispatcher/DefaultSecDispatcher$$FastClassByGuice$$143639930
instanceKlass org/sonatype/plexus/components/cipher/DefaultPlexusCipher$$FastClassByGuice$$141903198
instanceKlass org/codehaus/plexus/component/configurator/MapOrientedComponentConfigurator$$FastClassByGuice$$141288217
instanceKlass org/codehaus/plexus/component/configurator/BasicComponentConfigurator$$FastClassByGuice$$140039520
instanceKlass org/apache/maven/settings/validation/DefaultSettingsValidator$$FastClassByGuice$$138511250
instanceKlass org/apache/maven/settings/io/DefaultSettingsWriter$$FastClassByGuice$$137877295
instanceKlass org/apache/maven/settings/io/DefaultSettingsReader$$FastClassByGuice$$136522089
instanceKlass org/apache/maven/settings/crypto/DefaultSettingsDecrypter$$FastClassByGuice$$135995687
instanceKlass org/apache/maven/settings/building/DefaultSettingsBuilder$$FastClassByGuice$$134355863
instanceKlass org/eclipse/aether/transport/wagon/WagonTransporterFactory$$FastClassByGuice$$134036506
instanceKlass org/eclipse/aether/internal/transport/wagon/PlexusWagonProvider$$FastClassByGuice$$132526799
instanceKlass org/eclipse/aether/internal/transport/wagon/PlexusWagonConfigurator$$FastClassByGuice$$131411096
instanceKlass org/eclipse/aether/transport/http/XChecksumChecksumExtractor$$FastClassByGuice$$130759281
instanceKlass org/eclipse/aether/transport/http/Nexus2ChecksumExtractor$$FastClassByGuice$$129271261
instanceKlass org/eclipse/aether/transport/http/HttpTransporterFactory$$FastClassByGuice$$128498557
instanceKlass org/eclipse/aether/transport/file/FileTransporterFactory$$FastClassByGuice$$127168861
instanceKlass org/apache/maven/repository/internal/VersionsMetadataGeneratorFactory$$FastClassByGuice$$126233687
instanceKlass org/apache/maven/repository/internal/SnapshotMetadataGeneratorFactory$$FastClassByGuice$$125342972
instanceKlass org/apache/maven/repository/internal/PluginsMetadataGeneratorFactory$$FastClassByGuice$$124744234
instanceKlass org/apache/maven/repository/internal/DefaultVersionResolver$$FastClassByGuice$$123651634
instanceKlass org/apache/maven/repository/internal/DefaultVersionRangeResolver$$FastClassByGuice$$122570656
instanceKlass org/apache/maven/repository/internal/DefaultModelCacheFactory$$FastClassByGuice$$120788736
instanceKlass org/apache/maven/repository/internal/DefaultArtifactDescriptorReader$$FastClassByGuice$$119846840
instanceKlass org/eclipse/aether/named/providers/NoopNamedLockFactory$$FastClassByGuice$$119259784
instanceKlass org/eclipse/aether/named/providers/LocalSemaphoreNamedLockFactory$$FastClassByGuice$$118454181
instanceKlass org/eclipse/aether/named/providers/LocalReadWriteLockNamedLockFactory$$FastClassByGuice$$117366972
instanceKlass org/eclipse/aether/named/providers/FileLockNamedLockFactory$$FastClassByGuice$$115620801
instanceKlass org/eclipse/aether/internal/impl/synccontext/named/providers/StaticNameMapperProvider$$FastClassByGuice$$115192949
instanceKlass org/eclipse/aether/internal/impl/synccontext/named/providers/GAVNameMapperProvider$$FastClassByGuice$$113484285
instanceKlass org/eclipse/aether/internal/impl/synccontext/named/providers/GAECVNameMapperProvider$$FastClassByGuice$$113187027
instanceKlass org/eclipse/aether/internal/impl/synccontext/named/providers/FileStaticNameMapperProvider$$FastClassByGuice$$112100945
instanceKlass org/eclipse/aether/internal/impl/synccontext/named/providers/FileHashingGAVNameMapperProvider$$FastClassByGuice$$110306739
instanceKlass org/eclipse/aether/internal/impl/synccontext/named/providers/FileHashingGAECVNameMapperProvider$$FastClassByGuice$$109203601
instanceKlass org/eclipse/aether/internal/impl/synccontext/named/providers/FileGAVNameMapperProvider$$FastClassByGuice$$108118272
instanceKlass org/eclipse/aether/internal/impl/synccontext/named/providers/FileGAECVNameMapperProvider$$FastClassByGuice$$107131313
instanceKlass org/eclipse/aether/internal/impl/synccontext/named/providers/DiscriminatingNameMapperProvider$$FastClassByGuice$$106731116
instanceKlass org/eclipse/aether/internal/impl/synccontext/named/NamedLockFactoryAdapterFactoryImpl$$FastClassByGuice$$105338217
instanceKlass org/eclipse/aether/internal/impl/synccontext/legacy/DefaultSyncContextFactory$$FastClassByGuice$$104493070
instanceKlass org/eclipse/aether/internal/impl/synccontext/DefaultSyncContextFactory$$FastClassByGuice$$103700328
instanceKlass org/eclipse/aether/internal/impl/resolution/TrustedChecksumsArtifactResolverPostProcessor$$FastClassByGuice$$101946664
instanceKlass org/eclipse/aether/internal/impl/filter/PrefixesRemoteRepositoryFilterSource$$FastClassByGuice$$101061309
instanceKlass org/eclipse/aether/internal/impl/filter/GroupIdRemoteRepositoryFilterSource$$FastClassByGuice$$99662924
instanceKlass org/eclipse/aether/internal/impl/filter/DefaultRemoteRepositoryFilterManager$$FastClassByGuice$$99132572
instanceKlass org/eclipse/aether/internal/impl/collect/df/DfDependencyCollector$$FastClassByGuice$$97979968
instanceKlass org/eclipse/aether/internal/impl/collect/bf/BfDependencyCollector$$FastClassByGuice$$96551917
instanceKlass org/eclipse/aether/internal/impl/collect/DefaultDependencyCollector$$FastClassByGuice$$96021731
instanceKlass org/eclipse/aether/internal/impl/checksum/TrustedToProvidedChecksumsSourceAdapter$$FastClassByGuice$$95347408
instanceKlass org/eclipse/aether/internal/impl/checksum/SummaryFileTrustedChecksumsSource$$FastClassByGuice$$93392686
instanceKlass org/eclipse/aether/internal/impl/checksum/SparseDirectoryTrustedChecksumsSource$$FastClassByGuice$$93302545
instanceKlass org/eclipse/aether/internal/impl/checksum/Sha512ChecksumAlgorithmFactory$$FastClassByGuice$$91247462
instanceKlass org/eclipse/aether/internal/impl/checksum/Sha256ChecksumAlgorithmFactory$$FastClassByGuice$$91023341
instanceKlass org/eclipse/aether/internal/impl/checksum/Sha1ChecksumAlgorithmFactory$$FastClassByGuice$$89513721
instanceKlass org/eclipse/aether/internal/impl/checksum/Md5ChecksumAlgorithmFactory$$FastClassByGuice$$89043420
instanceKlass org/eclipse/aether/internal/impl/checksum/DefaultChecksumAlgorithmFactorySelector$$FastClassByGuice$$87269405
instanceKlass org/eclipse/aether/internal/impl/SimpleLocalRepositoryManagerFactory$$FastClassByGuice$$86184797
instanceKlass org/eclipse/aether/internal/impl/Maven2RepositoryLayoutFactory$$FastClassByGuice$$85139627
instanceKlass org/eclipse/aether/internal/impl/LoggerFactoryProvider$$FastClassByGuice$$84582973
instanceKlass org/eclipse/aether/internal/impl/EnhancedLocalRepositoryManagerFactory$$FastClassByGuice$$83348592
instanceKlass org/eclipse/aether/internal/impl/DefaultUpdatePolicyAnalyzer$$FastClassByGuice$$82440124
instanceKlass org/eclipse/aether/internal/impl/DefaultUpdateCheckManager$$FastClassByGuice$$80975078
instanceKlass org/eclipse/aether/internal/impl/DefaultTransporterProvider$$FastClassByGuice$$79812861
instanceKlass org/eclipse/aether/internal/impl/DefaultTrackingFileManager$$FastClassByGuice$$79508973
instanceKlass org/eclipse/aether/internal/impl/DefaultRepositorySystemLifecycle$$FastClassByGuice$$77998302
instanceKlass org/eclipse/aether/internal/impl/DefaultRepositorySystem$$FastClassByGuice$$77420574
instanceKlass org/eclipse/aether/internal/impl/DefaultRepositoryLayoutProvider$$FastClassByGuice$$75873244
instanceKlass org/eclipse/aether/internal/impl/DefaultRepositoryEventDispatcher$$FastClassByGuice$$74633345
instanceKlass org/eclipse/aether/internal/impl/DefaultRepositoryConnectorProvider$$FastClassByGuice$$73980304
instanceKlass org/eclipse/aether/internal/impl/DefaultRemoteRepositoryManager$$FastClassByGuice$$73234641
instanceKlass org/eclipse/aether/internal/impl/DefaultOfflineController$$FastClassByGuice$$71725672
instanceKlass org/eclipse/aether/internal/impl/DefaultMetadataResolver$$FastClassByGuice$$70463543
instanceKlass org/eclipse/aether/internal/impl/DefaultLocalRepositoryProvider$$FastClassByGuice$$69972203
instanceKlass org/eclipse/aether/internal/impl/DefaultLocalPathPrefixComposerFactory$$FastClassByGuice$$68744994
instanceKlass org/eclipse/aether/internal/impl/DefaultLocalPathComposer$$FastClassByGuice$$67509937
instanceKlass org/eclipse/aether/internal/impl/DefaultInstaller$$FastClassByGuice$$66715010
instanceKlass org/eclipse/aether/internal/impl/DefaultFileProcessor$$FastClassByGuice$$65032540
instanceKlass org/eclipse/aether/internal/impl/DefaultDeployer$$FastClassByGuice$$64680482
instanceKlass org/eclipse/aether/internal/impl/DefaultChecksumPolicyProvider$$FastClassByGuice$$63164978
instanceKlass org/eclipse/aether/internal/impl/DefaultArtifactResolver$$FastClassByGuice$$62526019
instanceKlass org/eclipse/aether/connector/basic/BasicRepositoryConnectorFactory$$FastClassByGuice$$61832486
instanceKlass org/apache/maven/model/validation/DefaultModelValidator$$FastClassByGuice$$60005942
instanceKlass org/apache/maven/model/superpom/DefaultSuperPomProvider$$FastClassByGuice$$59466161
instanceKlass org/apache/maven/model/profile/activation/PropertyProfileActivator$$FastClassByGuice$$58237996
instanceKlass org/apache/maven/model/profile/activation/OperatingSystemProfileActivator$$FastClassByGuice$$57445577
instanceKlass org/apache/maven/model/profile/activation/JdkVersionProfileActivator$$FastClassByGuice$$55668890
instanceKlass org/apache/maven/model/profile/activation/FileProfileActivator$$FastClassByGuice$$54601875
instanceKlass org/apache/maven/model/profile/DefaultProfileSelector$$FastClassByGuice$$53557815
instanceKlass org/apache/maven/model/profile/DefaultProfileInjector$$FastClassByGuice$$52763804
instanceKlass org/apache/maven/model/plugin/DefaultReportingConverter$$FastClassByGuice$$51863165
instanceKlass org/apache/maven/model/plugin/DefaultReportConfigurationExpander$$FastClassByGuice$$50887212
instanceKlass org/apache/maven/model/plugin/DefaultPluginConfigurationExpander$$FastClassByGuice$$49514208
instanceKlass org/apache/maven/model/path/ProfileActivationFilePathInterpolator$$FastClassByGuice$$49037272
instanceKlass org/apache/maven/model/path/DefaultUrlNormalizer$$FastClassByGuice$$48201973
instanceKlass org/apache/maven/model/path/DefaultPathTranslator$$FastClassByGuice$$46661540
instanceKlass org/apache/maven/model/path/DefaultModelUrlNormalizer$$FastClassByGuice$$45824890
instanceKlass org/apache/maven/model/path/DefaultModelPathTranslator$$FastClassByGuice$$44980759
instanceKlass org/apache/maven/model/normalization/DefaultModelNormalizer$$FastClassByGuice$$43800499
instanceKlass org/apache/maven/model/management/DefaultPluginManagementInjector$$FastClassByGuice$$42458226
instanceKlass org/apache/maven/model/management/DefaultDependencyManagementInjector$$FastClassByGuice$$41198052
instanceKlass org/apache/maven/model/locator/DefaultModelLocator$$FastClassByGuice$$40123043
instanceKlass org/apache/maven/model/io/DefaultModelWriter$$FastClassByGuice$$39352608
instanceKlass org/apache/maven/model/io/DefaultModelReader$$FastClassByGuice$$38143710
instanceKlass org/apache/maven/model/interpolation/StringVisitorModelInterpolator$$FastClassByGuice$$36932578
instanceKlass org/apache/maven/model/interpolation/DefaultModelVersionProcessor$$FastClassByGuice$$36255108
instanceKlass org/apache/maven/model/inheritance/DefaultInheritanceAssembler$$FastClassByGuice$$34817274
instanceKlass org/apache/maven/model/composition/DefaultDependencyManagementImporter$$FastClassByGuice$$34469991
instanceKlass org/apache/maven/model/building/DefaultModelProcessor$$FastClassByGuice$$33527093
instanceKlass org/apache/maven/model/building/DefaultModelBuilder$$FastClassByGuice$$32372524
instanceKlass org/apache/maven/cli/internal/BootstrapCoreExtensionManager$$FastClassByGuice$$30831389
instanceKlass org/apache/maven/cli/configuration/SettingsXmlConfigurationProcessor$$FastClassByGuice$$30331280
instanceKlass org/apache/maven/toolchain/io/DefaultToolchainsWriter$$FastClassByGuice$$28501003
instanceKlass org/apache/maven/toolchain/io/DefaultToolchainsReader$$FastClassByGuice$$28192156
instanceKlass org/apache/maven/toolchain/building/DefaultToolchainsBuilder$$FastClassByGuice$$26452411
instanceKlass org/apache/maven/plugin/internal/MavenPluginMavenPrerequisiteChecker$$FastClassByGuice$$25238367
instanceKlass org/apache/maven/plugin/internal/MavenPluginJavaPrerequisiteChecker$$FastClassByGuice$$24129626
instanceKlass org/apache/maven/plugin/internal/DefaultPluginValidationManager$$FastClassByGuice$$23902642
instanceKlass org/apache/maven/plugin/DefaultMojosExecutionStrategy$$FastClassByGuice$$22199353
instanceKlass org/apache/maven/lifecycle/internal/LifecycleDependencyResolver$$FastClassByGuice$$21347814
instanceKlass org/apache/maven/lifecycle/internal/DefaultProjectArtifactFactory$$FastClassByGuice$$20944049
instanceKlass org/apache/maven/internal/secdispatcher/SecDispatcherProvider$$FastClassByGuice$$19523502
instanceKlass org/apache/maven/internal/aether/ResolverLifecycle$$FastClassByGuice$$18352055
instanceKlass com/google/inject/internal/InjectorImpl$SyntheticProviderBindingImpl$1
instanceKlass com/google/inject/internal/InjectorImpl$1
instanceKlass org/apache/maven/internal/aether/DefaultRepositorySystemSessionFactory$$FastClassByGuice$$17769969
instanceKlass com/google/inject/internal/SingleFieldInjector
instanceKlass org/apache/maven/extension/internal/CoreExportsProvider$$FastClassByGuice$$15909640
instanceKlass org/apache/maven/execution/DefaultMavenExecutionRequestPopulator$$FastClassByGuice$$14707096
instanceKlass org/apache/maven/classrealm/DefaultClassRealmManager$$FastClassByGuice$$14329066
instanceKlass org/apache/maven/DefaultArtifactFilterManager$$FastClassByGuice$$13361669
instanceKlass com/google/inject/internal/SingleParameterInjector
instanceKlass com/google/inject/internal/DefaultConstructionProxyFactory$ReflectiveProxy
instanceKlass org/apache/maven/lifecycle/internal/LifecycleModuleBuilder$$FastClassByGuice$$12136234
instanceKlass org/apache/maven/lifecycle/internal/MojoDescriptorCreator$$FastClassByGuice$$10754134
instanceKlass org/apache/maven/lifecycle/internal/BuildListCalculator$$FastClassByGuice$$10136891
instanceKlass org/apache/maven/eventspy/internal/EventSpyDispatcher$$FastClassByGuice$$8514767
instanceKlass org/eclipse/sisu/bean/BeanPropertySetter
instanceKlass org/eclipse/sisu/PreDestroy
instanceKlass org/eclipse/sisu/PostConstruct
instanceKlass org/apache/maven/lifecycle/internal/LifecycleStarter$$FastClassByGuice$$7396981
instanceKlass org/apache/maven/lifecycle/Lifecycle$$FastClassByGuice$$7287121
instanceKlass org/eclipse/sisu/plexus/PlexusConfigurations$ConfigurationProvider
instanceKlass org/apache/maven/lifecycle/internal/builder/BuilderCommon$$FastClassByGuice$$6132438
instanceKlass org/apache/maven/lifecycle/internal/LifecycleDebugLogger$$FastClassByGuice$$4840943
instanceKlass org/apache/maven/lifecycle/internal/MojoExecutor$$FastClassByGuice$$4159002
instanceKlass org/apache/maven/lifecycle/internal/LifecyclePluginResolver$$FastClassByGuice$$2645207
instanceKlass org/apache/maven/lifecycle/DefaultLifecycles$$FastClassByGuice$$1291812
instanceKlass com/google/inject/internal/ProxyFactory
instanceKlass com/google/common/collect/TransformedIterator
instanceKlass com/google/inject/spi/InterceptorBinding
instanceKlass com/google/inject/internal/MethodAspect
instanceKlass com/google/inject/internal/MembersInjectorImpl
instanceKlass org/eclipse/sisu/bean/BeanInjector
instanceKlass org/eclipse/sisu/plexus/PlexusLifecycleManager$2
instanceKlass org/eclipse/sisu/bean/PropertyBinder$1
instanceKlass org/eclipse/sisu/plexus/ProvidedPropertyBinding
instanceKlass org/eclipse/sisu/plexus/PlexusRequirements$AbstractRequirementProvider
instanceKlass org/eclipse/sisu/bean/BeanPropertyField
instanceKlass org/eclipse/sisu/bean/DeclaredMembers$MemberIterator
instanceKlass org/eclipse/sisu/bean/BeanPropertyIterator
instanceKlass org/eclipse/sisu/bean/DeclaredMembers
instanceKlass org/eclipse/sisu/bean/IgnoreSetters
instanceKlass org/eclipse/sisu/bean/BeanProperties
instanceKlass org/eclipse/sisu/plexus/PlexusRequirements
instanceKlass org/eclipse/sisu/plexus/PlexusConfigurations
instanceKlass org/eclipse/sisu/plexus/PlexusPropertyBinder
instanceKlass org/eclipse/sisu/bean/BeanLifecycle
instanceKlass com/google/inject/internal/EncounterImpl
instanceKlass org/apache/maven/execution/scope/internal/MojoExecutionScope$2
instanceKlass com/google/inject/internal/ProviderInternalFactory
instanceKlass com/google/inject/internal/InternalProviderInstanceBindingImpl$Factory
instanceKlass com/google/inject/internal/FactoryProxy
instanceKlass com/google/inject/internal/InternalFactoryToProviderAdapter
instanceKlass com/google/inject/internal/ConstructionContext
instanceKlass com/google/inject/internal/SingletonScope$1
instanceKlass com/google/inject/internal/ProviderToInternalFactoryAdapter
instanceKlass com/google/inject/internal/CycleDetectingLock$CycleDetectingLockFactory$ReentrantCycleDetectingLock
instanceKlass com/google/inject/internal/Initializer$InjectableReference
instanceKlass com/google/inject/internal/ProvisionListenerStackCallback
instanceKlass com/google/common/cache/LocalCache$AbstractReferenceEntry
instanceKlass com/google/inject/internal/ProvisionListenerCallbackStore$KeyBinding
instanceKlass com/google/inject/internal/util/Classes
instanceKlass com/google/inject/spi/ExposedBinding
instanceKlass com/google/inject/internal/CreationListener
instanceKlass com/google/inject/internal/InjectorShell$LoggerFactory
instanceKlass com/google/inject/internal/InjectorShell$InjectorFactory
instanceKlass com/google/inject/internal/Initializables$1
instanceKlass com/google/inject/internal/Initializables
instanceKlass com/google/inject/internal/ConstantFactory
instanceKlass com/google/inject/internal/InjectorShell
instanceKlass com/google/inject/internal/ProvisionListenerCallbackStore
instanceKlass com/google/inject/spi/TypeEncounter
instanceKlass com/google/inject/internal/SingleMemberInjector
instanceKlass com/google/inject/internal/MembersInjectorStore
instanceKlass com/google/inject/internal/TypeConverterBindingProcessor$4
instanceKlass com/google/inject/internal/TypeConverterBindingProcessor$2
instanceKlass com/google/inject/internal/TypeConverterBindingProcessor$1
instanceKlass com/google/inject/internal/TypeConverterBindingProcessor$5
instanceKlass com/google/inject/internal/FailableCache
instanceKlass com/google/inject/internal/ConstructorInjectorStore
instanceKlass com/google/inject/internal/DeferredLookups
instanceKlass com/google/inject/spi/ProviderBinding
instanceKlass com/google/inject/spi/ConvertedConstantBinding
instanceKlass com/google/inject/internal/InjectorImpl
instanceKlass com/google/inject/internal/Lookups
instanceKlass com/google/inject/internal/InjectorImpl$InjectorOptions
instanceKlass com/google/inject/internal/ProvisionListenerStackCallback$ProvisionCallback
instanceKlass com/google/inject/internal/ConstructorInjector
instanceKlass com/google/inject/internal/DefaultConstructionProxyFactory$FastClassProxy
instanceKlass com/google/inject/internal/aop/ImmutableStringTrie
instanceKlass java/util/function/ToIntFunction
instanceKlass jdk/internal/reflect/UnsafeFieldAccessorFactory
instanceKlass org/apache/maven/plugin/internal/DefaultPluginDependenciesResolver$$FastClassByGuice$$131496
instanceKlass com/google/inject/internal/aop/ChildClassDefiner$ChildLoaderCacheHolder
instanceKlass com/google/inject/internal/aop/BytecodeTasks
instanceKlass org/objectweb/asm/Handle
instanceKlass org/objectweb/asm/Label
instanceKlass org/objectweb/asm/Type
instanceKlass com/google/inject/internal/aop/AbstractGlueGenerator
instanceKlass com/google/inject/internal/aop/UnsafeClassDefiner
instanceKlass com/google/inject/internal/aop/ChildClassDefiner
instanceKlass com/google/inject/internal/aop/ClassDefining$ClassDefinerHolder
instanceKlass com/google/inject/internal/aop/ClassDefiner
instanceKlass com/google/inject/internal/aop/ClassDefining
instanceKlass com/google/inject/internal/BytecodeGen$EnhancerBuilder
instanceKlass com/google/inject/internal/aop/ClassBuilding
instanceKlass com/google/common/collect/MapMakerInternalMap$StrongValueEntry
instanceKlass com/google/common/collect/MapMakerInternalMap$WeakKeyStrongValueEntry$Helper
instanceKlass com/google/common/collect/MapMakerInternalMap$InternalEntry
instanceKlass com/google/common/collect/MapMakerInternalMap$1
instanceKlass com/google/common/collect/MapMakerInternalMap$InternalEntryHelper
instanceKlass com/google/common/collect/MapMakerInternalMap$WeakValueReference
instanceKlass com/google/common/collect/MapMaker
instanceKlass com/google/inject/internal/BytecodeGen
instanceKlass com/google/inject/internal/ConstructionProxy
instanceKlass com/google/inject/internal/DefaultConstructionProxyFactory
instanceKlass com/google/inject/internal/ConstructionProxyFactory
instanceKlass com/google/inject/internal/ConstructorBindingImpl$Factory
instanceKlass org/eclipse/sisu/inject/TypeArguments$Implicit
instanceKlass org/eclipse/sisu/wire/BeanProviders$4
instanceKlass org/eclipse/sisu/wire/PlaceholderBeanProvider
instanceKlass org/eclipse/sisu/wire/BeanProviders$6
instanceKlass org/eclipse/sisu/wire/BeanProviders$7
instanceKlass org/eclipse/sisu/wire/BeanProviders$3
instanceKlass org/eclipse/sisu/wire/BeanProviders$1
instanceKlass org/sonatype/inject/BeanEntry
instanceKlass org/eclipse/sisu/BeanEntry
instanceKlass com/google/inject/spi/ProviderLookup$1
instanceKlass com/google/inject/spi/ProviderWithDependencies
instanceKlass com/google/inject/spi/ProviderLookup
instanceKlass org/eclipse/sisu/wire/BeanProviders
instanceKlass org/eclipse/sisu/inject/HiddenSource
instanceKlass org/eclipse/sisu/wire/LocatorWiring
instanceKlass com/google/inject/ProvidedBy
instanceKlass com/google/inject/ImplementedBy
instanceKlass org/sonatype/plexus/components/sec/dispatcher/model/SettingsSecurity
instanceKlass org/sonatype/plexus/components/cipher/PBECipher
instanceKlass org/codehaus/classworlds/ClassRealm
instanceKlass org/apache/maven/settings/crypto/SettingsDecryptionResult
instanceKlass org/apache/maven/settings/building/DefaultSettingsProblemCollector
instanceKlass org/apache/maven/settings/merge/MavenSettingsMerger
instanceKlass org/apache/maven/settings/building/SettingsBuildingResult
instanceKlass org/apache/maven/settings/building/SettingsProblemCollector
instanceKlass org/eclipse/aether/impl/MetadataGenerator
instanceKlass org/apache/maven/model/Relocation
instanceKlass org/apache/maven/repository/internal/ArtifactDescriptorReaderDelegate
instanceKlass org/eclipse/aether/named/support/AdaptedSemaphoreNamedLock$AdaptedSemaphore
instanceKlass org/eclipse/aether/named/support/NamedLockFactorySupport$NamedLockHolder
instanceKlass org/eclipse/aether/named/support/NamedLockSupport
instanceKlass org/eclipse/aether/named/NamedLock
instanceKlass org/eclipse/aether/internal/impl/synccontext/named/NamedLockFactoryAdapter
instanceKlass org/eclipse/aether/spi/log/Logger
instanceKlass org/eclipse/aether/internal/impl/filter/PrefixesRemoteRepositoryFilterSource$Node
instanceKlass org/eclipse/aether/spi/connector/filter/RemoteRepositoryFilter$Result
instanceKlass org/eclipse/aether/spi/connector/filter/RemoteRepositoryFilter
instanceKlass org/eclipse/aether/collection/DependencyTraverser
instanceKlass org/eclipse/aether/collection/DependencyManager
instanceKlass org/eclipse/aether/internal/impl/collect/df/DfDependencyCollector$Args
instanceKlass org/eclipse/aether/internal/impl/collect/bf/BfDependencyCollector$DescriptorResolutionResult
instanceKlass org/eclipse/aether/internal/impl/collect/bf/BfDependencyCollector$Args
instanceKlass org/eclipse/aether/internal/impl/collect/bf/DependencyProcessingContext
instanceKlass org/eclipse/aether/internal/impl/collect/bf/DependencyResolutionSkipper
instanceKlass org/eclipse/aether/graph/DefaultDependencyNode
instanceKlass org/eclipse/aether/version/Version
instanceKlass org/eclipse/aether/internal/impl/collect/PremanagedDependency
instanceKlass org/eclipse/aether/internal/impl/collect/DependencyCollectorDelegate$Results
instanceKlass org/eclipse/aether/internal/impl/collect/DefaultDependencyCollectionContext
instanceKlass org/eclipse/aether/collection/DependencyCollectionContext
instanceKlass org/eclipse/aether/internal/impl/collect/DataPool
instanceKlass org/eclipse/aether/internal/impl/collect/DefaultVersionFilterContext
instanceKlass org/eclipse/aether/collection/VersionFilter
instanceKlass org/eclipse/aether/collection/DependencyGraphTransformationContext
instanceKlass org/eclipse/aether/collection/VersionFilter$VersionFilterContext
instanceKlass org/eclipse/aether/spi/connector/Transfer
instanceKlass org/eclipse/aether/internal/impl/checksum/SummaryFileTrustedChecksumsSource$SummaryFileWriter
instanceKlass org/eclipse/aether/internal/impl/checksum/SparseDirectoryTrustedChecksumsSource$SparseDirectoryWriter
instanceKlass org/eclipse/aether/spi/checksums/TrustedChecksumsSource$Writer
instanceKlass org/eclipse/aether/spi/connector/checksum/ChecksumAlgorithm
instanceKlass org/eclipse/aether/impl/UpdateCheck
instanceKlass org/eclipse/aether/spi/connector/transport/Transporter
instanceKlass java/nio/channels/FileLock
instanceKlass org/eclipse/aether/collection/CollectResult
instanceKlass org/eclipse/aether/collection/CollectRequest
instanceKlass org/eclipse/aether/resolution/ArtifactDescriptorRequest
instanceKlass org/eclipse/aether/resolution/DependencyResult
instanceKlass org/eclipse/aether/resolution/DependencyRequest
instanceKlass org/eclipse/aether/resolution/VersionRangeResult
instanceKlass org/eclipse/aether/resolution/VersionRangeRequest
instanceKlass org/eclipse/aether/resolution/VersionRequest
instanceKlass java/util/concurrent/atomic/AtomicBoolean
instanceKlass org/eclipse/aether/spi/connector/layout/RepositoryLayout
instanceKlass org/eclipse/aether/RepositoryEvent
instanceKlass org/eclipse/aether/repository/LocalRepository
instanceKlass org/eclipse/aether/internal/impl/LocalPathPrefixComposer
instanceKlass org/eclipse/aether/transform/FileTransformer
instanceKlass org/eclipse/aether/installation/InstallResult
instanceKlass org/eclipse/aether/installation/InstallRequest
instanceKlass org/eclipse/aether/spi/io/FileProcessor$ProgressListener
instanceKlass org/eclipse/aether/internal/impl/DefaultDeployer$EventCatapult
instanceKlass org/eclipse/aether/repository/RepositoryPolicy
instanceKlass org/eclipse/aether/deployment/DeployResult
instanceKlass org/eclipse/aether/deployment/DeployRequest
instanceKlass org/eclipse/aether/transfer/TransferResource
instanceKlass org/eclipse/aether/spi/connector/checksum/ChecksumPolicy
instanceKlass org/eclipse/aether/resolution/ArtifactRequest
instanceKlass org/eclipse/aether/resolution/VersionResult
instanceKlass org/eclipse/aether/repository/LocalArtifactResult
instanceKlass org/eclipse/aether/internal/impl/DefaultArtifactResolver$ResolutionGroup
instanceKlass org/eclipse/aether/SyncContext
instanceKlass org/eclipse/aether/spi/locator/ServiceLocator
instanceKlass org/eclipse/aether/repository/RemoteRepository
instanceKlass org/eclipse/aether/spi/connector/RepositoryConnector
instanceKlass org/apache/maven/model/validation/DefaultModelValidator$1ActivationFrame
instanceKlass org/apache/maven/model/profile/activation/JdkVersionProfileActivator$RangeValue
instanceKlass org/apache/maven/model/InputLocation
instanceKlass org/apache/maven/model/InputSource
instanceKlass org/apache/maven/model/interpolation/StringVisitorModelInterpolator$InnerInterpolator
instanceKlass org/apache/maven/model/building/ModelBuildingEventCatapult
instanceKlass org/apache/maven/model/building/ModelData
instanceKlass org/apache/maven/model/ActivationFile
instanceKlass org/apache/maven/model/profile/DefaultProfileActivationContext
instanceKlass org/apache/maven/model/ActivationOS
instanceKlass org/apache/maven/model/ActivationProperty
instanceKlass org/apache/maven/model/building/DefaultModelProblemCollector
instanceKlass org/codehaus/plexus/interpolation/RegexBasedInterpolator
instanceKlass org/apache/maven/model/Activation
instanceKlass org/apache/maven/model/building/ModelCacheTag
instanceKlass org/apache/maven/model/building/ModelBuildingEvent
instanceKlass org/apache/maven/model/building/ModelProblemCollectorExt
instanceKlass org/apache/maven/model/profile/ProfileActivationContext
instanceKlass org/apache/maven/cli/internal/extension/model/CoreExtension
instanceKlass org/apache/maven/building/ProblemCollector
instanceKlass org/apache/maven/toolchain/merge/MavenToolchainMerger
instanceKlass org/apache/maven/toolchain/building/ToolchainsBuildingResult
instanceKlass org/codehaus/plexus/interpolation/InterpolationPostProcessor
instanceKlass org/eclipse/aether/graph/Dependency
instanceKlass org/eclipse/aether/resolution/ArtifactDescriptorResult
instanceKlass org/apache/maven/plugin/internal/DefaultPluginValidationManager$PluginValidationIssues
instanceKlass org/sonatype/plexus/components/sec/dispatcher/PasswordDecryptor
instanceKlass com/google/inject/util/Types
instanceKlass org/eclipse/sisu/Nullable
instanceKlass org/eclipse/aether/repository/AuthenticationSelector
instanceKlass org/eclipse/aether/repository/ProxySelector
instanceKlass org/eclipse/aether/repository/MirrorSelector
instanceKlass org/eclipse/aether/resolution/ResolutionErrorPolicy
instanceKlass org/eclipse/aether/repository/LocalRepositoryManager
instanceKlass org/apache/maven/classrealm/ClassRealmManagerDelegate
instanceKlass org/apache/maven/classrealm/ClassRealmConstituent
instanceKlass org/apache/maven/classrealm/ClassRealmRequest
instanceKlass org/eclipse/aether/repository/WorkspaceRepository
instanceKlass org/apache/maven/ArtifactFilterManagerDelegate
instanceKlass sun/reflect/generics/tree/MethodTypeSignature
instanceKlass sun/reflect/generics/tree/VoidDescriptor
instanceKlass org/apache/maven/repository/metadata/ClasspathContainer
instanceKlass org/apache/maven/repository/metadata/DefaultClasspathTransformation
instanceKlass org/apache/maven/repository/legacy/resolver/conflict/FarthestConflictResolver
instanceKlass org/eclipse/aether/resolution/ArtifactResult
instanceKlass org/eclipse/aether/collection/DependencySelector
instanceKlass org/eclipse/aether/resolution/ArtifactDescriptorPolicy
instanceKlass org/apache/maven/plugin/internal/DefaultPluginDependenciesResolver
instanceKlass org/apache/maven/model/Reporting
instanceKlass org/apache/maven/project/inheritance/DefaultModelInheritanceAssembler
instanceKlass org/apache/maven/settings/RepositoryPolicy
instanceKlass org/apache/maven/settings/RepositoryBase
instanceKlass org/apache/maven/execution/ProjectExecutionListener
instanceKlass org/apache/maven/artifact/repository/metadata/io/DefaultMetadataReader
instanceKlass org/apache/maven/repository/legacy/resolver/conflict/NewestConflictResolver
instanceKlass org/apache/maven/DefaultProjectDependenciesResolver
instanceKlass org/apache/maven/lifecycle/internal/DefaultLifecycleTaskSegmentCalculator
instanceKlass org/apache/maven/lifecycle/internal/builder/singlethreaded/SingleThreadedBuilder
instanceKlass org/apache/maven/lifecycle/DefaultLifecycleExecutor
instanceKlass org/apache/maven/artifact/handler/manager/DefaultArtifactHandlerManager
instanceKlass org/apache/maven/execution/ProjectDependencyGraph
instanceKlass org/apache/maven/graph/DefaultGraphBuilder
instanceKlass org/apache/maven/artifact/repository/DefaultArtifactRepositoryFactory
instanceKlass org/apache/maven/execution/DefaultRuntimeInformation
instanceKlass org/apache/maven/artifact/repository/Authentication
instanceKlass org/apache/maven/model/RepositoryPolicy
instanceKlass org/apache/maven/repository/Proxy
instanceKlass org/apache/maven/repository/ArtifactTransferListener
instanceKlass org/apache/maven/repository/legacy/LegacyRepositorySystem
instanceKlass org/apache/maven/execution/ExecutionEvent
instanceKlass org/apache/maven/lifecycle/internal/DefaultExecutionEventCatapult
instanceKlass org/apache/maven/exception/ExceptionSummary
instanceKlass org/apache/maven/exception/DefaultExceptionHandler
instanceKlass org/apache/maven/repository/legacy/repository/DefaultArtifactRepositoryFactory
instanceKlass org/eclipse/aether/util/graph/visitor/AbstractDepthFirstNodeListGenerator
instanceKlass org/eclipse/aether/graph/DependencyNode
instanceKlass org/apache/maven/plugin/descriptor/PluginDescriptorBuilder
instanceKlass org/codehaus/plexus/component/configurator/ConfigurationListener
instanceKlass org/apache/maven/plugin/logging/Log
instanceKlass org/apache/maven/plugin/internal/DefaultMavenPluginManager
instanceKlass org/apache/maven/lifecycle/internal/DefaultLifecycleMappingDelegate
instanceKlass org/eclipse/aether/RepositoryListener
instanceKlass org/apache/maven/project/DefaultProjectBuildingHelper
instanceKlass org/apache/maven/settings/crypto/SettingsDecryptionRequest
instanceKlass org/apache/maven/wagon/observers/ChecksumObserver
instanceKlass org/apache/maven/repository/legacy/DefaultWagonManager
instanceKlass org/apache/maven/repository/legacy/resolver/transform/DefaultArtifactTransformationManager
instanceKlass org/apache/maven/model/building/ModelBuildingResult
instanceKlass org/apache/maven/project/ReactorModelPool
instanceKlass org/apache/maven/project/DefaultProjectBuilder$InternalConfig
instanceKlass org/apache/maven/model/RepositoryBase
instanceKlass org/apache/maven/model/resolution/ModelResolver
instanceKlass org/apache/maven/project/ProjectBuildingResult
instanceKlass org/apache/maven/model/building/ModelBuildingListener
instanceKlass org/apache/maven/model/building/ModelCache
instanceKlass org/apache/maven/project/DefaultProjectBuilder
instanceKlass org/apache/maven/artifact/repository/ArtifactRepositoryPolicy
instanceKlass org/apache/maven/project/artifact/DefaultMavenMetadataCache$CacheKey
instanceKlass org/apache/maven/project/artifact/DefaultMavenMetadataCache
instanceKlass org/apache/maven/lifecycle/internal/ProjectSegment
instanceKlass org/apache/maven/lifecycle/internal/builder/multithreaded/ThreadOutputMuxer
instanceKlass org/apache/maven/lifecycle/internal/builder/multithreaded/ConcurrencyDependencyGraph
instanceKlass org/apache/maven/lifecycle/internal/ReactorBuildStatus
instanceKlass java/util/concurrent/CompletionService
instanceKlass org/apache/maven/lifecycle/internal/builder/multithreaded/MultiThreadedBuilder
instanceKlass org/apache/maven/profiles/ProfilesRoot
instanceKlass org/apache/maven/plugin/internal/DefaultLegacySupport
instanceKlass org/apache/maven/project/path/DefaultPathTranslator
instanceKlass org/apache/maven/model/merge/ModelMerger
instanceKlass org/apache/maven/model/plugin/DefaultLifecycleBindingsInjector
instanceKlass org/apache/maven/project/artifact/MavenMetadataSource$ProjectRelocation
instanceKlass org/apache/maven/model/building/ModelProblem
instanceKlass org/apache/maven/model/Dependency
instanceKlass org/apache/maven/repository/legacy/metadata/ResolutionGroup
instanceKlass org/apache/maven/project/artifact/MavenMetadataSource
instanceKlass org/apache/maven/project/artifact/ProjectArtifactsCache$CacheRecord
instanceKlass org/apache/maven/project/artifact/ProjectArtifactsCache$Key
instanceKlass org/apache/maven/project/artifact/DefaultProjectArtifactsCache
instanceKlass org/apache/maven/project/ProjectRealmCache$CacheRecord
instanceKlass org/apache/maven/project/ProjectRealmCache$Key
instanceKlass org/apache/maven/project/DefaultProjectRealmCache
instanceKlass org/apache/maven/artifact/resolver/DefaultResolutionErrorHandler
instanceKlass org/apache/maven/artifact/versioning/ArtifactVersion
instanceKlass org/apache/maven/repository/metadata/DefaultGraphConflictResolutionPolicy
instanceKlass org/apache/maven/repository/legacy/resolver/conflict/OldestConflictResolver
instanceKlass org/apache/maven/repository/DefaultMirrorSelector
instanceKlass org/eclipse/aether/DefaultRepositorySystemSession
instanceKlass org/apache/maven/model/building/Result
instanceKlass org/apache/maven/execution/MavenExecutionResult
instanceKlass org/apache/maven/DefaultMaven
instanceKlass org/apache/maven/rtinfo/internal/DefaultRuntimeInformation
instanceKlass org/apache/maven/lifecycle/internal/ReactorContext
instanceKlass org/apache/maven/lifecycle/internal/TaskSegment
instanceKlass org/apache/maven/execution/BuildSummary
instanceKlass org/apache/maven/configuration/BeanConfigurationRequest
instanceKlass org/codehaus/plexus/component/configurator/expression/ExpressionEvaluator
instanceKlass org/codehaus/plexus/configuration/PlexusConfiguration
instanceKlass org/codehaus/plexus/component/configurator/converters/lookup/ConverterLookup
instanceKlass org/apache/maven/configuration/internal/DefaultBeanConfigurator
instanceKlass org/apache/maven/lifecycle/internal/ProjectBuildList
instanceKlass org/apache/maven/lifecycle/internal/PhaseRecorder
instanceKlass org/apache/maven/lifecycle/internal/DependencyContext
instanceKlass org/apache/maven/lifecycle/internal/ProjectIndex
instanceKlass org/apache/maven/plugin/MojoExecutionRunner
instanceKlass org/apache/maven/plugin/ExtensionRealmCache$CacheRecord
instanceKlass org/apache/maven/plugin/ExtensionRealmCache$Key
instanceKlass org/apache/maven/plugin/DefaultExtensionRealmCache
instanceKlass org/apache/maven/toolchain/DefaultToolchainManager
instanceKlass org/apache/maven/lifecycle/MavenExecutionPlan
instanceKlass org/apache/maven/lifecycle/internal/DefaultLifecycleExecutionPlanCalculator
instanceKlass org/apache/maven/lifecycle/mapping/DefaultLifecycleMapping
instanceKlass org/apache/maven/toolchain/DefaultToolchainsBuilder
instanceKlass org/apache/maven/artifact/repository/metadata/Versioning
instanceKlass org/apache/maven/artifact/repository/metadata/RepositoryMetadata
instanceKlass org/eclipse/aether/artifact/Artifact
instanceKlass org/apache/maven/plugin/internal/DefaultPluginManager
instanceKlass org/apache/maven/project/validation/ModelValidationResult
instanceKlass org/apache/maven/model/building/ModelBuildingRequest
instanceKlass org/apache/maven/model/building/ModelProblemCollector
instanceKlass org/apache/maven/project/validation/DefaultModelValidator
instanceKlass org/apache/maven/plugin/version/internal/DefaultPluginVersionResult
instanceKlass org/apache/maven/artifact/repository/metadata/Metadata
instanceKlass org/apache/maven/plugin/version/internal/DefaultPluginVersionResolver$Versions
instanceKlass org/apache/maven/plugin/version/internal/DefaultPluginVersionResolver$Key
instanceKlass org/eclipse/aether/version/VersionScheme
instanceKlass org/apache/maven/plugin/version/PluginVersionResult
instanceKlass org/apache/maven/plugin/version/internal/DefaultPluginVersionResolver
instanceKlass org/eclipse/aether/RequestTrace
instanceKlass org/apache/maven/model/PluginContainer
instanceKlass org/apache/maven/plugin/prefix/PluginPrefixRequest
instanceKlass org/eclipse/aether/metadata/Metadata
instanceKlass org/eclipse/aether/repository/ArtifactRepository
instanceKlass org/apache/maven/plugin/prefix/PluginPrefixResult
instanceKlass org/apache/maven/plugin/prefix/internal/DefaultPluginPrefixResolver
instanceKlass org/apache/maven/repository/legacy/resolver/DefaultLegacyArtifactCollector
instanceKlass org/apache/maven/lifecycle/mapping/LifecyclePhase
instanceKlass org/apache/maven/lifecycle/internal/DefaultLifecyclePluginAnalyzer$GoalSpec
instanceKlass org/apache/maven/lifecycle/internal/DefaultLifecyclePluginAnalyzer
instanceKlass org/apache/maven/settings/TrackableBase
instanceKlass org/apache/maven/settings/building/SettingsBuildingRequest
instanceKlass org/apache/maven/project/DefaultDependencyResolutionResult
instanceKlass org/apache/maven/project/DependencyResolutionRequest
instanceKlass org/eclipse/aether/graph/DependencyVisitor
instanceKlass org/apache/maven/project/DependencyResolutionResult
instanceKlass org/apache/maven/project/DefaultProjectDependenciesResolver
instanceKlass org/apache/maven/plugin/PluginRealmCache$CacheRecord
instanceKlass org/apache/maven/plugin/PluginRealmCache$PluginRealmSupplier
instanceKlass org/apache/maven/plugin/PluginRealmCache$Key
instanceKlass org/apache/maven/plugin/DefaultPluginRealmCache
instanceKlass org/apache/maven/artifact/resolver/filter/ArtifactFilter
instanceKlass org/apache/maven/artifact/resolver/ArtifactResolutionResult
instanceKlass org/apache/maven/artifact/resolver/ArtifactResolutionRequest
instanceKlass org/apache/maven/repository/legacy/metadata/MetadataResolutionRequest
instanceKlass org/apache/maven/artifact/repository/RepositoryRequest
instanceKlass org/apache/maven/artifact/resolver/DefaultArtifactResolver
instanceKlass org/apache/maven/plugin/descriptor/Parameter
instanceKlass org/apache/maven/lifecycle/internal/DefaultMojoExecutionConfigurator
instanceKlass org/apache/maven/repository/legacy/resolver/conflict/DefaultConflictResolverFactory
instanceKlass org/apache/maven/artifact/resolver/ResolutionNode
instanceKlass org/apache/maven/repository/legacy/resolver/conflict/NearestConflictResolver
instanceKlass org/apache/maven/profiles/ProfileManager
instanceKlass org/apache/maven/model/building/ModelSource
instanceKlass org/apache/maven/project/DefaultMavenProjectBuilder
instanceKlass org/apache/maven/artifact/repository/layout/DefaultRepositoryLayout
instanceKlass org/apache/maven/project/ProjectBuilderConfiguration
instanceKlass org/apache/maven/model/ModelBase
instanceKlass org/apache/http/config/Registry
instanceKlass org/apache/http/impl/conn/PoolingHttpClientConnectionManager
instanceKlass org/apache/http/pool/ConnPoolControl
instanceKlass org/apache/http/client/methods/CloseableHttpResponse
instanceKlass org/apache/http/HttpResponse
instanceKlass org/apache/maven/wagon/shared/http/BasicAuthScope
instanceKlass org/apache/maven/wagon/shared/http/HttpConfiguration
instanceKlass org/apache/http/impl/client/CloseableHttpClient
instanceKlass org/apache/http/client/HttpClient
instanceKlass org/apache/http/Header
instanceKlass org/apache/http/NameValuePair
instanceKlass org/apache/http/client/RedirectStrategy
instanceKlass org/apache/http/config/Lookup
instanceKlass org/apache/http/client/HttpRequestRetryHandler
instanceKlass org/apache/http/conn/ssl/TrustStrategy
instanceKlass org/apache/http/ssl/TrustStrategy
instanceKlass org/apache/http/auth/Credentials
instanceKlass org/apache/http/client/AuthCache
instanceKlass org/apache/http/client/CredentialsProvider
instanceKlass org/apache/http/client/ServiceUnavailableRetryStrategy
instanceKlass org/apache/http/protocol/HttpContext
instanceKlass org/apache/http/HttpEntity
instanceKlass org/apache/http/client/methods/HttpUriRequest
instanceKlass org/apache/http/HttpRequest
instanceKlass org/apache/http/HttpMessage
instanceKlass org/apache/http/auth/AuthScheme
instanceKlass org/apache/http/conn/HttpClientConnectionManager
instanceKlass org/apache/maven/wagon/OutputData
instanceKlass org/apache/maven/wagon/InputData
instanceKlass java/util/EventObject
instanceKlass org/apache/maven/wagon/events/TransferListener
instanceKlass org/apache/maven/wagon/events/SessionListener
instanceKlass org/apache/maven/wagon/resource/Resource
instanceKlass org/apache/maven/wagon/repository/RepositoryPermissions
instanceKlass org/apache/maven/wagon/proxy/ProxyInfo
instanceKlass org/apache/maven/wagon/authentication/AuthenticationInfo
instanceKlass org/apache/maven/wagon/events/TransferEventSupport
instanceKlass org/apache/maven/wagon/events/SessionEventSupport
instanceKlass org/apache/maven/wagon/repository/Repository
instanceKlass org/apache/maven/wagon/proxy/ProxyInfoProvider
instanceKlass org/apache/maven/wagon/AbstractWagon
instanceKlass org/apache/maven/wagon/StreamingWagon
instanceKlass org/apache/maven/repository/metadata/MetadataGraphEdge
instanceKlass org/apache/maven/repository/metadata/MetadataGraph
instanceKlass org/apache/maven/repository/metadata/MetadataGraphVertex
instanceKlass org/apache/maven/repository/metadata/DefaultGraphConflictResolver
instanceKlass org/apache/maven/artifact/repository/ArtifactRepository
instanceKlass org/apache/maven/artifact/metadata/ArtifactMetadata
instanceKlass org/apache/maven/repository/legacy/metadata/ArtifactMetadata
instanceKlass org/apache/maven/artifact/repository/layout/FlatRepositoryLayout
instanceKlass org/apache/maven/toolchain/model/TrackableBase
instanceKlass org/apache/maven/toolchain/DefaultToolchain
instanceKlass org/apache/maven/toolchain/ToolchainPrivate
instanceKlass org/apache/maven/toolchain/java/JavaToolchain
instanceKlass org/apache/maven/toolchain/Toolchain
instanceKlass org/apache/maven/toolchain/java/JavaToolchainFactory
instanceKlass org/eclipse/aether/graph/DependencyFilter
instanceKlass org/apache/maven/plugin/PluginArtifactsCache$CacheRecord
instanceKlass org/apache/maven/plugin/PluginArtifactsCache$Key
instanceKlass org/apache/maven/plugin/DefaultPluginArtifactsCache
instanceKlass org/apache/maven/plugin/version/PluginVersionRequest
instanceKlass org/apache/maven/plugin/DefaultBuildPluginManager
instanceKlass org/eclipse/aether/RepositorySystemSession
instanceKlass org/apache/maven/model/ConfigurationContainer
instanceKlass org/apache/maven/model/InputLocationTracker
instanceKlass org/codehaus/plexus/component/repository/ComponentSetDescriptor
instanceKlass org/apache/maven/plugin/PluginDescriptorCache$PluginDescriptorSupplier
instanceKlass org/apache/maven/plugin/PluginDescriptorCache$Key
instanceKlass org/apache/maven/plugin/DefaultPluginDescriptorCache
instanceKlass org/apache/maven/artifact/versioning/VersionRange
instanceKlass org/apache/maven/artifact/factory/DefaultArtifactFactory
instanceKlass org/apache/maven/artifact/Artifact
instanceKlass org/codehaus/plexus/logging/AbstractLogEnabled
instanceKlass org/apache/maven/artifact/handler/DefaultArtifactHandler
instanceKlass org/objectweb/asm/Handler
instanceKlass org/objectweb/asm/Frame
instanceKlass org/objectweb/asm/ByteVector
instanceKlass org/objectweb/asm/Symbol
instanceKlass org/objectweb/asm/SymbolTable
instanceKlass org/objectweb/asm/MethodVisitor
instanceKlass org/objectweb/asm/FieldVisitor
instanceKlass org/objectweb/asm/ModuleVisitor
instanceKlass org/objectweb/asm/RecordComponentVisitor
instanceKlass com/google/inject/spi/ProviderWithExtensionVisitor
instanceKlass com/google/common/collect/Iterables
instanceKlass java/util/stream/ForEachOps$ForEachOp
instanceKlass java/util/stream/ForEachOps
instanceKlass org/eclipse/sisu/plexus/PlexusBean
instanceKlass org/codehaus/plexus/component/repository/ComponentDescriptor
instanceKlass com/google/inject/spi/ProvidesMethodBinding
instanceKlass org/eclipse/sisu/inject/Guice4
instanceKlass com/google/inject/internal/GuiceInternal
instanceKlass org/sonatype/inject/Parameters
instanceKlass org/eclipse/sisu/plexus/PlexusXmlBeanConverter
instanceKlass org/eclipse/sisu/plexus/PlexusBeanConverter
instanceKlass com/google/inject/spi/TypeConverterBinding
instanceKlass java/lang/reflect/AnnotatedParameterizedType
instanceKlass sun/reflect/generics/tree/Wildcard
instanceKlass sun/reflect/generics/tree/BottomSignature
instanceKlass org/eclipse/sisu/inject/DefaultRankingFunction
instanceKlass com/google/inject/spi/ProvisionListenerBinding
instanceKlass com/google/inject/spi/TypeListenerBinding
instanceKlass org/eclipse/sisu/bean/BeanListener
instanceKlass com/google/inject/matcher/Matchers
instanceKlass org/eclipse/sisu/bean/PropertyBinder
instanceKlass org/eclipse/sisu/plexus/PlexusBeanBinder
instanceKlass com/google/inject/spi/InjectionListener
instanceKlass org/sonatype/plexus/components/sec/dispatcher/DefaultSecDispatcher
instanceKlass org/sonatype/plexus/components/cipher/DefaultPlexusCipher
instanceKlass org/sonatype/plexus/components/cipher/PlexusCipher
instanceKlass org/codehaus/plexus/component/configurator/AbstractComponentConfigurator
instanceKlass org/codehaus/plexus/component/configurator/ComponentConfigurator
instanceKlass org/apache/maven/settings/validation/DefaultSettingsValidator
instanceKlass org/apache/maven/settings/validation/SettingsValidator
instanceKlass org/apache/maven/settings/io/DefaultSettingsWriter
instanceKlass org/apache/maven/settings/io/SettingsWriter
instanceKlass org/apache/maven/settings/io/DefaultSettingsReader
instanceKlass org/apache/maven/settings/io/SettingsReader
instanceKlass org/apache/maven/settings/crypto/DefaultSettingsDecrypter
instanceKlass org/apache/maven/settings/crypto/SettingsDecrypter
instanceKlass org/apache/maven/settings/building/DefaultSettingsBuilder
instanceKlass org/apache/maven/settings/building/SettingsBuilder
instanceKlass org/eclipse/aether/transport/wagon/WagonTransporterFactory
instanceKlass org/eclipse/aether/internal/transport/wagon/PlexusWagonProvider
instanceKlass org/eclipse/aether/transport/wagon/WagonProvider
instanceKlass org/eclipse/aether/internal/transport/wagon/PlexusWagonConfigurator
instanceKlass org/eclipse/aether/transport/wagon/WagonConfigurator
instanceKlass org/eclipse/aether/transport/http/ChecksumExtractor
instanceKlass org/eclipse/aether/transport/http/HttpTransporterFactory
instanceKlass org/eclipse/aether/transport/file/FileTransporterFactory
instanceKlass org/eclipse/aether/spi/connector/transport/TransporterFactory
instanceKlass org/apache/maven/repository/internal/VersionsMetadataGeneratorFactory
instanceKlass org/apache/maven/repository/internal/SnapshotMetadataGeneratorFactory
instanceKlass org/apache/maven/repository/internal/PluginsMetadataGeneratorFactory
instanceKlass org/eclipse/aether/impl/MetadataGeneratorFactory
instanceKlass org/apache/maven/repository/internal/DefaultVersionResolver
instanceKlass org/eclipse/aether/impl/VersionResolver
instanceKlass org/apache/maven/repository/internal/DefaultVersionRangeResolver
instanceKlass org/eclipse/aether/impl/VersionRangeResolver
instanceKlass org/apache/maven/repository/internal/DefaultModelCacheFactory
instanceKlass org/apache/maven/repository/internal/ModelCacheFactory
instanceKlass org/apache/maven/repository/internal/DefaultArtifactDescriptorReader
instanceKlass org/eclipse/aether/impl/ArtifactDescriptorReader
instanceKlass org/eclipse/aether/named/support/NamedLockFactorySupport
instanceKlass org/eclipse/aether/named/NamedLockFactory
instanceKlass org/eclipse/aether/internal/impl/synccontext/named/providers/StaticNameMapperProvider
instanceKlass org/eclipse/aether/internal/impl/synccontext/named/providers/GAVNameMapperProvider
instanceKlass org/eclipse/aether/internal/impl/synccontext/named/providers/GAECVNameMapperProvider
instanceKlass org/eclipse/aether/internal/impl/synccontext/named/providers/FileStaticNameMapperProvider
instanceKlass org/eclipse/aether/internal/impl/synccontext/named/providers/FileHashingGAVNameMapperProvider
instanceKlass org/eclipse/aether/internal/impl/synccontext/named/providers/FileHashingGAECVNameMapperProvider
instanceKlass org/eclipse/aether/internal/impl/synccontext/named/providers/FileGAVNameMapperProvider
instanceKlass org/eclipse/aether/internal/impl/synccontext/named/providers/FileGAECVNameMapperProvider
instanceKlass org/eclipse/aether/internal/impl/synccontext/named/NameMapper
instanceKlass org/eclipse/aether/internal/impl/synccontext/named/providers/DiscriminatingNameMapperProvider
instanceKlass org/eclipse/aether/internal/impl/synccontext/named/NamedLockFactoryAdapterFactoryImpl
instanceKlass org/eclipse/aether/internal/impl/synccontext/named/NamedLockFactoryAdapterFactory
instanceKlass org/eclipse/aether/internal/impl/synccontext/legacy/DefaultSyncContextFactory
instanceKlass org/eclipse/aether/impl/SyncContextFactory
instanceKlass org/eclipse/aether/internal/impl/synccontext/DefaultSyncContextFactory
instanceKlass org/eclipse/aether/spi/synccontext/SyncContextFactory
instanceKlass java/lang/Deprecated
instanceKlass org/eclipse/aether/internal/impl/slf4j/Slf4jLoggerFactory
instanceKlass org/eclipse/aether/internal/impl/resolution/ArtifactResolverPostProcessorSupport
instanceKlass org/eclipse/aether/internal/impl/filter/RemoteRepositoryFilterSourceSupport
instanceKlass org/eclipse/aether/spi/connector/filter/RemoteRepositoryFilterSource
instanceKlass org/eclipse/aether/spi/resolution/ArtifactResolverPostProcessor
instanceKlass org/eclipse/aether/internal/impl/filter/DefaultRemoteRepositoryFilterManager
instanceKlass org/eclipse/aether/impl/RemoteRepositoryFilterManager
instanceKlass org/eclipse/aether/internal/impl/collect/DependencyCollectorDelegate
instanceKlass org/eclipse/aether/internal/impl/collect/DefaultDependencyCollector
instanceKlass org/eclipse/aether/impl/DependencyCollector
instanceKlass org/eclipse/aether/internal/impl/checksum/TrustedToProvidedChecksumsSourceAdapter
instanceKlass org/eclipse/aether/spi/checksums/ProvidedChecksumsSource
instanceKlass org/eclipse/aether/internal/impl/checksum/FileTrustedChecksumsSourceSupport
instanceKlass org/eclipse/aether/spi/checksums/TrustedChecksumsSource
instanceKlass org/eclipse/aether/spi/connector/checksum/ChecksumAlgorithmFactorySupport
instanceKlass org/eclipse/aether/spi/connector/checksum/ChecksumAlgorithmFactory
instanceKlass org/eclipse/aether/internal/impl/checksum/DefaultChecksumAlgorithmFactorySelector
instanceKlass org/eclipse/aether/spi/connector/checksum/ChecksumAlgorithmFactorySelector
instanceKlass org/eclipse/aether/internal/impl/SimpleLocalRepositoryManagerFactory
instanceKlass org/eclipse/aether/internal/impl/Maven2RepositoryLayoutFactory
instanceKlass org/eclipse/aether/spi/connector/layout/RepositoryLayoutFactory
instanceKlass org/eclipse/aether/spi/log/LoggerFactory
instanceKlass org/eclipse/aether/internal/impl/LoggerFactoryProvider
instanceKlass org/eclipse/aether/internal/impl/EnhancedLocalRepositoryManagerFactory
instanceKlass org/eclipse/aether/spi/localrepo/LocalRepositoryManagerFactory
instanceKlass org/eclipse/aether/internal/impl/DefaultUpdatePolicyAnalyzer
instanceKlass org/eclipse/aether/impl/UpdatePolicyAnalyzer
instanceKlass org/eclipse/aether/internal/impl/DefaultUpdateCheckManager
instanceKlass org/eclipse/aether/impl/UpdateCheckManager
instanceKlass java/lang/Long$LongCache
instanceKlass org/eclipse/aether/internal/impl/DefaultTransporterProvider
instanceKlass org/eclipse/aether/spi/connector/transport/TransporterProvider
instanceKlass org/eclipse/aether/internal/impl/DefaultTrackingFileManager
instanceKlass org/eclipse/aether/internal/impl/TrackingFileManager
instanceKlass org/eclipse/aether/internal/impl/DefaultRepositorySystemLifecycle
instanceKlass org/eclipse/aether/impl/RepositorySystemLifecycle
instanceKlass org/eclipse/aether/internal/impl/DefaultRepositorySystem
instanceKlass org/eclipse/aether/RepositorySystem
instanceKlass org/eclipse/aether/internal/impl/DefaultRepositoryLayoutProvider
instanceKlass org/eclipse/aether/spi/connector/layout/RepositoryLayoutProvider
instanceKlass org/eclipse/aether/internal/impl/DefaultRepositoryEventDispatcher
instanceKlass org/eclipse/aether/impl/RepositoryEventDispatcher
instanceKlass org/eclipse/aether/internal/impl/DefaultRepositoryConnectorProvider
instanceKlass org/eclipse/aether/impl/RepositoryConnectorProvider
instanceKlass org/eclipse/aether/internal/impl/DefaultRemoteRepositoryManager
instanceKlass org/eclipse/aether/impl/RemoteRepositoryManager
instanceKlass org/eclipse/aether/internal/impl/DefaultOfflineController
instanceKlass org/eclipse/aether/impl/OfflineController
instanceKlass org/eclipse/aether/internal/impl/DefaultMetadataResolver
instanceKlass org/eclipse/aether/impl/MetadataResolver
instanceKlass org/eclipse/aether/internal/impl/DefaultLocalRepositoryProvider
instanceKlass org/eclipse/aether/impl/LocalRepositoryProvider
instanceKlass org/eclipse/aether/internal/impl/LocalPathPrefixComposerFactorySupport
instanceKlass org/eclipse/aether/internal/impl/LocalPathPrefixComposerFactory
instanceKlass org/eclipse/aether/internal/impl/DefaultLocalPathComposer
instanceKlass org/eclipse/aether/internal/impl/LocalPathComposer
instanceKlass org/eclipse/aether/internal/impl/DefaultInstaller
instanceKlass org/eclipse/aether/impl/Installer
instanceKlass org/eclipse/aether/internal/impl/DefaultFileProcessor
instanceKlass org/eclipse/aether/spi/io/FileProcessor
instanceKlass org/eclipse/aether/internal/impl/DefaultDeployer
instanceKlass org/eclipse/aether/impl/Deployer
instanceKlass org/eclipse/aether/internal/impl/DefaultChecksumPolicyProvider
instanceKlass org/eclipse/aether/spi/connector/checksum/ChecksumPolicyProvider
instanceKlass org/eclipse/aether/internal/impl/DefaultArtifactResolver
instanceKlass org/eclipse/aether/impl/ArtifactResolver
instanceKlass org/eclipse/aether/connector/basic/BasicRepositoryConnectorFactory
instanceKlass org/eclipse/aether/spi/locator/Service
instanceKlass org/eclipse/aether/spi/connector/RepositoryConnectorFactory
instanceKlass org/apache/maven/model/validation/DefaultModelValidator
instanceKlass org/apache/maven/model/validation/ModelValidator
instanceKlass org/apache/maven/model/superpom/DefaultSuperPomProvider
instanceKlass org/apache/maven/model/superpom/SuperPomProvider
instanceKlass org/apache/maven/model/profile/activation/PropertyProfileActivator
instanceKlass org/apache/maven/model/profile/activation/OperatingSystemProfileActivator
instanceKlass org/apache/maven/model/profile/activation/JdkVersionProfileActivator
instanceKlass org/apache/maven/model/profile/activation/FileProfileActivator
instanceKlass org/apache/maven/model/profile/activation/ProfileActivator
instanceKlass org/apache/maven/model/profile/DefaultProfileSelector
instanceKlass org/apache/maven/model/profile/ProfileSelector
instanceKlass org/apache/maven/model/profile/DefaultProfileInjector
instanceKlass org/apache/maven/model/profile/ProfileInjector
instanceKlass org/apache/maven/model/plugin/DefaultReportingConverter
instanceKlass org/apache/maven/model/plugin/ReportingConverter
instanceKlass org/apache/maven/model/plugin/DefaultReportConfigurationExpander
instanceKlass org/apache/maven/model/plugin/ReportConfigurationExpander
instanceKlass org/apache/maven/model/plugin/DefaultPluginConfigurationExpander
instanceKlass org/apache/maven/model/plugin/PluginConfigurationExpander
instanceKlass org/apache/maven/model/path/ProfileActivationFilePathInterpolator
instanceKlass org/apache/maven/model/path/DefaultUrlNormalizer
instanceKlass org/apache/maven/model/path/UrlNormalizer
instanceKlass org/apache/maven/model/path/DefaultPathTranslator
instanceKlass org/apache/maven/model/path/PathTranslator
instanceKlass org/apache/maven/model/path/DefaultModelUrlNormalizer
instanceKlass org/apache/maven/model/path/ModelUrlNormalizer
instanceKlass org/apache/maven/model/path/DefaultModelPathTranslator
instanceKlass org/apache/maven/model/path/ModelPathTranslator
instanceKlass org/apache/maven/model/normalization/DefaultModelNormalizer
instanceKlass org/apache/maven/model/normalization/ModelNormalizer
instanceKlass org/apache/maven/model/management/DefaultPluginManagementInjector
instanceKlass org/apache/maven/model/management/PluginManagementInjector
instanceKlass org/apache/maven/model/management/DefaultDependencyManagementInjector
instanceKlass org/apache/maven/model/management/DependencyManagementInjector
instanceKlass org/apache/maven/model/locator/DefaultModelLocator
instanceKlass org/apache/maven/model/io/DefaultModelWriter
instanceKlass org/apache/maven/model/io/ModelWriter
instanceKlass org/apache/maven/model/io/DefaultModelReader
instanceKlass org/apache/maven/model/interpolation/AbstractStringBasedModelInterpolator
instanceKlass org/apache/maven/model/interpolation/ModelInterpolator
instanceKlass org/apache/maven/model/interpolation/DefaultModelVersionProcessor
instanceKlass org/apache/maven/model/interpolation/ModelVersionProcessor
instanceKlass org/apache/maven/model/inheritance/DefaultInheritanceAssembler
instanceKlass org/apache/maven/model/inheritance/InheritanceAssembler
instanceKlass org/apache/maven/model/composition/DefaultDependencyManagementImporter
instanceKlass org/apache/maven/model/composition/DependencyManagementImporter
instanceKlass org/apache/maven/model/building/DefaultModelProcessor
instanceKlass org/apache/maven/model/building/ModelProcessor
instanceKlass org/apache/maven/model/io/ModelReader
instanceKlass org/apache/maven/model/locator/ModelLocator
instanceKlass org/apache/maven/model/building/DefaultModelBuilder
instanceKlass org/apache/maven/model/building/ModelBuilder
instanceKlass org/apache/maven/cli/internal/BootstrapCoreExtensionManager
instanceKlass org/apache/maven/cli/configuration/SettingsXmlConfigurationProcessor
instanceKlass org/apache/maven/cli/configuration/ConfigurationProcessor
instanceKlass org/apache/maven/toolchain/io/DefaultToolchainsWriter
instanceKlass org/apache/maven/toolchain/io/ToolchainsWriter
instanceKlass org/apache/maven/toolchain/io/DefaultToolchainsReader
instanceKlass org/apache/maven/toolchain/io/ToolchainsReader
instanceKlass org/apache/maven/toolchain/building/DefaultToolchainsBuilder
instanceKlass org/apache/maven/toolchain/building/ToolchainsBuilder
instanceKlass org/apache/maven/execution/MavenSession
instanceKlass org/apache/maven/session/scope/internal/SessionScope$ScopeState
instanceKlass org/apache/maven/session/scope/internal/SessionScope
instanceKlass org/apache/maven/plugin/internal/MavenPluginMavenPrerequisiteChecker
instanceKlass org/apache/maven/plugin/internal/MavenPluginJavaPrerequisiteChecker
instanceKlass org/apache/maven/plugin/MavenPluginPrerequisitesChecker
instanceKlass jdk/internal/reflect/ClassDefiner$1
instanceKlass jdk/internal/reflect/ClassDefiner
instanceKlass jdk/internal/reflect/MethodAccessorGenerator$1
instanceKlass jdk/internal/reflect/Label$PatchInfo
instanceKlass jdk/internal/reflect/Label
instanceKlass jdk/internal/reflect/UTF8
instanceKlass jdk/internal/reflect/ClassFileAssembler
instanceKlass jdk/internal/reflect/ByteVectorImpl
instanceKlass jdk/internal/reflect/ByteVector
instanceKlass jdk/internal/reflect/ByteVectorFactory
instanceKlass jdk/internal/reflect/AccessorGenerator
instanceKlass jdk/internal/reflect/ClassFileConstants
instanceKlass org/apache/maven/plugin/internal/AbstractMavenPluginDependenciesValidator
instanceKlass org/apache/maven/plugin/internal/MavenPluginDependenciesValidator
instanceKlass org/apache/maven/plugin/internal/AbstractMavenPluginParametersValidator
instanceKlass org/apache/maven/plugin/internal/MavenPluginConfigurationValidator
instanceKlass org/apache/maven/eventspy/AbstractEventSpy
instanceKlass org/apache/maven/eventspy/EventSpy
instanceKlass org/apache/maven/plugin/PluginValidationManager
instanceKlass org/apache/maven/plugin/DefaultMojosExecutionStrategy
instanceKlass org/apache/maven/plugin/MojosExecutionStrategy
instanceKlass org/apache/maven/lifecycle/internal/LifecycleDependencyResolver
instanceKlass org/apache/maven/lifecycle/internal/DefaultProjectArtifactFactory
instanceKlass org/apache/maven/lifecycle/internal/ProjectArtifactFactory
instanceKlass org/sonatype/plexus/components/sec/dispatcher/SecDispatcher
instanceKlass org/apache/maven/internal/secdispatcher/SecDispatcherProvider
instanceKlass org/apache/maven/internal/aether/ResolverLifecycle
instanceKlass org/apache/maven/internal/aether/DefaultRepositorySystemSessionFactory
instanceKlass org/apache/maven/extension/internal/CoreExportsProvider
instanceKlass org/apache/maven/plugin/MojoExecution
instanceKlass org/apache/maven/project/MavenProject
instanceKlass org/apache/maven/execution/scope/internal/MojoExecutionScope$ScopeState
instanceKlass org/apache/maven/execution/MojoExecutionEvent
instanceKlass org/apache/maven/execution/scope/MojoExecutionScoped
instanceKlass com/google/inject/RestrictedBindingSource$Permit
instanceKlass org/apache/maven/execution/scope/internal/MojoExecutionScope$1
instanceKlass org/apache/maven/execution/scope/internal/MojoExecutionScope
instanceKlass org/apache/maven/execution/MojoExecutionListener
instanceKlass org/apache/maven/execution/DefaultMavenExecutionRequestPopulator
instanceKlass org/apache/maven/execution/MavenExecutionRequestPopulator
instanceKlass org/apache/maven/classrealm/DefaultClassRealmManager
instanceKlass org/apache/maven/classrealm/ClassRealmManager
instanceKlass org/apache/maven/SessionScoped
instanceKlass org/apache/maven/ReactorReader
instanceKlass org/apache/maven/repository/internal/MavenWorkspaceReader
instanceKlass org/eclipse/aether/repository/WorkspaceReader
instanceKlass org/eclipse/sisu/space/WildcardKey$QualifiedImpl
instanceKlass org/eclipse/sisu/space/WildcardKey$Qualified
instanceKlass org/eclipse/sisu/space/WildcardKey
instanceKlass org/eclipse/sisu/Typed
instanceKlass org/sonatype/inject/EagerSingleton
instanceKlass org/eclipse/sisu/EagerSingleton
instanceKlass org/sonatype/inject/Mediator
instanceKlass org/eclipse/sisu/inject/TypeArguments
instanceKlass org/apache/maven/DefaultArtifactFilterManager
instanceKlass org/apache/maven/ArtifactFilterManager
instanceKlass org/objectweb/asm/Context
instanceKlass org/objectweb/asm/Attribute
instanceKlass org/objectweb/asm/AnnotationVisitor
instanceKlass org/objectweb/asm/ClassReader
instanceKlass jdk/internal/misc/ScopedMemoryAccess$Scope
instanceKlass org/eclipse/sisu/space/IndexedClassFinder$1
instanceKlass org/eclipse/sisu/inject/Logs$SLF4JSink
instanceKlass org/eclipse/sisu/inject/Logs$Sink
instanceKlass org/eclipse/sisu/inject/Logs
instanceKlass org/eclipse/sisu/space/QualifierCache
instanceKlass org/eclipse/sisu/space/QualifiedTypeVisitor
instanceKlass org/eclipse/sisu/plexus/PlexusTypeVisitor$ComponentAnnotationVisitor
instanceKlass org/eclipse/sisu/space/AnnotationVisitor
instanceKlass org/eclipse/sisu/plexus/PlexusTypeVisitor
instanceKlass org/eclipse/sisu/space/ClassVisitor
instanceKlass org/eclipse/sisu/plexus/PlexusXmlBeanModule$PlexusXmlBeanSource
instanceKlass org/eclipse/sisu/inject/DescriptionSource
instanceKlass org/eclipse/sisu/inject/AnnotatedSource
instanceKlass org/eclipse/sisu/Priority
instanceKlass org/eclipse/sisu/Hidden
instanceKlass org/eclipse/sisu/Description
instanceKlass org/eclipse/sisu/inject/Sources
instanceKlass com/google/inject/internal/MoreTypes$ParameterizedTypeImpl
instanceKlass sun/reflect/generics/reflectiveObjects/ParameterizedTypeImpl
instanceKlass sun/reflect/generics/reflectiveObjects/LazyReflectiveObjectGenerator
instanceKlass com/google/inject/Key$AnnotationInstanceStrategy
instanceKlass com/google/inject/name/NamedImpl
instanceKlass com/google/inject/name/Named
instanceKlass com/google/inject/name/Names
instanceKlass org/apache/maven/wagon/Wagon
instanceKlass org/apache/maven/toolchain/ToolchainsBuilder
instanceKlass org/apache/maven/toolchain/ToolchainManagerPrivate
instanceKlass org/apache/maven/toolchain/ToolchainManager
instanceKlass org/apache/maven/toolchain/ToolchainFactory
instanceKlass org/apache/maven/settings/MavenSettingsBuilder
instanceKlass org/apache/maven/rtinfo/RuntimeInformation
instanceKlass org/apache/maven/project/artifact/ProjectArtifactsCache
instanceKlass org/apache/maven/project/artifact/MavenMetadataCache
instanceKlass org/apache/maven/project/ProjectRealmCache
instanceKlass org/apache/maven/project/ProjectDependenciesResolver
instanceKlass org/apache/maven/project/ProjectBuildingHelper
instanceKlass org/apache/maven/project/ProjectBuilder
instanceKlass org/apache/maven/project/MavenProjectHelper
instanceKlass org/apache/maven/plugin/version/PluginVersionResolver
instanceKlass org/apache/maven/plugin/prefix/PluginPrefixResolver
instanceKlass org/apache/maven/plugin/internal/PluginDependenciesResolver
instanceKlass org/apache/maven/plugin/PluginRealmCache
instanceKlass org/apache/maven/plugin/PluginManager
instanceKlass org/apache/maven/plugin/PluginDescriptorCache
instanceKlass org/apache/maven/plugin/PluginArtifactsCache
instanceKlass org/apache/maven/plugin/MavenPluginManager
instanceKlass org/apache/maven/plugin/LegacySupport
instanceKlass org/apache/maven/plugin/ExtensionRealmCache
instanceKlass org/apache/maven/plugin/BuildPluginManager
instanceKlass org/apache/maven/model/plugin/LifecycleBindingsInjector
instanceKlass org/apache/maven/lifecycle/internal/builder/BuilderCommon
instanceKlass org/apache/maven/lifecycle/internal/builder/Builder
instanceKlass org/apache/maven/lifecycle/internal/MojoExecutor
instanceKlass org/apache/maven/lifecycle/internal/MojoDescriptorCreator
instanceKlass org/apache/maven/lifecycle/internal/LifecycleTaskSegmentCalculator
instanceKlass org/apache/maven/lifecycle/internal/LifecycleStarter
instanceKlass org/apache/maven/lifecycle/internal/LifecyclePluginResolver
instanceKlass org/apache/maven/lifecycle/internal/LifecycleModuleBuilder
instanceKlass org/apache/maven/lifecycle/internal/LifecycleExecutionPlanCalculator
instanceKlass org/apache/maven/lifecycle/internal/LifecycleDebugLogger
instanceKlass org/apache/maven/lifecycle/internal/ExecutionEventCatapult
instanceKlass org/apache/maven/lifecycle/internal/BuildListCalculator
instanceKlass org/apache/maven/lifecycle/MojoExecutionConfigurator
instanceKlass org/apache/maven/lifecycle/LifecycleMappingDelegate
instanceKlass org/apache/maven/lifecycle/LifecycleExecutor
instanceKlass org/apache/maven/lifecycle/LifeCyclePluginAnalyzer
instanceKlass org/apache/maven/lifecycle/DefaultLifecycles
instanceKlass org/apache/maven/graph/GraphBuilder
instanceKlass org/apache/maven/eventspy/internal/EventSpyDispatcher
instanceKlass org/apache/maven/configuration/BeanConfigurator
instanceKlass org/apache/maven/bridge/MavenRepositorySystem
instanceKlass org/apache/maven/artifact/resolver/ResolutionErrorHandler
instanceKlass org/apache/maven/artifact/repository/metadata/io/MetadataReader
instanceKlass org/apache/maven/artifact/metadata/ArtifactMetadataSource
instanceKlass org/apache/maven/repository/legacy/metadata/ArtifactMetadataSource
instanceKlass org/apache/maven/artifact/handler/manager/ArtifactHandlerManager
instanceKlass org/apache/maven/artifact/factory/ArtifactFactory
instanceKlass org/apache/maven/ProjectDependenciesResolver
instanceKlass org/apache/maven/Maven
instanceKlass org/apache/maven/artifact/handler/ArtifactHandler
instanceKlass org/apache/maven/lifecycle/Lifecycle
instanceKlass org/eclipse/sisu/space/CloningClassSpace$1
instanceKlass org/apache/maven/lifecycle/mapping/LifecycleMapping
instanceKlass org/apache/maven/repository/metadata/GraphConflictResolver
instanceKlass org/apache/maven/repository/metadata/GraphConflictResolutionPolicy
instanceKlass org/eclipse/sisu/plexus/ConfigurationImpl
instanceKlass org/apache/maven/repository/metadata/ClasspathTransformation
instanceKlass org/apache/maven/repository/legacy/resolver/transform/ArtifactTransformationManager
instanceKlass org/apache/maven/repository/legacy/resolver/transform/ArtifactTransformation
instanceKlass org/apache/maven/repository/legacy/resolver/conflict/ConflictResolverFactory
instanceKlass org/apache/maven/repository/legacy/resolver/conflict/ConflictResolver
instanceKlass org/apache/maven/repository/legacy/repository/ArtifactRepositoryFactory
instanceKlass org/apache/maven/repository/legacy/UpdateCheckManager
instanceKlass org/apache/maven/repository/RepositorySystem
instanceKlass org/apache/maven/repository/MirrorSelector
instanceKlass org/apache/maven/project/validation/ModelValidator
instanceKlass org/apache/maven/project/path/PathTranslator
instanceKlass org/apache/maven/project/interpolation/ModelInterpolator
instanceKlass org/apache/maven/project/inheritance/ModelInheritanceAssembler
instanceKlass org/apache/maven/project/MavenProjectBuilder
instanceKlass org/apache/maven/profiles/MavenProfilesBuilder
instanceKlass org/apache/maven/execution/RuntimeInformation
instanceKlass jdk/internal/access/foreign/MemorySegmentProxy
instanceKlass org/apache/maven/artifact/resolver/ArtifactResolver
instanceKlass org/apache/maven/artifact/resolver/ArtifactCollector
instanceKlass org/apache/maven/repository/legacy/resolver/LegacyArtifactCollector
instanceKlass org/apache/maven/artifact/repository/metadata/RepositoryMetadataManager
instanceKlass org/apache/maven/artifact/repository/layout/ArtifactRepositoryLayout
instanceKlass org/apache/maven/artifact/repository/ArtifactRepositoryFactory
instanceKlass org/apache/maven/artifact/manager/WagonManager
instanceKlass org/apache/maven/repository/legacy/WagonManager
instanceKlass org/apache/maven/artifact/installer/ArtifactInstaller
instanceKlass org/eclipse/sisu/plexus/PlexusXmlMetadata
instanceKlass org/eclipse/sisu/plexus/Roles
instanceKlass org/apache/maven/artifact/deployer/ArtifactDeployer
instanceKlass org/eclipse/sisu/plexus/Hints
instanceKlass org/eclipse/sisu/space/AbstractDeferredClass
instanceKlass org/eclipse/sisu/plexus/RequirementImpl
instanceKlass org/codehaus/plexus/component/annotations/Requirement
instanceKlass org/eclipse/sisu/space/Streams
instanceKlass org/eclipse/sisu/plexus/ComponentImpl
instanceKlass org/codehaus/plexus/component/annotations/Component
instanceKlass org/eclipse/sisu/plexus/PlexusTypeRegistry
instanceKlass org/eclipse/sisu/plexus/PlexusXmlScanner
instanceKlass org/eclipse/sisu/space/QualifiedTypeBinder
instanceKlass org/eclipse/sisu/plexus/PlexusTypeBinder
instanceKlass com/google/inject/spi/InjectionRequest
instanceKlass org/eclipse/sisu/bean/BeanProperty
instanceKlass com/google/common/collect/ObjectArrays
instanceKlass com/google/inject/internal/Nullability
instanceKlass com/google/inject/internal/KotlinSupport$KotlinUnsupported
instanceKlass com/google/inject/internal/KotlinSupport$KotlinSupportHolder
instanceKlass com/google/inject/internal/KotlinSupportInterface
instanceKlass com/google/inject/internal/KotlinSupport
instanceKlass com/google/inject/spi/InjectionPoint$OverrideIndex
instanceKlass org/eclipse/sisu/inject/RankedBindings
instanceKlass org/eclipse/sisu/Mediator
instanceKlass sun/reflect/generics/tree/TypeVariableSignature
instanceKlass com/google/inject/Inject
instanceKlass javax/inject/Inject
instanceKlass java/lang/reflect/WildcardType
instanceKlass java/lang/reflect/TypeVariable
instanceKlass com/google/inject/spi/InjectionPoint$InjectableMembers
instanceKlass com/google/inject/spi/InjectionPoint$InjectableMember
instanceKlass com/google/inject/spi/InjectionPoint
instanceKlass java/lang/reflect/ParameterizedType
instanceKlass com/google/inject/internal/MoreTypes$GenericArrayTypeImpl
instanceKlass com/google/inject/internal/MoreTypes$CompositeType
instanceKlass com/google/inject/Key$AnnotationTypeStrategy
instanceKlass com/google/common/cache/LocalCache$StrongValueReference
instanceKlass com/google/common/util/concurrent/AbstractFuture$Failure
instanceKlass com/google/common/util/concurrent/AbstractFuture$Cancellation
instanceKlass com/google/common/util/concurrent/AbstractFuture$DelegatingToFuture
instanceKlass com/google/common/util/concurrent/Platform
instanceKlass com/google/common/util/concurrent/Uninterruptibles
instanceKlass com/google/common/util/concurrent/AbstractFuture$Listener
instanceKlass com/google/common/util/concurrent/AbstractFutureState$Waiter
instanceKlass com/google/common/util/concurrent/LazyLogger
instanceKlass java/util/concurrent/Executor
instanceKlass com/google/common/util/concurrent/AbstractFutureState$AtomicHelper
instanceKlass com/google/common/util/concurrent/internal/InternalFutureFailureAccess
instanceKlass com/google/common/util/concurrent/AbstractFuture$Trusted
instanceKlass com/google/common/util/concurrent/ListenableFuture
instanceKlass java/lang/invoke/VarHandle$AccessDescriptor
instanceKlass java/lang/annotation/Documented
instanceKlass java/lang/annotation/Target
instanceKlass javax/inject/Named
instanceKlass javax/inject/Qualifier
instanceKlass com/google/inject/BindingAnnotation
instanceKlass javax/inject/Scope
instanceKlass com/google/inject/ScopeAnnotation
instanceKlass com/google/inject/internal/Annotations$AnnotationChecker
instanceKlass java/lang/reflect/Proxy$ProxyBuilder$1
instanceKlass jdk/internal/org/objectweb/asm/Edge
instanceKlass java/lang/reflect/ProxyGenerator$PrimitiveTypeInfo
instanceKlass java/util/StringJoiner
instanceKlass java/lang/reflect/ProxyGenerator$ProxyMethod
instanceKlass java/lang/WeakPairMap$Pair$Lookup
instanceKlass java/lang/WeakPairMap$Pair
instanceKlass java/lang/WeakPairMap
instanceKlass java/lang/Module$ReflectionData
instanceKlass jdk/internal/module/Checks
instanceKlass java/lang/module/ModuleDescriptor$Builder
instanceKlass java/lang/PublicMethods
instanceKlass java/util/Collections$1
instanceKlass java/lang/reflect/Proxy$ProxyBuilder
instanceKlass java/lang/reflect/Proxy
instanceKlass sun/reflect/annotation/AnnotationInvocationHandler
instanceKlass sun/reflect/annotation/AnnotationParser$1
instanceKlass sun/reflect/annotation/ExceptionProxy
instanceKlass java/lang/annotation/Inherited
instanceKlass java/lang/annotation/Retention
instanceKlass sun/reflect/annotation/AnnotationType$1
instanceKlass sun/reflect/annotation/AnnotationType
instanceKlass java/lang/reflect/GenericArrayType
instanceKlass sun/reflect/generics/visitor/Reifier
instanceKlass sun/reflect/generics/visitor/TypeTreeVisitor
instanceKlass sun/reflect/generics/factory/CoreReflectionFactory
instanceKlass sun/reflect/generics/factory/GenericsFactory
instanceKlass sun/reflect/generics/scope/AbstractScope
instanceKlass sun/reflect/generics/scope/Scope
instanceKlass com/google/inject/internal/Annotations$TestAnnotation
instanceKlass com/google/inject/internal/Annotations$AnnotationToStringConfig
instanceKlass com/google/common/base/Joiner$MapJoiner
instanceKlass com/google/common/base/Joiner
instanceKlass java/lang/reflect/InvocationHandler
instanceKlass com/google/inject/internal/Annotations
instanceKlass org/eclipse/sisu/Parameters
instanceKlass org/eclipse/sisu/wire/ParameterKeys
instanceKlass com/google/inject/internal/util/StackTraceElements$InMemoryStackTraceElement
instanceKlass com/google/inject/internal/util/StackTraceElements
instanceKlass org/eclipse/sisu/wire/TypeConverterCache
instanceKlass com/google/inject/internal/Scoping
instanceKlass com/google/inject/internal/InternalFactory
instanceKlass java/lang/StackTraceElement$HashedModules
instanceKlass com/google/inject/internal/InternalFlags$1
instanceKlass com/google/inject/internal/InternalFlags
instanceKlass com/google/inject/spi/ConstructorBinding
instanceKlass com/google/inject/spi/ProviderInstanceBinding
instanceKlass com/google/inject/internal/DelayedInitialize
instanceKlass com/google/inject/spi/ProviderKeyBinding
instanceKlass com/google/inject/spi/InstanceBinding
instanceKlass com/google/inject/spi/HasDependencies
instanceKlass com/google/inject/spi/LinkedKeyBinding
instanceKlass com/google/inject/spi/UntargettedBinding
instanceKlass com/google/inject/internal/BindingImpl
instanceKlass com/google/inject/Key$AnnotationStrategy
instanceKlass org/eclipse/sisu/wire/ElementAnalyzer$1
instanceKlass com/google/inject/util/Modules$EmptyModule
instanceKlass com/google/inject/util/Modules$OverriddenModuleBuilder
instanceKlass com/google/inject/util/Modules
instanceKlass java/util/stream/Nodes$ArrayNode
instanceKlass java/util/stream/Node$Builder
instanceKlass java/util/stream/Node$OfDouble
instanceKlass java/util/stream/Node$OfLong
instanceKlass java/util/stream/Node$OfInt
instanceKlass java/util/stream/Node$OfPrimitive
instanceKlass java/util/stream/Nodes$EmptyNode
instanceKlass java/util/stream/Node
instanceKlass java/util/stream/Nodes
instanceKlass java/util/function/IntFunction
instanceKlass java/util/stream/SortedOps
instanceKlass com/google/common/collect/Ordering
instanceKlass com/google/inject/internal/DeclaredMembers
instanceKlass com/google/common/base/ExtraObjectsMethodsForWeb
instanceKlass com/google/common/collect/ImmutableMap$Builder
instanceKlass com/google/inject/internal/MoreTypes
instanceKlass com/google/inject/multibindings/ProvidesIntoOptional
instanceKlass com/google/inject/multibindings/ProvidesIntoMap
instanceKlass com/google/inject/multibindings/ProvidesIntoSet
instanceKlass com/google/inject/Provides
instanceKlass javax/inject/Singleton
instanceKlass com/google/inject/spi/ElementSource
instanceKlass com/google/inject/spi/ScopeBinding
instanceKlass com/google/inject/Scopes$2
instanceKlass com/google/inject/Scopes$1
instanceKlass com/google/inject/internal/SingletonScope
instanceKlass com/google/inject/Scopes
instanceKlass com/google/inject/Singleton
instanceKlass com/google/inject/spi/Elements$ModuleInfo
instanceKlass com/google/inject/PrivateModule
instanceKlass java/util/stream/Streams$2
instanceKlass java/util/stream/Streams$ConcatSpliterator
instanceKlass sun/reflect/annotation/AnnotatedTypeFactory$AnnotatedTypeBaseImpl
instanceKlass java/lang/reflect/AnnotatedType
instanceKlass sun/reflect/annotation/AnnotatedTypeFactory
instanceKlass sun/reflect/annotation/TypeAnnotation$LocationInfo$Location
instanceKlass sun/reflect/annotation/TypeAnnotation$LocationInfo
instanceKlass sun/reflect/generics/tree/ClassSignature
instanceKlass sun/reflect/generics/tree/Signature
instanceKlass sun/reflect/generics/tree/ClassTypeSignature
instanceKlass sun/reflect/generics/tree/SimpleClassTypeSignature
instanceKlass sun/reflect/generics/tree/FieldTypeSignature
instanceKlass sun/reflect/generics/tree/BaseType
instanceKlass sun/reflect/generics/tree/TypeSignature
instanceKlass sun/reflect/generics/tree/ReturnType
instanceKlass sun/reflect/generics/tree/TypeArgument
instanceKlass sun/reflect/generics/tree/FormalTypeParameter
instanceKlass sun/reflect/generics/tree/TypeTree
instanceKlass sun/reflect/generics/tree/Tree
instanceKlass sun/reflect/generics/parser/SignatureParser
instanceKlass sun/reflect/generics/repository/AbstractRepository
instanceKlass sun/reflect/annotation/TypeAnnotation
instanceKlass sun/reflect/annotation/TypeAnnotationParser
instanceKlass java/lang/Class$AnnotationData
instanceKlass com/google/inject/RestrictedBindingSource
instanceKlass com/google/inject/spi/BindingSourceRestriction
instanceKlass com/google/inject/spi/ModuleSource
instanceKlass com/google/inject/internal/ProviderMethodsModule
instanceKlass com/google/inject/spi/BindingSourceRestriction$PermitMapConstruction$PermitMapImpl
instanceKlass com/google/inject/spi/BindingSourceRestriction$PermitMap
instanceKlass com/google/inject/spi/BindingSourceRestriction$PermitMapConstruction
instanceKlass com/google/common/collect/Hashing
instanceKlass com/google/common/math/IntMath$1
instanceKlass com/google/common/math/MathPreconditions
instanceKlass com/google/common/math/IntMath
instanceKlass com/google/inject/internal/AbstractBindingBuilder
instanceKlass com/google/inject/binder/ConstantBindingBuilder
instanceKlass com/google/inject/binder/AnnotatedElementBuilder
instanceKlass com/google/inject/spi/Elements$RecordingBinder
instanceKlass com/google/inject/Binding
instanceKlass com/google/inject/spi/DefaultBindingTargetVisitor
instanceKlass com/google/inject/spi/BindingTargetVisitor
instanceKlass com/google/inject/spi/Elements
instanceKlass com/google/inject/internal/InjectorShell$RootModule
instanceKlass com/google/common/collect/ListMultimap
instanceKlass com/google/inject/internal/InjectorBindingData
instanceKlass java/util/concurrent/atomic/AtomicReferenceArray
instanceKlass java/util/concurrent/Future
instanceKlass com/google/common/cache/LocalCache$LoadingValueReference
instanceKlass java/lang/invoke/VarForm
instanceKlass java/lang/invoke/VarHandleGuards
instanceKlass jdk/internal/util/Preconditions$1
instanceKlass java/lang/invoke/VarHandle$1
instanceKlass java/lang/ClassValue$Version
instanceKlass java/lang/ClassValue$Identity
instanceKlass java/lang/ClassValue
instanceKlass java/lang/invoke/VarHandles
instanceKlass java/util/concurrent/ConcurrentLinkedQueue$Node
instanceKlass com/google/common/cache/Weigher
instanceKlass com/google/common/base/Predicate
instanceKlass com/google/common/base/Equivalence
instanceKlass java/util/function/BiPredicate
instanceKlass com/google/common/base/MoreObjects
instanceKlass com/google/common/cache/LocalCache$1
instanceKlass com/google/common/cache/ReferenceEntry
instanceKlass com/google/common/cache/CacheLoader
instanceKlass com/google/common/cache/LocalCache$LocalManualCache
instanceKlass java/util/AbstractMap$SimpleImmutableEntry
instanceKlass com/google/common/cache/RemovalListener
instanceKlass com/google/common/cache/LocalCache$ValueReference
instanceKlass com/google/common/cache/CacheBuilder$2
instanceKlass com/google/common/cache/CacheStats
instanceKlass com/google/common/base/Suppliers$SupplierOfInstance
instanceKlass com/google/common/base/Suppliers
instanceKlass com/google/common/cache/CacheBuilder$1
instanceKlass com/google/common/cache/AbstractCache$StatsCounter
instanceKlass com/google/common/cache/LoadingCache
instanceKlass com/google/common/cache/Cache
instanceKlass com/google/common/base/Supplier
instanceKlass com/google/common/cache/CacheBuilder
instanceKlass com/google/inject/internal/WeakKeySet
instanceKlass com/google/common/collect/Sets
instanceKlass com/google/inject/internal/InjectorJitBindingData
instanceKlass com/google/inject/internal/ProcessedBindingData
instanceKlass com/google/inject/spi/DefaultElementVisitor
instanceKlass com/google/inject/internal/InjectorShell$Builder
instanceKlass com/google/common/collect/Lists
instanceKlass com/google/common/collect/CollectPreconditions
instanceKlass com/google/common/collect/LinkedHashMultimap$MultimapIterationChain
instanceKlass java/lang/StrictMath
instanceKlass com/google/common/collect/Platform
instanceKlass com/google/common/collect/Multiset
instanceKlass com/google/common/collect/AbstractMultimap
instanceKlass com/google/common/collect/SetMultimap
instanceKlass com/google/common/base/Converter
instanceKlass com/google/common/collect/ImmutableMap
instanceKlass com/google/common/base/Function
instanceKlass com/google/common/collect/BiMap
instanceKlass com/google/common/collect/SortedMapDifference
instanceKlass com/google/common/collect/MapDifference
instanceKlass com/google/common/collect/Maps
instanceKlass com/google/inject/internal/CycleDetectingLock
instanceKlass com/google/common/collect/Multimap
instanceKlass com/google/inject/internal/CycleDetectingLock$CycleDetectingLockFactory
instanceKlass com/google/inject/internal/Initializable
instanceKlass com/google/inject/internal/Initializer
instanceKlass com/google/common/collect/PeekingIterator
instanceKlass com/google/common/collect/UnmodifiableIterator
instanceKlass com/google/common/collect/Iterators
instanceKlass com/google/common/collect/ImmutableCollection$Builder
instanceKlass com/google/common/collect/ImmutableSet$SetBuilderImpl
instanceKlass com/google/inject/internal/util/SourceProvider
instanceKlass com/google/inject/spi/ErrorDetail
instanceKlass com/google/inject/internal/Errors
instanceKlass com/google/common/base/Preconditions
instanceKlass java/time/Duration
instanceKlass java/time/temporal/TemporalAmount
instanceKlass java/time/temporal/TemporalUnit
instanceKlass java/util/concurrent/TimeUnit$1
instanceKlass jdk/internal/logger/DefaultLoggerFinder$1
instanceKlass java/util/logging/Logger$SystemLoggerHelper$1
instanceKlass java/util/logging/Logger$SystemLoggerHelper
instanceKlass java/util/logging/LogManager$4
instanceKlass jdk/internal/logger/BootstrapLogger$BootstrapExecutors
instanceKlass jdk/internal/logger/BootstrapLogger$RedirectedLoggers
instanceKlass java/util/Spliterators$1Adapter
instanceKlass java/util/Spliterators$ArraySpliterator
instanceKlass java/util/Spliterator$OfDouble
instanceKlass java/util/Spliterator$OfLong
instanceKlass java/util/Spliterators$EmptySpliterator
instanceKlass java/util/Spliterators
instanceKlass jdk/internal/logger/BootstrapLogger$DetectBackend$1
instanceKlass jdk/internal/logger/BootstrapLogger$DetectBackend
instanceKlass jdk/internal/logger/BootstrapLogger
instanceKlass sun/util/logging/PlatformLogger$ConfigurableBridge
instanceKlass sun/util/logging/PlatformLogger$Bridge
instanceKlass java/lang/System$Logger
instanceKlass java/util/stream/Streams
instanceKlass java/util/stream/Stream$Builder
instanceKlass java/util/stream/Streams$AbstractStreamBuilderImpl
instanceKlass java/util/Hashtable$Enumerator
instanceKlass java/util/logging/LogManager$LoggerContext$1
instanceKlass java/util/logging/LogManager$VisitedLoggers
instanceKlass java/util/logging/LogManager$2
instanceKlass java/lang/System$LoggerFinder
instanceKlass java/util/logging/LogManager$LoggingProviderAccess
instanceKlass sun/util/logging/internal/LoggingProviderImpl$LogManagerAccess
instanceKlass java/util/Collections$SynchronizedMap
instanceKlass java/util/logging/LogManager$LogNode
instanceKlass java/util/logging/LogManager$LoggerContext
instanceKlass java/util/logging/LogManager$1
instanceKlass java/util/logging/LogManager
instanceKlass java/util/logging/Logger$ConfigurationData
instanceKlass java/util/logging/Logger$LoggerBundle
instanceKlass java/util/logging/Level
instanceKlass java/util/logging/Handler
instanceKlass java/util/logging/Logger
instanceKlass com/google/common/base/Ticker
instanceKlass com/google/common/base/Stopwatch
instanceKlass com/google/inject/internal/util/ContinuousStopwatch
instanceKlass com/google/inject/Injector
instanceKlass com/google/inject/internal/InternalInjectorCreator
instanceKlass com/google/inject/Guice
instanceKlass org/eclipse/sisu/wire/Wiring
instanceKlass org/eclipse/sisu/wire/WireModule$Strategy$1
instanceKlass org/eclipse/sisu/wire/WireModule$Strategy
instanceKlass org/eclipse/sisu/wire/AbstractTypeConverter
instanceKlass com/google/inject/spi/ElementVisitor
instanceKlass org/eclipse/sisu/wire/WireModule
instanceKlass org/eclipse/sisu/bean/BeanBinder
instanceKlass org/eclipse/sisu/plexus/PlexusBindingModule
instanceKlass org/codehaus/plexus/DefaultPlexusContainer$BootModule
instanceKlass org/codehaus/plexus/component/annotations/Configuration
instanceKlass org/eclipse/sisu/plexus/PlexusAnnotatedMetadata
instanceKlass org/eclipse/sisu/plexus/PlexusBeanMetadata
instanceKlass org/eclipse/sisu/plexus/PlexusAnnotatedBeanModule$PlexusAnnotatedBeanSource
instanceKlass org/eclipse/sisu/space/SpaceModule$2
instanceKlass org/eclipse/sisu/space/SpaceModule$Strategy$2
instanceKlass org/eclipse/sisu/space/SpaceModule$Strategy$1
instanceKlass org/eclipse/sisu/space/DefaultClassFinder
instanceKlass org/objectweb/asm/ClassVisitor
instanceKlass org/eclipse/sisu/space/SpaceScanner
instanceKlass org/eclipse/sisu/space/IndexedClassFinder
instanceKlass org/eclipse/sisu/space/ClassFinder
instanceKlass org/eclipse/sisu/space/SpaceModule
instanceKlass org/eclipse/sisu/space/SpaceVisitor
instanceKlass org/eclipse/sisu/plexus/PlexusTypeListener
instanceKlass org/eclipse/sisu/space/QualifiedTypeListener
instanceKlass org/eclipse/sisu/plexus/PlexusAnnotatedBeanModule$1
instanceKlass org/eclipse/sisu/space/SpaceModule$Strategy
instanceKlass org/eclipse/sisu/plexus/PlexusAnnotatedBeanModule
instanceKlass org/eclipse/sisu/plexus/PlexusBeanSource
instanceKlass org/eclipse/sisu/plexus/PlexusXmlBeanModule
instanceKlass org/eclipse/sisu/plexus/PlexusBeanModule
instanceKlass org/eclipse/sisu/space/URLClassSpace
instanceKlass org/codehaus/plexus/DefaultPlexusContainer$SLF4JLoggerFactoryProvider
instanceKlass com/google/inject/util/Providers$ConstantProvider
instanceKlass com/google/inject/util/Providers
instanceKlass org/codehaus/plexus/personality/plexus/lifecycle/phase/Disposable
instanceKlass org/codehaus/plexus/personality/plexus/lifecycle/phase/Startable
instanceKlass org/codehaus/plexus/personality/plexus/lifecycle/phase/Initializable
instanceKlass org/codehaus/plexus/personality/plexus/lifecycle/phase/Contextualizable
instanceKlass org/codehaus/plexus/logging/LogEnabled
instanceKlass org/eclipse/sisu/bean/PropertyBinding
instanceKlass javax/annotation/PreDestroy
instanceKlass javax/annotation/PostConstruct
instanceKlass org/eclipse/sisu/bean/LifecycleBuilder
instanceKlass org/eclipse/sisu/bean/BeanScheduler$1
instanceKlass com/google/inject/spi/DefaultBindingScopingVisitor
instanceKlass com/google/inject/spi/BindingScopingVisitor
instanceKlass org/eclipse/sisu/bean/BeanScheduler$CycleActivator
instanceKlass com/google/inject/spi/ModuleAnnotatedMethodScanner
instanceKlass com/google/inject/PrivateBinder
instanceKlass com/google/inject/MembersInjector
instanceKlass com/google/inject/spi/TypeListener
instanceKlass com/google/inject/Scope
instanceKlass com/google/inject/spi/Message
instanceKlass com/google/inject/spi/Element
instanceKlass com/google/inject/binder/AnnotatedConstantBindingBuilder
instanceKlass org/aopalliance/intercept/MethodInterceptor
instanceKlass org/aopalliance/intercept/Interceptor
instanceKlass org/aopalliance/aop/Advice
instanceKlass com/google/inject/spi/Dependency
instanceKlass com/google/inject/TypeLiteral
instanceKlass com/google/inject/Key
instanceKlass com/google/inject/binder/AnnotatedBindingBuilder
instanceKlass com/google/inject/binder/LinkedBindingBuilder
instanceKlass com/google/inject/binder/ScopedBindingBuilder
instanceKlass com/google/inject/spi/ProvisionListener
instanceKlass com/google/inject/Binder
instanceKlass org/eclipse/sisu/bean/BeanScheduler
instanceKlass org/eclipse/sisu/plexus/DefaultPlexusBeanLocator
instanceKlass org/eclipse/sisu/plexus/RealmManager
instanceKlass org/codehaus/plexus/context/ContextMapAdapter
instanceKlass org/codehaus/plexus/context/DefaultContext
instanceKlass org/codehaus/plexus/logging/AbstractLogger
instanceKlass org/codehaus/plexus/logging/AbstractLoggerManager
instanceKlass java/util/Date
instanceKlass java/text/DigitList
instanceKlass java/text/FieldPosition
instanceKlass java/lang/StringUTF16$CharsSpliterator
instanceKlass java/util/stream/Sink$ChainedInt
instanceKlass java/util/OptionalInt
instanceKlass java/util/stream/Sink$OfInt
instanceKlass java/util/function/IntConsumer
instanceKlass java/util/function/IntPredicate
instanceKlass java/util/stream/IntStream
instanceKlass java/lang/StringLatin1$CharsSpliterator
instanceKlass java/util/Spliterator$OfInt
instanceKlass java/util/Spliterator$OfPrimitive
instanceKlass java/text/DecimalFormatSymbols
instanceKlass java/text/DateFormatSymbols
instanceKlass sun/util/calendar/CalendarUtils
instanceKlass sun/util/calendar/CalendarDate
instanceKlass sun/util/resources/Bundles$CacheKeyReference
instanceKlass java/util/ResourceBundle$ResourceBundleProviderHelper
instanceKlass sun/util/resources/Bundles$CacheKey
instanceKlass java/util/ResourceBundle$1
instanceKlass jdk/internal/access/JavaUtilResourceBundleAccess
instanceKlass sun/util/resources/Bundles
instanceKlass sun/util/resources/LocaleData$LocaleDataStrategy
instanceKlass sun/util/resources/Bundles$Strategy
instanceKlass sun/util/resources/LocaleData$1
instanceKlass sun/util/resources/LocaleData
instanceKlass sun/util/locale/provider/LocaleResources
instanceKlass java/util/ResourceBundle
instanceKlass java/util/ResourceBundle$Control
instanceKlass sun/util/locale/provider/CalendarDataUtility$CalendarWeekParameterGetter
instanceKlass sun/util/locale/provider/LocaleServiceProviderPool$LocalizedObjectGetter
instanceKlass sun/util/locale/provider/LocaleServiceProviderPool
instanceKlass java/util/Locale$Builder
instanceKlass sun/util/locale/provider/CalendarDataUtility
instanceKlass sun/util/calendar/CalendarSystem$GregorianHolder
instanceKlass sun/util/calendar/CalendarSystem
instanceKlass java/util/Calendar$Builder
instanceKlass java/util/StringTokenizer
instanceKlass sun/util/locale/provider/AvailableLanguageTags
instanceKlass java/util/ServiceLoader$ProviderImpl
instanceKlass java/util/ServiceLoader$Provider
instanceKlass java/util/ServiceLoader$1
instanceKlass sun/util/resources/cldr/provider/CLDRLocaleDataMetaInfo
instanceKlass jdk/internal/module/ModulePatcher$PatchedModuleReader
instanceKlass java/util/ServiceLoader$3
instanceKlass java/util/ServiceLoader$2
instanceKlass java/util/ServiceLoader$LazyClassPathLookupIterator
instanceKlass java/util/concurrent/CopyOnWriteArrayList$COWIterator
instanceKlass java/util/ServiceLoader$ModuleServicesLookupIterator
instanceKlass java/util/ServiceLoader
instanceKlass sun/util/locale/LocaleObjectCache
instanceKlass sun/util/locale/BaseLocale$Key
instanceKlass sun/util/locale/InternalLocaleBuilder$CaseInsensitiveChar
instanceKlass sun/util/locale/InternalLocaleBuilder
instanceKlass sun/util/locale/StringTokenIterator
instanceKlass sun/util/locale/ParseStatus
instanceKlass sun/util/locale/LanguageTag
instanceKlass sun/util/cldr/CLDRBaseLocaleDataMetaInfo
instanceKlass sun/util/locale/provider/LocaleDataMetaInfo
instanceKlass sun/util/locale/provider/ResourceBundleBasedAdapter
instanceKlass sun/util/locale/provider/LocaleProviderAdapter$1
instanceKlass sun/util/locale/provider/LocaleProviderAdapter
instanceKlass java/util/spi/LocaleServiceProvider
instanceKlass sun/util/calendar/ZoneInfoFile$ZoneOffsetTransitionRule
instanceKlass sun/util/calendar/ZoneInfoFile$1
instanceKlass sun/util/calendar/ZoneInfoFile
instanceKlass java/util/TimeZone
instanceKlass java/util/Calendar
instanceKlass java/text/AttributedCharacterIterator$Attribute
instanceKlass com/google/inject/matcher/AbstractMatcher
instanceKlass com/google/inject/matcher/Matcher
instanceKlass com/google/inject/spi/TypeConverter
instanceKlass org/codehaus/plexus/DefaultPlexusContainer$LoggerProvider
instanceKlass org/codehaus/plexus/DefaultPlexusContainer$DefaultsModule
instanceKlass org/codehaus/plexus/DefaultPlexusContainer$ContainerModule
instanceKlass java/util/concurrent/locks/ReentrantReadWriteLock$WriteLock
instanceKlass java/util/concurrent/locks/ReentrantReadWriteLock$ReadLock
instanceKlass java/util/concurrent/locks/ReentrantReadWriteLock
instanceKlass java/util/concurrent/locks/ReadWriteLock
instanceKlass org/eclipse/sisu/inject/ImplicitBindings
instanceKlass org/eclipse/sisu/inject/MildValues$InverseMapping
instanceKlass org/eclipse/sisu/inject/MildValues
instanceKlass org/eclipse/sisu/inject/Weak
instanceKlass sun/reflect/misc/ReflectUtil
instanceKlass java/util/concurrent/atomic/AtomicReferenceFieldUpdater$AtomicReferenceFieldUpdaterImpl$1
instanceKlass java/util/concurrent/atomic/AtomicReferenceFieldUpdater
instanceKlass org/eclipse/sisu/inject/RankedSequence$Content
instanceKlass org/eclipse/sisu/inject/RankedSequence
instanceKlass org/eclipse/sisu/inject/BindingSubscriber
instanceKlass org/eclipse/sisu/inject/DefaultBeanLocator
instanceKlass org/eclipse/sisu/inject/DeferredClass
instanceKlass org/codehaus/plexus/DefaultPlexusContainer$LoggerManagerProvider
instanceKlass org/eclipse/sisu/inject/DeferredProvider
instanceKlass com/google/inject/Provider
instanceKlass com/google/inject/AbstractModule
instanceKlass org/codehaus/plexus/context/Context
instanceKlass javax/inject/Provider
instanceKlass org/eclipse/sisu/bean/BeanManager
instanceKlass org/eclipse/sisu/plexus/PlexusBeanLocator
instanceKlass org/codehaus/plexus/classworlds/ClassWorldListener
instanceKlass com/google/inject/Module
instanceKlass org/eclipse/sisu/inject/MutableBeanLocator
instanceKlass org/eclipse/sisu/inject/BeanLocator
instanceKlass org/eclipse/sisu/inject/BindingPublisher
instanceKlass org/eclipse/sisu/inject/RankingFunction
instanceKlass org/eclipse/sisu/space/ClassSpace
instanceKlass org/codehaus/plexus/DefaultPlexusContainer
instanceKlass org/codehaus/plexus/MutablePlexusContainer
instanceKlass java/util/stream/ReduceOps$AccumulatingSink
instanceKlass java/util/stream/ReduceOps$Box
instanceKlass java/util/stream/ReduceOps$ReduceOp
instanceKlass java/util/stream/ReduceOps
instanceKlass java/util/function/BinaryOperator
instanceKlass java/util/stream/Collectors$CollectorImpl
instanceKlass java/util/stream/Collector
instanceKlass java/util/stream/Collectors
instanceKlass sun/invoke/util/VerifyAccess$1
instanceKlass java/util/HashMap$HashMapSpliterator
instanceKlass org/apache/maven/extension/internal/CoreExports
instanceKlass java/util/Collections$UnmodifiableCollection$1
instanceKlass org/codehaus/plexus/DefaultContainerConfiguration
instanceKlass org/codehaus/plexus/ContainerConfiguration
instanceKlass org/codehaus/plexus/util/BaseIOUtil
instanceKlass org/codehaus/plexus/util/xml/XMLWriter
instanceKlass org/codehaus/plexus/util/xml/Xpp3Dom
instanceKlass org/codehaus/plexus/util/xml/pull/MXParser
instanceKlass org/codehaus/plexus/util/xml/pull/XmlPullParser
instanceKlass org/codehaus/plexus/util/xml/Xpp3DomBuilder
instanceKlass java/util/regex/ASCII
instanceKlass org/codehaus/plexus/util/ReaderFactory
instanceKlass org/apache/maven/project/ExtensionDescriptor
instanceKlass org/apache/maven/project/ExtensionDescriptorBuilder
instanceKlass org/apache/maven/extension/internal/CoreExtensionEntry
instanceKlass org/codehaus/plexus/logging/Logger
instanceKlass org/apache/maven/cli/logging/Slf4jLoggerManager
instanceKlass org/slf4j/impl/MavenSlf4jSimpleFriend
instanceKlass org/slf4j/MavenSlf4jFriend
instanceKlass org/apache/maven/cli/logging/BaseSlf4jConfiguration
instanceKlass org/codehaus/plexus/util/PropertyUtils
instanceKlass org/apache/maven/cli/logging/Slf4jConfiguration
instanceKlass org/apache/maven/cli/logging/Slf4jConfigurationFactory
instanceKlass org/slf4j/impl/OutputChoice
instanceKlass sun/net/DefaultProgressMeteringPolicy
instanceKlass sun/net/ProgressMeteringPolicy
instanceKlass sun/net/ProgressMonitor
instanceKlass org/slf4j/impl/SimpleLoggerConfiguration$1
instanceKlass java/text/Format
instanceKlass org/slf4j/impl/SimpleLoggerConfiguration
instanceKlass org/slf4j/helpers/NamedLoggerBase
instanceKlass org/slf4j/impl/SimpleLoggerFactory
instanceKlass org/slf4j/impl/StaticLoggerBinder
instanceKlass org/slf4j/spi/LoggerFactoryBinder
instanceKlass java/util/Collections$3
instanceKlass java/net/URLClassLoader$3$1
instanceKlass java/net/URLClassLoader$3
instanceKlass jdk/internal/loader/URLClassPath$1
instanceKlass java/lang/CompoundEnumeration
instanceKlass jdk/internal/loader/BuiltinClassLoader$1
instanceKlass java/util/Collections$EmptyEnumeration
instanceKlass org/slf4j/helpers/Util
instanceKlass org/slf4j/helpers/NOPLoggerFactory
instanceKlass java/util/concurrent/LinkedBlockingQueue$Node
instanceKlass java/util/concurrent/locks/AbstractQueuedSynchronizer$ConditionObject
instanceKlass java/util/concurrent/locks/Condition
instanceKlass java/util/concurrent/BlockingQueue
instanceKlass org/slf4j/helpers/SubstituteLoggerFactory
instanceKlass org/slf4j/ILoggerFactory
instanceKlass org/slf4j/event/LoggingEvent
instanceKlass org/slf4j/LoggerFactory
instanceKlass org/codehaus/plexus/interpolation/SimpleRecursionInterceptor
instanceKlass java/util/LinkedList$ListItr
instanceKlass org/codehaus/plexus/util/StringUtils
instanceKlass org/apache/maven/cli/CLIReportingUtils
instanceKlass java/util/function/BiConsumer
instanceKlass org/codehaus/plexus/interpolation/AbstractValueSource
instanceKlass org/codehaus/plexus/interpolation/RecursionInterceptor
instanceKlass org/codehaus/plexus/interpolation/StringSearchInterpolator
instanceKlass org/codehaus/plexus/interpolation/Interpolator
instanceKlass org/codehaus/plexus/interpolation/BasicInterpolator
instanceKlass org/apache/maven/properties/internal/SystemProperties
instanceKlass java/util/Collections$SynchronizedCollection
instanceKlass java/util/Properties$EntrySet
instanceKlass java/util/Collections$UnmodifiableMap$UnmodifiableEntrySet$UnmodifiableEntry
instanceKlass java/util/Collections$UnmodifiableMap$UnmodifiableEntrySet$1
instanceKlass org/codehaus/plexus/util/Os
instanceKlass org/apache/maven/properties/internal/EnvironmentUtils
instanceKlass java/util/stream/Sink$ChainedReference
instanceKlass java/util/stream/FindOps$FindOp
instanceKlass java/util/stream/TerminalOp
instanceKlass java/util/stream/FindOps$FindSink
instanceKlass java/util/stream/TerminalSink
instanceKlass java/util/stream/Sink
instanceKlass java/util/stream/FindOps
instanceKlass java/util/function/Predicate
instanceKlass sun/reflect/annotation/AnnotationParser
instanceKlass java/lang/Class$3
instanceKlass java/util/EnumMap$1
instanceKlass java/util/stream/StreamOpFlag$MaskBuilder
instanceKlass java/util/stream/Stream
instanceKlass java/util/stream/BaseStream
instanceKlass java/util/stream/PipelineHelper
instanceKlass java/util/stream/StreamSupport
instanceKlass java/util/ArrayList$ArrayListSpliterator
instanceKlass java/util/Spliterator
instanceKlass java/util/LinkedList$Node
instanceKlass java/util/AbstractList$Itr
instanceKlass org/apache/commons/cli/Util
instanceKlass org/apache/commons/cli/CommandLine$Builder
instanceKlass org/apache/commons/cli/CommandLine
instanceKlass java/util/LinkedHashMap$LinkedHashIterator
instanceKlass java/util/function/Consumer
instanceKlass org/apache/commons/cli/Parser
instanceKlass org/apache/maven/cli/CleanArgument
instanceKlass org/apache/commons/cli/OptionValidator
instanceKlass org/apache/commons/cli/Option$Builder
instanceKlass org/apache/commons/cli/Option
instanceKlass org/apache/commons/cli/Options
instanceKlass org/apache/commons/cli/CommandLineParser
instanceKlass org/apache/maven/cli/CLIManager
instanceKlass org/apache/maven/cli/logging/Slf4jStdoutLogger
instanceKlass sun/nio/fs/ExtendedFileSystemProvider
instanceKlass sun/nio/fs/WindowsPath$1
instanceKlass sun/nio/fs/WindowsLinkSupport
instanceKlass org/eclipse/aether/DefaultRepositoryCache
instanceKlass org/apache/maven/project/ProjectBuildingRequest
instanceKlass org/apache/maven/execution/DefaultMavenExecutionRequest
instanceKlass org/apache/maven/execution/MavenExecutionRequest
instanceKlass java/lang/Shutdown$Lock
instanceKlass java/lang/Shutdown
instanceKlass java/lang/ApplicationShutdownHooks$1
instanceKlass java/lang/ApplicationShutdownHooks
instanceKlass java/util/IdentityHashMap$IdentityHashMapIterator
instanceKlass java/util/regex/IntHashSet
instanceKlass java/util/regex/Matcher
instanceKlass java/util/regex/MatchResult
instanceKlass org/fusesource/jansi/io/AnsiOutputStream$IoRunnable
instanceKlass sun/net/www/protocol/jar/JarFileFactory
instanceKlass sun/net/www/protocol/jar/URLJarFile$URLJarFileCloseController
instanceKlass java/net/URLClassLoader$2
instanceKlass org/fusesource/jansi/AnsiConsole$1
instanceKlass org/fusesource/jansi/internal/Kernel32
instanceKlass jdk/internal/jimage/ImageLocation
instanceKlass jdk/internal/jimage/decompressor/Decompressor
instanceKlass jdk/internal/jimage/ImageStringsReader
instanceKlass jdk/internal/jimage/ImageStrings
instanceKlass jdk/internal/jimage/ImageHeader
instanceKlass jdk/internal/loader/NativeLibraries$Unloader
instanceKlass jdk/internal/jimage/NativeImageBuffer$1
instanceKlass jdk/internal/jimage/NativeImageBuffer
instanceKlass jdk/internal/jimage/BasicImageReader$1
instanceKlass jdk/internal/jimage/BasicImageReader
instanceKlass jdk/internal/jimage/ImageReader
instanceKlass jdk/internal/jimage/ImageReaderFactory$1
instanceKlass jdk/internal/jimage/ImageReaderFactory
instanceKlass jdk/internal/module/SystemModuleFinders$SystemImage
instanceKlass jdk/internal/module/SystemModuleFinders$SystemModuleReader
instanceKlass java/lang/module/ModuleReader
instanceKlass jdk/internal/loader/BuiltinClassLoader$5
instanceKlass jdk/internal/loader/BuiltinClassLoader$2
instanceKlass jdk/internal/module/Resources
instanceKlass org/fusesource/jansi/internal/JansiLoader$1
instanceKlass org/fusesource/jansi/internal/OSInfo
instanceKlass org/fusesource/jansi/internal/JansiLoader
instanceKlass org/fusesource/jansi/internal/CLibrary
instanceKlass java/lang/ProcessEnvironment$CheckedEntry
instanceKlass java/lang/ProcessEnvironment$CheckedEntrySet$1
instanceKlass java/lang/ProcessEnvironment$EntryComparator
instanceKlass java/lang/ProcessEnvironment$NameComparator
instanceKlass org/fusesource/jansi/io/AnsiProcessor
instanceKlass org/fusesource/jansi/io/AnsiOutputStream$WidthSupplier
instanceKlass org/fusesource/jansi/AnsiConsole
instanceKlass java/util/concurrent/Callable
instanceKlass org/fusesource/jansi/Ansi
instanceKlass org/apache/maven/shared/utils/logging/LoggerLevelRenderer
instanceKlass org/apache/maven/shared/utils/logging/MessageBuilder
instanceKlass org/apache/maven/shared/utils/logging/MessageUtils
instanceKlass java/util/regex/CharPredicates
instanceKlass java/util/regex/Pattern$BitClass
instanceKlass java/util/regex/Pattern$TreeInfo
instanceKlass java/util/regex/Pattern$BmpCharPredicate
instanceKlass java/util/regex/Pattern$CharPredicate
instanceKlass java/util/regex/Pattern$Node
instanceKlass java/util/regex/Pattern
instanceKlass org/apache/maven/cli/CliRequest
instanceKlass org/apache/maven/eventspy/EventSpy$Context
instanceKlass org/codehaus/plexus/PlexusContainer
instanceKlass org/apache/maven/exception/ExceptionHandler
instanceKlass org/eclipse/aether/RepositoryCache
instanceKlass org/codehaus/plexus/interpolation/ValueSource
instanceKlass org/slf4j/Logger
instanceKlass org/apache/maven/toolchain/building/ToolchainsBuildingRequest
instanceKlass org/apache/maven/building/Source
instanceKlass org/codehaus/plexus/logging/LoggerManager
instanceKlass org/apache/maven/execution/ExecutionListener
instanceKlass org/eclipse/aether/transfer/TransferListener
instanceKlass org/apache/maven/cli/MavenCli
instanceKlass java/io/FilePermissionCollection$1
instanceKlass java/util/function/BiFunction
instanceKlass java/security/Security$2
instanceKlass jdk/internal/access/JavaSecurityPropertiesAccess
instanceKlass java/util/concurrent/ConcurrentHashMap$MapEntry
instanceKlass java/io/FileInputStream$1
instanceKlass java/util/Properties$LineReader
instanceKlass java/security/Security$1
instanceKlass java/security/Security
instanceKlass sun/security/util/SecurityProperties
instanceKlass sun/security/util/FilePermCompat
instanceKlass java/io/FilePermission$1
instanceKlass jdk/internal/access/JavaIOFilePermissionAccess
instanceKlass sun/net/www/MessageHeader
instanceKlass java/net/URLConnection
instanceKlass java/util/TreeMap$Entry
instanceKlass java/net/URLClassLoader$1
instanceKlass java/util/TreeMap$PrivateEntryIterator
instanceKlass java/util/TimSort
instanceKlass java/util/Arrays$LegacyMergeSort
instanceKlass java/lang/invoke/LambdaFormBuffer
instanceKlass java/lang/invoke/LambdaFormEditor$TransformKey
instanceKlass java/lang/invoke/LambdaFormEditor
instanceKlass sun/invoke/util/Wrapper$1
instanceKlass java/lang/invoke/DelegatingMethodHandle$Holder
instanceKlass java/lang/invoke/DirectMethodHandle$2
instanceKlass java/lang/invoke/ClassSpecializer$Factory
instanceKlass java/lang/invoke/ClassSpecializer$SpeciesData
instanceKlass java/lang/invoke/ClassSpecializer$1
instanceKlass java/lang/invoke/ClassSpecializer
instanceKlass java/lang/invoke/InnerClassLambdaMetafactory$1
instanceKlass jdk/internal/org/objectweb/asm/ClassReader
instanceKlass java/lang/invoke/LambdaProxyClassArchive
instanceKlass java/lang/invoke/InfoFromMemberName
instanceKlass java/lang/invoke/MethodHandleInfo
instanceKlass jdk/internal/org/objectweb/asm/ConstantDynamic
instanceKlass jdk/internal/org/objectweb/asm/Handle
instanceKlass sun/security/action/GetBooleanAction
instanceKlass java/lang/invoke/AbstractValidatingLambdaMetafactory
instanceKlass java/lang/invoke/MethodHandleImpl$1
instanceKlass jdk/internal/access/JavaLangInvokeAccess
instanceKlass java/lang/invoke/Invokers$Holder
instanceKlass java/lang/invoke/BootstrapMethodInvoker
instanceKlass java/lang/invoke/MethodHandles$Lookup$ClassDefiner
instanceKlass java/lang/invoke/MethodHandles$Lookup$ClassFile
instanceKlass jdk/internal/org/objectweb/asm/Handler
instanceKlass jdk/internal/org/objectweb/asm/Attribute
instanceKlass jdk/internal/org/objectweb/asm/FieldVisitor
instanceKlass sun/invoke/empty/Empty
instanceKlass sun/invoke/util/VerifyType
instanceKlass java/lang/invoke/InvokerBytecodeGenerator$ClassData
instanceKlass jdk/internal/org/objectweb/asm/AnnotationVisitor
instanceKlass jdk/internal/org/objectweb/asm/Frame
instanceKlass jdk/internal/org/objectweb/asm/Label
instanceKlass jdk/internal/org/objectweb/asm/Type
instanceKlass jdk/internal/org/objectweb/asm/MethodVisitor
instanceKlass sun/invoke/util/BytecodeDescriptor
instanceKlass jdk/internal/org/objectweb/asm/ByteVector
instanceKlass jdk/internal/org/objectweb/asm/Symbol
instanceKlass jdk/internal/org/objectweb/asm/SymbolTable
instanceKlass jdk/internal/org/objectweb/asm/ClassVisitor
instanceKlass java/io/FilenameFilter
instanceKlass java/lang/invoke/InvokerBytecodeGenerator$2
instanceKlass java/lang/invoke/InvokerBytecodeGenerator
instanceKlass java/lang/invoke/LambdaForm$Holder
instanceKlass java/lang/invoke/LambdaForm$Name
instanceKlass java/lang/invoke/Invokers
instanceKlass java/lang/invoke/MethodHandleImpl
instanceKlass sun/invoke/util/ValueConversions
instanceKlass java/lang/invoke/DirectMethodHandle$Holder
instanceKlass java/lang/invoke/LambdaForm$NamedFunction
instanceKlass sun/invoke/util/Wrapper$Format
instanceKlass java/lang/invoke/MethodTypeForm
instanceKlass java/lang/invoke/MethodType$ConcurrentWeakInternSet
instanceKlass java/lang/invoke/LambdaMetafactory
instanceKlass java/util/ArrayList$Itr
instanceKlass org/codehaus/plexus/classworlds/strategy/AbstractStrategy
instanceKlass org/codehaus/plexus/classworlds/strategy/Strategy
instanceKlass org/codehaus/plexus/classworlds/strategy/StrategyFactory
instanceKlass java/util/NavigableMap
instanceKlass java/util/SortedMap
instanceKlass java/util/NavigableSet
instanceKlass java/util/SortedSet
instanceKlass sun/nio/ch/IOStatus
instanceKlass java/nio/DirectByteBuffer$Deallocator
instanceKlass sun/nio/ch/Util$BufferCache
instanceKlass sun/nio/ch/Util
instanceKlass sun/nio/ch/NativeThread
instanceKlass java/io/Reader
instanceKlass org/codehaus/plexus/classworlds/launcher/ConfigurationParser
instanceKlass org/codehaus/plexus/classworlds/launcher/Configurator
instanceKlass org/codehaus/plexus/classworlds/launcher/ConfigurationHandler
instanceKlass java/nio/channels/Channels
instanceKlass sun/nio/ch/FileChannelImpl$Closer
instanceKlass sun/nio/ch/NativeDispatcher
instanceKlass sun/nio/ch/NativeThreadSet
instanceKlass sun/nio/ch/IOUtil
instanceKlass java/nio/channels/spi/AbstractInterruptibleChannel
instanceKlass java/nio/channels/InterruptibleChannel
instanceKlass java/nio/channels/ScatteringByteChannel
instanceKlass java/nio/channels/GatheringByteChannel
instanceKlass java/nio/channels/SeekableByteChannel
instanceKlass java/nio/channels/ByteChannel
instanceKlass java/nio/channels/WritableByteChannel
instanceKlass java/nio/channels/ReadableByteChannel
instanceKlass java/nio/channels/Channel
instanceKlass java/util/Collections$EmptyIterator
instanceKlass sun/nio/fs/WindowsChannelFactory$Flags
instanceKlass sun/nio/fs/WindowsChannelFactory$1
instanceKlass sun/nio/fs/WindowsChannelFactory
instanceKlass sun/nio/fs/WindowsSecurityDescriptor
instanceKlass java/nio/file/attribute/FileAttribute
instanceKlass java/net/URI$Parser
instanceKlass java/nio/file/FileSystems$DefaultFileSystemHolder$1
instanceKlass java/nio/file/FileSystems$DefaultFileSystemHolder
instanceKlass java/nio/file/FileSystems
instanceKlass java/nio/file/Paths
instanceKlass java/lang/Void
instanceKlass java/lang/PublicMethods$Key
instanceKlass java/lang/PublicMethods$MethodList
instanceKlass org/codehaus/plexus/classworlds/ClassWorld
instanceKlass org/codehaus/plexus/classworlds/launcher/Launcher
instanceKlass java/security/SecureClassLoader$DebugHolder
instanceKlass java/security/PermissionCollection
instanceKlass java/security/SecureClassLoader$1
instanceKlass java/security/SecureClassLoader$CodeSourceKey
instanceKlass java/util/zip/Checksum$1
instanceKlass java/util/zip/CRC32
instanceKlass java/util/zip/Checksum
instanceKlass sun/nio/ByteBuffered
instanceKlass java/lang/Package$VersionInfo
instanceKlass java/lang/NamedPackage
instanceKlass java/util/jar/Attributes$Name
instanceKlass java/util/jar/Attributes
instanceKlass jdk/internal/loader/Resource
instanceKlass sun/security/action/GetIntegerAction
instanceKlass sun/security/util/Debug
instanceKlass sun/security/util/SignatureFileVerifier
instanceKlass java/util/zip/ZipFile$InflaterCleanupAction
instanceKlass java/util/zip/Inflater$InflaterZStreamRef
instanceKlass java/util/zip/Inflater
instanceKlass java/util/zip/ZipEntry
instanceKlass jdk/internal/util/jar/JarIndex
instanceKlass java/nio/Bits$1
instanceKlass jdk/internal/misc/VM$BufferPool
instanceKlass java/nio/Bits
instanceKlass sun/nio/ch/DirectBuffer
instanceKlass jdk/internal/perf/PerfCounter$CoreCounters
instanceKlass jdk/internal/perf/Perf
instanceKlass jdk/internal/perf/Perf$GetPerfAction
instanceKlass jdk/internal/perf/PerfCounter
instanceKlass java/nio/file/attribute/FileTime
instanceKlass java/util/zip/ZipUtils
instanceKlass java/util/zip/ZipFile$Source$End
instanceKlass java/io/RandomAccessFile$2
instanceKlass jdk/internal/access/JavaIORandomAccessFileAccess
instanceKlass java/io/RandomAccessFile
instanceKlass java/io/DataInput
instanceKlass java/io/DataOutput
instanceKlass sun/nio/fs/WindowsNativeDispatcher$CompletionStatus
instanceKlass sun/nio/fs/WindowsNativeDispatcher$AclInformation
instanceKlass sun/nio/fs/WindowsNativeDispatcher$Account
instanceKlass sun/nio/fs/WindowsNativeDispatcher$DiskFreeSpace
instanceKlass sun/nio/fs/WindowsNativeDispatcher$VolumeInformation
instanceKlass sun/nio/fs/WindowsNativeDispatcher$FirstStream
instanceKlass sun/nio/fs/WindowsNativeDispatcher$FirstFile
instanceKlass java/util/Enumeration
instanceKlass java/util/concurrent/ConcurrentHashMap$Traverser
instanceKlass java/util/concurrent/ConcurrentHashMap$CollectionView
instanceKlass jdk/internal/loader/NativeLibraries$NativeLibraryImpl
instanceKlass jdk/internal/loader/NativeLibrary
instanceKlass java/util/ArrayDeque$DeqIterator
instanceKlass jdk/internal/loader/NativeLibraries$1
instanceKlass jdk/internal/loader/NativeLibraries$LibraryPaths
instanceKlass sun/nio/fs/WindowsNativeDispatcher
instanceKlass sun/nio/fs/NativeBuffer$Deallocator
instanceKlass sun/nio/fs/NativeBuffer
instanceKlass java/lang/ThreadLocal$ThreadLocalMap
instanceKlass sun/nio/fs/NativeBuffers
instanceKlass sun/nio/fs/WindowsFileAttributes
instanceKlass java/nio/file/attribute/DosFileAttributes
instanceKlass sun/nio/fs/AbstractBasicFileAttributeView
instanceKlass sun/nio/fs/DynamicFileAttributeView
instanceKlass sun/nio/fs/WindowsFileAttributeViews
instanceKlass sun/nio/fs/Util
instanceKlass java/nio/file/attribute/BasicFileAttributeView
instanceKlass java/nio/file/attribute/FileAttributeView
instanceKlass java/nio/file/attribute/AttributeView
instanceKlass java/nio/file/Files
instanceKlass java/nio/file/CopyOption
instanceKlass java/nio/file/attribute/BasicFileAttributes
instanceKlass sun/nio/fs/WindowsPath
instanceKlass java/nio/file/Path
instanceKlass java/nio/file/Watchable
instanceKlass java/util/zip/ZipFile$Source$Key
instanceKlass sun/nio/fs/WindowsPathParser$Result
instanceKlass sun/nio/fs/WindowsPathParser
instanceKlass java/util/Collections$UnmodifiableCollection
instanceKlass java/util/Arrays$ArrayItr
instanceKlass java/nio/file/FileSystem
instanceKlass java/nio/file/OpenOption
instanceKlass java/nio/file/spi/FileSystemProvider
instanceKlass sun/nio/fs/DefaultFileSystemProvider
instanceKlass java/util/zip/ZipFile$Source
instanceKlass java/lang/ref/Cleaner$Cleanable
instanceKlass jdk/internal/ref/CleanerImpl
instanceKlass java/lang/ref/Cleaner$1
instanceKlass java/lang/ref/Cleaner
instanceKlass jdk/internal/ref/CleanerFactory$1
instanceKlass java/util/concurrent/ThreadFactory
instanceKlass jdk/internal/ref/CleanerFactory
instanceKlass java/util/zip/ZipCoder
instanceKlass java/util/zip/ZipFile$CleanableResource
instanceKlass java/lang/Runtime$Version
instanceKlass java/util/jar/JavaUtilJarAccessImpl
instanceKlass jdk/internal/access/JavaUtilJarAccess
instanceKlass java/nio/charset/CoderResult
instanceKlass java/lang/Readable
instanceKlass jdk/internal/loader/FileURLMapper
instanceKlass jdk/internal/loader/URLClassPath$JarLoader$1
instanceKlass java/util/zip/ZipFile$1
instanceKlass jdk/internal/access/JavaUtilZipFileAccess
instanceKlass java/util/zip/ZipFile
instanceKlass java/util/zip/ZipConstants
instanceKlass jdk/internal/loader/URLClassPath$Loader
instanceKlass jdk/internal/loader/URLClassPath$3
instanceKlass java/security/PrivilegedExceptionAction
instanceKlass sun/net/util/URLUtil
instanceKlass java/lang/StringCoding
instanceKlass sun/nio/cs/MS1252$Holder
instanceKlass sun/nio/cs/ArrayDecoder
instanceKlass java/nio/charset/CharsetDecoder
instanceKlass sun/launcher/LauncherHelper
instanceKlass jdk/internal/vm/PostVMInitHook$1
instanceKlass jdk/internal/util/EnvUtils
instanceKlass jdk/internal/vm/PostVMInitHook$2
instanceKlass sun/util/locale/LocaleUtils
instanceKlass sun/util/locale/BaseLocale
instanceKlass java/util/Locale
instanceKlass jdk/internal/vm/PostVMInitHook
instanceKlass java/lang/reflect/Array
instanceKlass java/lang/invoke/StringConcatFactory$3
instanceKlass java/lang/invoke/StringConcatFactory$2
instanceKlass java/lang/invoke/StringConcatFactory$1
instanceKlass java/lang/invoke/StringConcatFactory
instanceKlass java/lang/ModuleLayer$Controller
instanceKlass java/util/concurrent/CopyOnWriteArrayList
instanceKlass jdk/internal/module/ServicesCatalog$ServiceProvider
instanceKlass jdk/internal/loader/AbstractClassLoaderValue$Memoizer
instanceKlass java/util/ImmutableCollections$ListItr
instanceKlass java/util/ListIterator
instanceKlass java/lang/ModuleLayer
instanceKlass jdk/internal/module/ModuleLoaderMap$Modules
instanceKlass jdk/internal/module/ModuleLoaderMap$Mapper
instanceKlass java/util/function/Function
instanceKlass jdk/internal/module/ModuleLoaderMap
instanceKlass java/util/ImmutableCollections$Set12$1
instanceKlass java/util/AbstractMap$1$1
instanceKlass java/lang/module/ResolvedModule
instanceKlass java/lang/module/Configuration
instanceKlass java/util/ImmutableCollections$SetN$SetNIterator
instanceKlass jdk/internal/loader/BuiltinClassLoader$LoadedModule
instanceKlass jdk/internal/loader/AbstractClassLoaderValue
instanceKlass jdk/internal/module/ServicesCatalog
instanceKlass jdk/internal/util/Preconditions
instanceKlass sun/net/util/IPAddressUtil
instanceKlass java/net/URLStreamHandler
instanceKlass java/util/HexFormat
instanceKlass sun/net/www/ParseUtil
instanceKlass java/net/URL$3
instanceKlass jdk/internal/access/JavaNetURLAccess
instanceKlass java/net/URL$DefaultFactory
instanceKlass java/net/URLStreamHandlerFactory
instanceKlass jdk/internal/loader/URLClassPath
instanceKlass java/security/Principal
instanceKlass java/security/ProtectionDomain$Key
instanceKlass java/security/ProtectionDomain$JavaSecurityAccessImpl
instanceKlass jdk/internal/access/JavaSecurityAccess
instanceKlass java/lang/ClassLoader$ParallelLoaders
instanceKlass java/security/cert/Certificate
instanceKlass jdk/internal/loader/ArchivedClassLoaders
instanceKlass java/util/Deque
instanceKlass java/util/Queue
instanceKlass jdk/internal/loader/ClassLoaderHelper
instanceKlass jdk/internal/loader/NativeLibraries
instanceKlass jdk/internal/loader/BootLoader
instanceKlass java/util/Optional
instanceKlass jdk/internal/module/SystemModuleFinders$SystemModuleFinder
instanceKlass java/lang/module/ModuleFinder
instanceKlass jdk/internal/module/SystemModuleFinders$3
instanceKlass jdk/internal/module/ModuleHashes$HashSupplier
instanceKlass jdk/internal/module/SystemModuleFinders$2
instanceKlass java/util/function/Supplier
instanceKlass java/lang/module/ModuleReference
instanceKlass jdk/internal/module/ModuleResolution
instanceKlass java/util/Collections$UnmodifiableMap
instanceKlass jdk/internal/module/ModuleHashes$Builder
instanceKlass jdk/internal/module/ModuleHashes
instanceKlass jdk/internal/module/ModuleTarget
instanceKlass java/lang/Enum
instanceKlass java/lang/module/ModuleDescriptor$Version
instanceKlass java/lang/module/ModuleDescriptor$Provides
instanceKlass java/lang/module/ModuleDescriptor$Opens
instanceKlass java/lang/module/ModuleDescriptor$Exports
instanceKlass java/lang/module/ModuleDescriptor$Requires
instanceKlass jdk/internal/module/Builder
instanceKlass jdk/internal/module/SystemModules$default
instanceKlass jdk/internal/module/SystemModules
instanceKlass jdk/internal/module/SystemModulesMap
instanceKlass java/net/URI$1
instanceKlass jdk/internal/access/JavaNetUriAccess
instanceKlass java/net/URI
instanceKlass jdk/internal/module/SystemModuleFinders
instanceKlass jdk/internal/module/ArchivedModuleGraph
instanceKlass jdk/internal/module/ArchivedBootLayer
instanceKlass jdk/internal/module/ModuleBootstrap$Counters
instanceKlass jdk/internal/module/ModulePatcher
instanceKlass java/io/FileSystem
instanceKlass java/io/DefaultFileSystem
instanceKlass java/io/File
instanceKlass java/lang/module/ModuleDescriptor$1
instanceKlass jdk/internal/access/JavaLangModuleAccess
instanceKlass sun/invoke/util/VerifyAccess
instanceKlass java/lang/module/ModuleDescriptor
instanceKlass jdk/internal/module/ModuleBootstrap
instanceKlass sun/security/action/GetPropertyAction
instanceKlass java/lang/invoke/MethodHandleStatics
instanceKlass java/util/Collections
instanceKlass sun/io/Win32ErrorMode
instanceKlass jdk/internal/misc/OSEnvironment
instanceKlass jdk/internal/misc/Signal$NativeHandler
instanceKlass java/util/Hashtable$Entry
instanceKlass jdk/internal/misc/Signal
instanceKlass java/lang/Terminator$1
instanceKlass jdk/internal/misc/Signal$Handler
instanceKlass java/lang/Terminator
instanceKlass java/nio/ByteOrder
instanceKlass java/nio/Buffer$1
instanceKlass jdk/internal/access/JavaNioAccess
instanceKlass jdk/internal/misc/ScopedMemoryAccess
instanceKlass java/nio/charset/CodingErrorAction
instanceKlass sun/nio/cs/SingleByte
instanceKlass java/lang/StringUTF16
instanceKlass sun/nio/cs/IBM437$Holder
instanceKlass sun/nio/cs/ArrayEncoder
instanceKlass java/nio/charset/CharsetEncoder
instanceKlass java/io/Writer
instanceKlass java/lang/reflect/Modifier
instanceKlass java/lang/Class$1
instanceKlass java/lang/Class$Atomic
instanceKlass java/lang/Class$ReflectionData
instanceKlass jdk/internal/util/ArraysSupport
instanceKlass java/nio/charset/StandardCharsets
instanceKlass sun/nio/cs/HistoricallyNamedCharset
instanceKlass java/lang/ThreadLocal
instanceKlass java/nio/charset/spi/CharsetProvider
instanceKlass java/nio/charset/Charset
instanceKlass java/io/OutputStream
instanceKlass java/io/Flushable
instanceKlass java/io/FileDescriptor$1
instanceKlass jdk/internal/access/JavaIOFileDescriptorAccess
instanceKlass java/io/FileDescriptor
instanceKlass jdk/internal/util/StaticProperty
instanceKlass java/util/HashMap$HashIterator
instanceKlass java/lang/Integer$IntegerCache
instanceKlass java/lang/CharacterData
instanceKlass java/util/Arrays
instanceKlass java/lang/VersionProps
instanceKlass java/lang/StringConcatHelper
instanceKlass jdk/internal/misc/VM
instanceKlass jdk/internal/util/SystemProps$Raw
instanceKlass jdk/internal/util/SystemProps
instanceKlass java/lang/System$2
instanceKlass jdk/internal/access/JavaLangAccess
instanceKlass java/lang/ref/Reference$1
instanceKlass jdk/internal/access/JavaLangRefAccess
instanceKlass java/lang/ref/ReferenceQueue$Lock
instanceKlass java/lang/ref/ReferenceQueue
instanceKlass jdk/internal/reflect/ReflectionFactory
instanceKlass jdk/internal/reflect/ReflectionFactory$GetReflectionFactoryAction
instanceKlass java/security/PrivilegedAction
instanceKlass java/util/concurrent/locks/LockSupport
instanceKlass java/util/concurrent/ConcurrentHashMap$Node
instanceKlass java/util/concurrent/ConcurrentHashMap$CounterCell
instanceKlass java/util/concurrent/locks/ReentrantLock
instanceKlass java/util/concurrent/locks/Lock
instanceKlass java/lang/Runtime
instanceKlass java/util/HashMap$Node
instanceKlass java/util/KeyValueHolder
instanceKlass java/util/Map$Entry
instanceKlass java/util/ImmutableCollections$MapN$MapNIterator
instanceKlass java/lang/Math
instanceKlass jdk/internal/reflect/Reflection
instanceKlass java/lang/invoke/MethodHandles$Lookup
instanceKlass java/lang/StringLatin1
instanceKlass java/security/Permission
instanceKlass java/security/Guard
instanceKlass java/lang/invoke/MemberName$Factory
instanceKlass java/lang/invoke/MethodHandles
instanceKlass jdk/internal/access/SharedSecrets
instanceKlass java/lang/reflect/ReflectAccess
instanceKlass jdk/internal/access/JavaLangReflectAccess
instanceKlass java/util/ImmutableCollections
instanceKlass java/util/Objects
instanceKlass java/util/Set
instanceKlass jdk/internal/misc/CDS
instanceKlass java/lang/Module$ArchivedData
instanceKlass java/lang/String$CaseInsensitiveComparator
instanceKlass java/util/Comparator
instanceKlass java/io/ObjectStreamField
instanceKlass jdk/internal/vm/vector/VectorSupport$VectorPayload
instanceKlass jdk/internal/vm/vector/VectorSupport
instanceKlass java/lang/reflect/RecordComponent
instanceKlass java/util/Iterator
instanceKlass java/lang/Number
instanceKlass java/lang/Character
instanceKlass java/lang/Boolean
instanceKlass java/util/concurrent/locks/AbstractOwnableSynchronizer
instanceKlass java/lang/LiveStackFrame
instanceKlass java/lang/StackFrameInfo
instanceKlass java/lang/StackWalker$StackFrame
instanceKlass java/lang/StackStreamFactory$AbstractStackWalker
instanceKlass java/lang/StackWalker
instanceKlass java/nio/Buffer
instanceKlass java/lang/StackTraceElement
instanceKlass java/util/RandomAccess
instanceKlass java/util/List
instanceKlass java/util/AbstractCollection
instanceKlass java/util/Collection
instanceKlass java/lang/Iterable
instanceKlass java/util/concurrent/ConcurrentMap
instanceKlass java/util/AbstractMap
instanceKlass java/security/CodeSource
instanceKlass jdk/internal/loader/ClassLoaders
instanceKlass java/util/jar/Manifest
instanceKlass java/net/URL
instanceKlass java/io/InputStream
instanceKlass java/io/Closeable
instanceKlass java/lang/AutoCloseable
instanceKlass jdk/internal/module/Modules
instanceKlass jdk/internal/misc/Unsafe
instanceKlass jdk/internal/misc/UnsafeConstants
instanceKlass java/lang/AbstractStringBuilder
instanceKlass java/lang/Appendable
instanceKlass java/lang/AssertionStatusDirectives
instanceKlass java/lang/invoke/MethodHandleNatives$CallSiteContext
instanceKlass jdk/internal/invoke/NativeEntryPoint
instanceKlass java/lang/invoke/CallSite
instanceKlass java/lang/invoke/MethodType
instanceKlass java/lang/invoke/TypeDescriptor$OfMethod
instanceKlass java/lang/invoke/LambdaForm
instanceKlass java/lang/invoke/MethodHandleNatives
instanceKlass java/lang/invoke/ResolvedMethodName
instanceKlass java/lang/invoke/MemberName
instanceKlass java/lang/invoke/VarHandle
instanceKlass java/lang/invoke/MethodHandle
instanceKlass jdk/internal/reflect/CallerSensitive
instanceKlass java/lang/annotation/Annotation
instanceKlass jdk/internal/reflect/FieldAccessor
instanceKlass jdk/internal/reflect/ConstantPool
instanceKlass jdk/internal/reflect/ConstructorAccessor
instanceKlass jdk/internal/reflect/MethodAccessor
instanceKlass jdk/internal/reflect/MagicAccessorImpl
instanceKlass java/lang/reflect/Parameter
instanceKlass java/lang/reflect/Member
instanceKlass java/lang/reflect/AccessibleObject
instanceKlass java/lang/Module
instanceKlass java/util/Map
instanceKlass java/util/Dictionary
instanceKlass java/lang/ThreadGroup
instanceKlass java/lang/Thread$UncaughtExceptionHandler
instanceKlass java/lang/Thread
instanceKlass java/lang/Runnable
instanceKlass java/lang/ref/Reference
instanceKlass java/lang/Record
instanceKlass java/security/AccessController
instanceKlass java/security/AccessControlContext
instanceKlass java/security/ProtectionDomain
instanceKlass java/lang/SecurityManager
instanceKlass java/lang/Throwable
instanceKlass java/lang/System
instanceKlass java/lang/ClassLoader
instanceKlass java/lang/Cloneable
instanceKlass java/lang/Class
instanceKlass java/lang/invoke/TypeDescriptor$OfField
instanceKlass java/lang/invoke/TypeDescriptor
instanceKlass java/lang/reflect/Type
instanceKlass java/lang/reflect/GenericDeclaration
instanceKlass java/lang/reflect/AnnotatedElement
instanceKlass java/lang/String
instanceKlass java/lang/constant/ConstantDesc
instanceKlass java/lang/constant/Constable
instanceKlass java/lang/CharSequence
instanceKlass java/lang/Comparable
instanceKlass java/io/Serializable
ciInstanceKlass java/lang/Object 1 1 92 100 1 10 12 1 1 10 7 12 1 1 1 10 100 12 1 1 1 10 12 1 1 8 1 10 12 1 1 10 100 12 1 1 1 10 12 1 10 12 1 1 100 1 8 1 10 12 1 3 8 1 100 1 5 0 1 1 1 1 1 1 1 1 1 1 1 1 1 1 1 1 7 1 1 1 7 1 1 1 1 1 1 1 7 1 1 1 1 1 1 1
ciMethod java/lang/Object equals (Ljava/lang/Object;)Z 524 0 5782 0 -1
ciMethod java/lang/Object toString ()Ljava/lang/String; 0 0 1 0 -1
ciMethod java/lang/Object hashCode ()I 512 0 256 0 -1
ciInstanceKlass java/lang/Class 1 1 1611 10 7 12 1 1 1 9 7 12 1 1 1 9 12 1 1 7 1 10 10 12 1 1 8 1 10 12 1 8 1 8 1 10 12 1 1 10 12 1 1 10 12 1 10 10 12 1 10 12 1 1 10 12 1 1 10 7 12 1 1 10 12 1 10 12 1 10 12 1 8 1 10 12 1 8 1 10 12 1 8 1 8 1 10 12 1 1 10 100 12 1 1 1 18 12 1 1 11 100 12 1 1 1 8 1 8 1 8 1 10 100 12 1 1 1 11 12 1 1 7 1 8 1 10 12 1 11 100 12 1 1 1 10 12 1 1 11 8 1 18 8 1 10 12 1 10 7 12 1 1 10 7 12 1 1 1 10 12 1 1 10 7 12 1 1 1 9 100 12 1 1 1 10 100 12 1 1 1 10 7 12 1 1 1 10 12 1 1 18 12 1 1 10 7 12 1 1 1 10 7 12 1 1 10 12 1 1 10 7 1 100 1 10 12 1 1 9 12 1 1 100 1 8 1 10 12 1 10 12 1 1 10 12 1 1 10 7 12 1 1 1 7 1 10 12 1 100 1 100 1 10 10 12 1 1 10 12 1 1 100 1 10 100 12 1 1 1 10 12 1 1 10 12 1 1 9 12 1 1 10 12 1 10 12 1 10 12 1 1 9 12 1 1 9 12 1 1 10 12 1 1 10 7 1 10 12 1 10 12 1 10 12 1 1 10 9 12 1 10 12 1 8 1 10 12 1 1 10 12 1 1 10 12 1 10 12 1 1 10 12 1 1 10 12 1 1 9 7 12 1 1 1 10 7 12 1 1 10 12 10 12 1 10 12 1 1 10 100 12 1 1 10 12 1 10 12 1 1 10 100 12 1 1 1 10 12 1 10 12 1 1 10 12 1 10 12 1 10 12 1 1 10 7 1 10 10 10 12 1 1 10 12 1 1 10 12 10 12 1 1 100 1 8 1 10 10 12 1 1 10 12 1 100 1 11 12 1 10 100 12 1 1 10 12 1 10 12 1 10 100 12 1 1 10 10 12 1 1 8 1 10 12 1 10 12 1 1 8 1 9 12 1 10 12 1 10 12 1 10 12 1 10 12 100 1 9 12 1 10 12 1 9 12 1 10 12 1 10 12 1 10 12 1 10 10 12 1 10 12 1 10 12 1 10 12 1 10 12 1 10 12 1 100 1 10 12 1 10 12 1 1 10 12 1 1 10 12 1 1 10 12 1 1 10 12 1 1 10 12 1 1 100 1 10 10 12 1 1 10 12 1 1 10 12 1 1 10 10 12 1 10 12 1 1 10 12 1 1 10 12 1 1 10 12 1 1 7 1 10 10 12 11 100 12 1 1 10 12 1 1 10 12 1 10 100 12 1 1 1 10 12 1 1 10 10 12 1 1 100 1 10 10 12 1 1 10 100 12 1 1 1 100 1 100 1 10 12 1 1 10 12 1 10 10 12 1 1 10 12 1 10 12 1 10 12 1 10 100 12 1 1 1 11 7 12 1 1 10 12 1 10 12 1 9 12 1 10 12 1 1 10 12 1 9 12 1 1 100 1 10 9 12 1 1 10 12 100 1 10 12 1 9 12 1 10 100 12 1 1 1 10 12 1 10 12 1 10 100 12 1 1 1 10 12 1 10 12 10 12 1 1 100 1 10 8 1 10 12 1 11 11 12 1 1 11 7 12 1 1 11 12 1 8 1 10 12 1 10 12 1 1 9 12 1 9 12 1 1 10 7 12 1 1 9 12 1 10 12 1 1 10 10 12 1 10 7 12 1 1 1 10 7 12 1 1 10 7 12 1 1 9 12 1 1 10 12 1 9 12 1 10 12 1 10 12 1 1 9 12 1 1 9 12 1 10 12 1 10 12 1 1 9 12 1 100 1 10 10 12 1 1 7 1 10 12 1 1 100 11 100 1 9 12 1 1 9 12 1 100 1 10 12 1 9 12 1 1 9 12 1 10 12 1 10 12 1 1 9 12 1 7 1 10 10 12 1 1 10 10 12 1 1 10 12 10 10 12 1 9 12 1 10 12 1 1 10 7 12 1 1 1 10 12 1 1 10 12 1 8 10 7 8 1 18 8 1 8 1 10 12 1 9 12 1 9 12 1 1 10 12 1 7 1 100 1 10 12 1 9 12 1 1 7 1 10 10 12 1 10 7 1 9 12 1 8 1 10 12 1 7 1 10 12 1 10 12 1 1 9 12 1 100 1 8 1 10 7 1 4 10 10 12 11 7 12 1 1 1 10 12 1 100 1 10 12 1 1 10 8 1 8 1 10 12 1 1 9 7 12 1 1 11 12 7 1 11 7 12 1 1 9 12 1 10 100 12 1 1 1 10 7 12 1 1 10 12 1 1 9 12 1 9 10 12 1 1 10 12 1 1 10 12 1 1 10 12 1 1 10 12 1 1 11 12 1 7 1 11 12 1 10 7 12 1 1 1 10 12 1 7 1 11 12 1 10 100 12 1 1 1 10 12 1 10 11 12 1 11 12 1 1 10 12 1 10 12 1 1 9 12 1 1 9 7 12 1 1 10 12 1 10 7 12 1 1 1 10 12 1 1 10 12 1 10 12 1 10 12 1 10 7 12 1 1 1 10 12 1 8 1 10 12 1 10 12 1 10 12 1 10 100 12 1 1 1 11 100 12 1 1 1 10 12 1 1 10 12 1 18 12 1 1 11 12 1 1 18 11 12 1 18 12 1 11 12 1 10 12 1 1 10 12 1 10 12 1 10 12 10 12 1 8 1 10 12 1 7 1 9 12 1 1 100 1 100 1 100 1 100 1 100 1 1 1 3 1 3 1 3 1 1 1 1 1 1 1 5 0 1 1 1 1 1 1 1 1 1 1 1 1 1 1 1 1 1 1 1 1 1 1 1 100 1 1 1 1 1 1 1 100 1 1 1 1 1 1 100 1 1 1 1 1 1 1 1 1 1 1 1 1 1 1 1 1 1 1 1 1 1 1 1 1 1 1 1 1 1 1 1 1 1 1 1 1 1 100 1 1 1 1 1 1 1 1 1 1 1 1 1 1 1 1 1 1 1 1 1 1 1 1 1 1 1 1 100 1 1 1 1 1 1 1 1 1 1 1 1 1 1 1 1 1 1 1 1 1 1 1 1 1 1 1 1 1 1 1 1 1 1 1 1 1 1 1 1 1 1 1 1 1 1 1 1 1 1 1 1 1 100 1 100 1 1 1 1 1 1 1 1 1 1 1 1 1 1 1 1 1 1 1 1 1 1 1 1 1 1 1 1 1 1 1 1 1 1 1 1 1 1 1 1 1 1 1 1 1 1 1 1 1 1 1 1 1 1 1 1 1 1 1 1 1 1 1 100 1 1 1 1 1 1 1 1 1 1 1 1 1 1 1 1 1 1 1 1 1 1 1 1 1 1 1 1 1 1 1 1 1 1 1 1 1 1 1 1 1 1 1 1 1 1 1 1 1 1 1 1 1 1 1 1 1 1 1 1 1 1 1 1 1 1 1 1 15 10 100 12 1 1 1 16 15 10 12 16 15 11 12 16 1 16 15 16 15 10 12 16 16 15 10 12 16 15 16 1 15 10 12 16 1 1 1 1 1 1 1 1 100 1 1 100 1 100 1 1 100 1 100 1 1
staticfield java/lang/Class EMPTY_CLASS_ARRAY [Ljava/lang/Class; 0 [Ljava/lang/Class;
staticfield java/lang/Class serialPersistentFields [Ljava/io/ObjectStreamField; 0 [Ljava/io/ObjectStreamField;
ciInstanceKlass java/io/Serializable 1 0 7 100 1 100 1 1 1
instanceKlass jdk/internal/vm/vector/VectorSupport$VectorShuffle
instanceKlass jdk/internal/vm/vector/VectorSupport$VectorMask
instanceKlass jdk/internal/vm/vector/VectorSupport$Vector
ciInstanceKlass jdk/internal/vm/vector/VectorSupport$VectorPayload 0 0 32 10 100 12 1 1 1 9 100 12 1 1 1 10 100 12 1 1 1 1 1 1 1 1 1 1 1 1 1 1 1 1
ciInstanceKlass jdk/internal/vm/vector/VectorSupport$VectorShuffle 0 0 28 10 100 12 1 1 1 100 1 1 1 1 1 1 1 1 1 1 1 1 1 1 1 100 1 1 1 1
ciInstanceKlass jdk/internal/vm/vector/VectorSupport$VectorMask 0 0 28 10 100 12 1 1 1 100 1 1 1 1 1 1 1 1 1 1 1 1 1 1 1 100 1 1 1 1
ciInstanceKlass jdk/internal/vm/vector/VectorSupport$Vector 0 0 28 10 100 12 1 1 1 100 1 1 1 1 1 1 1 1 1 1 1 1 1 1 1 100 1 1 1 1
ciInstanceKlass jdk/internal/vm/vector/VectorSupport 0 0 487 100 1 10 100 12 1 1 1 9 12 1 1 10 12 1 1 100 1 10 12 1 11 100 12 1 1 1 11 100 12 1 1 1 11 100 12 1 1 11 100 12 1 1 1 11 100 1 100 1 10 12 1 1 11 100 12 1 1 11 100 12 1 1 100 1 11 100 12 1 1 11 100 12 1 1 11 100 12 1 1 1 11 100 12 1 1 1 11 100 12 1 1 1 11 100 12 1 1 1 100 1 10 12 1 1 11 100 12 1 1 100 1 11 100 12 1 1 11 100 12 1 1 11 100 12 1 1 11 100 1 100 1 9 12 1 1 10 100 12 1 1 11 100 12 1 1 10 12 1 1 10 100 12 1 1 1 10 12 1 10 12 1 1 10 12 1 1 1 1 1 3 1 3 1 3 1 3 1 3 1 3 1 3 1 3 1 3 1 3 1 3 1 3 1 3 1 3 1 3 1 3 1 3 1 3 1 3 1 3 1 3 1 3 1 3 1 3 1 3 1 3 1 3 1 3 1 3 1 3 1 3 1 3 1 3 1 3 1 3 1 3 1 3 1 3 1 3 1 1 1 1 1 3 1 1 1 1 1 1 3 1 1 1 1 1 1 1 1 1 1 1 1 1 1 1 1 1 1 1 1 1 1 1 1 1 1 1 1 1 1 1 1 1 1 1 1 1 1 1 1 1 1 1 1 1 1 1 1 1 1 1 1 1 1 1 1 1 1 1 1 1 1 1 1 1 1 1 1 1 1 1 1 1 1 1 1 1 1 1 1 1 1 1 1 1 1 1 1 1 1 1 1 1 1 1 1 1 1 1 1 1 1 1 1 1 1 1 1 1 1 1 1 1 1 1 1 1 1 1 1 1 1 1 1 1 1 1 1 1 1 1 1 1 1 1 1 1 1 1 1 1 1 1 1 1 1 1 1 1 1 1 1 1 1 1 1 1 1 1 1 1 1 1 1 1 1 1 1 1 1 1 1 1 1 1 1 1 1 1 1 1 1 1 1 1 1 1 1 1 1 1 1 1 1 1 1 1 1 1 100 1 100 1 1 1 1 1 1 1 1 1 1 1 1 1 1 1 1 1 1 1 1 1 1 1 1
ciInstanceKlass java/lang/reflect/RecordComponent 0 0 196 10 100 12 1 1 1 9 100 12 1 1 1 9 12 1 1 9 12 1 10 12 1 1 10 12 1 1 10 100 12 1 1 1 10 12 1 1 9 12 1 1 10 12 1 1 10 12 1 1 10 12 1 10 100 12 1 1 10 100 12 1 1 9 12 1 1 10 100 12 1 1 1 11 100 12 1 1 1 10 9 100 12 1 1 1 10 100 12 1 1 1 9 12 1 1 10 100 12 1 1 1 10 12 1 1 11 100 12 1 1 10 100 12 1 1 100 1 9 12 1 9 12 1 1 9 12 1 10 100 12 1 1 1 10 12 1 1 10 12 1 1 100 1 10 10 12 1 10 12 1 1 8 1 10 12 1 10 12 1 9 12 1 100 1 1 1 1 1 1 1 1 1 1 1 1 1 1 1 1 1 1 1 1 1 1 100 1 1 1 1 1 1 100 1 1
ciInstanceKlass java/util/Iterator 1 1 53 100 1 8 1 10 12 1 1 10 7 12 1 1 1 11 7 12 1 1 1 11 12 1 1 11 7 12 1 1 1 100 1 1 1 1 1 1 1 1 1 1 1 1 1 1 1 1 1 1 1 1 1
ciInstanceKlass java/lang/System 1 1 803 10 100 12 1 1 1 9 7 12 1 1 1 10 12 1 10 12 1 1 10 12 1 1 10 12 1 9 12 1 1 10 7 12 1 1 1 11 100 12 1 1 1 10 100 12 1 1 1 10 12 1 1 10 12 1 1 100 1 8 1 10 12 1 10 100 12 1 1 1 10 100 12 1 1 1 18 12 1 1 10 100 12 1 1 1 100 1 10 12 1 1 10 100 12 1 1 1 10 12 1 10 7 12 1 1 1 9 100 12 1 1 1 10 100 12 1 1 1 11 7 12 1 1 1 10 12 1 1 10 100 12 1 1 1 100 1 10 10 12 1 1 8 1 10 12 1 8 1 10 12 1 9 12 1 1 8 1 10 7 12 1 1 1 10 12 1 1 100 1 8 1 10 9 12 1 1 8 1 10 12 1 1 10 100 12 1 1 1 8 1 10 12 1 100 1 10 12 1 8 1 10 12 1 10 12 1 1 100 1 10 12 10 12 1 9 12 1 1 9 12 1 1 10 7 12 1 1 1 10 7 12 1 1 1 10 12 1 1 10 12 1 10 12 1 10 7 12 1 1 1 10 12 1 100 1 100 1 8 1 10 12 1 10 12 1 1 7 1 10 12 1 100 1 8 1 10 10 12 1 100 1 8 1 10 8 1 10 7 12 1 1 8 1 10 12 100 1 8 1 10 10 12 1 1 10 100 12 1 1 1 100 1 18 12 1 100 1 9 100 12 1 1 1 10 12 1 100 1 10 12 1 1 10 12 1 1 10 7 12 1 1 1 10 12 1 1 10 12 1 10 12 1 10 12 1 1 10 12 1 7 1 10 12 1 10 12 1 100 1 10 12 1 10 7 12 1 1 1 100 1 8 1 10 9 12 1 9 12 1 10 12 1 10 100 12 1 1 10 12 1 10 12 1 1 8 1 10 12 1 1 8 1 11 12 1 10 12 11 12 1 1 11 7 12 1 1 1 11 7 12 1 1 11 12 1 1 7 1 11 12 1 10 12 1 8 1 10 12 1 1 8 1 8 1 8 1 8 1 11 12 1 10 12 1 10 12 1 10 12 1 10 7 12 1 1 8 1 7 1 9 7 12 1 1 1 10 12 1 7 1 9 12 10 9 12 7 1 10 12 8 1 10 12 1 1 8 1 10 7 12 1 1 10 12 1 10 7 12 1 1 1 10 12 1 1 10 7 12 1 1 1 10 12 10 7 12 1 1 1 9 12 1 1 100 1 8 1 10 12 1 1 10 7 12 1 1 1 7 1 10 12 1 1 8 1 10 8 1 8 1 8 1 8 1 10 10 7 12 1 1 10 12 1 1 10 12 1 1 10 12 1 1 10 12 1 10 100 12 1 1 1 10 100 1 8 1 10 10 10 12 1 1 10 12 1 1 8 1 10 12 1 8 1 10 12 1 10 12 1 1 7 1 10 10 12 1 10 12 1 9 12 1 1 1 3 1 3 1 1 1 1 1 1 1 1 1 1 1 1 100 1 1 100 1 1 1 1 1 1 1 1 1 1 1 100 1 100 1 1 1 1 1 1 1 1 1 1 1 1 1 1 1 1 1 1 1 1 1 1 1 1 1 1 1 1 1 1 1 1 1 1 1 1 1 1 1 1 1 1 1 1 1 1 1 1 1 1 1 1 1 1 1 1 1 1 100 1 1 1 1 1 1 1 1 1 1 1 1 1 1 1 1 1 1 1 1 1 1 1 1 1 1 1 1 1 1 1 1 1 100 1 1 15 10 100 12 1 1 1 16 15 10 12 1 1 16 15 10 12 16 1 1 1 1 1 1 1 100 1 100 1 1
staticfield java/lang/System in Ljava/io/InputStream; java/io/BufferedInputStream
staticfield java/lang/System out Ljava/io/PrintStream; org/fusesource/jansi/AnsiPrintStream
staticfield java/lang/System err Ljava/io/PrintStream; org/fusesource/jansi/AnsiPrintStream
instanceKlass com/google/inject/internal/aop/ChildClassDefiner$ChildLoader
instanceKlass org/eclipse/sisu/space/CloningClassSpace$CloningClassLoader
instanceKlass jdk/internal/reflect/DelegatingClassLoader
instanceKlass java/security/SecureClassLoader
ciInstanceKlass java/lang/ClassLoader 1 1 1098 9 7 12 1 1 1 10 7 12 1 1 1 9 12 1 1 10 7 12 1 1 1 7 1 10 12 1 1 10 12 1 1 9 12 1 1 10 12 1 1 100 1 10 12 1 10 12 1 1 10 7 12 1 1 1 100 1 8 1 10 12 1 10 7 12 1 1 1 10 100 12 1 10 7 1 10 7 1 7 1 7 1 10 12 1 10 12 1 9 12 1 1 10 10 7 12 1 1 1 9 12 1 1 9 12 1 9 12 1 1 9 12 1 9 12 1 1 9 12 1 1 7 1 10 12 1 9 12 1 1 10 12 1 1 10 7 12 1 1 1 9 12 1 9 12 1 1 9 12 1 10 12 1 1 9 12 10 12 1 1 7 1 10 8 1 10 12 1 1 10 12 1 10 7 1 7 1 10 12 1 1 10 7 12 1 1 1 8 1 10 12 1 10 12 1 10 12 1 1 10 12 1 1 10 12 1 1 10 12 1 1 10 12 1 1 10 12 1 7 1 10 12 1 10 7 12 1 1 1 10 12 1 1 10 12 1 10 12 1 10 12 1 10 12 1 10 12 1 1 10 10 12 1 10 12 1 10 100 12 1 1 10 12 1 1 10 12 1 1 10 12 1 100 1 10 12 1 100 1 10 12 1 10 100 12 1 1 1 10 10 12 1 1 10 12 1 1 100 1 8 1 10 8 1 10 12 1 10 12 1 100 1 8 1 10 12 1 1 10 12 1 1 10 10 12 1 1 10 12 1 1 10 12 1 1 10 7 1 10 12 1 1 10 12 1 1 10 12 1 1 10 12 1 1 10 12 1 1 10 12 1 1 10 12 1 10 7 12 1 1 1 10 12 1 10 12 1 10 12 1 1 10 12 1 10 12 1 10 12 1 10 12 1 1 10 12 1 10 12 1 1 8 1 9 12 1 10 12 1 1 8 1 8 1 10 7 12 1 1 100 1 10 10 12 10 12 1 10 12 1 10 12 1 10 12 1 1 10 7 12 1 1 10 12 1 10 7 1 7 1 10 12 1 1 10 12 1 10 7 1 10 12 1 100 1 18 12 1 10 100 12 1 1 1 10 100 12 1 1 1 10 7 12 1 1 10 12 1 1 10 12 1 10 12 1 1 100 1 10 12 1 10 12 1 1 10 7 12 1 1 10 12 1 8 1 100 1 10 10 12 1 9 12 1 10 7 12 1 1 10 12 1 100 1 8 1 10 12 1 10 8 1 8 1 10 12 1 1 10 12 1 1 10 12 1 1 10 100 12 1 1 1 100 1 100 1 10 12 1 1 100 1 100 1 10 100 12 1 1 10 12 1 10 12 1 1 10 12 1 10 12 1 1 10 12 1 1 9 100 12 1 1 1 10 12 1 1 10 12 1 10 12 1 10 12 1 1 10 12 1 8 1 10 12 1 7 1 18 12 1 1 10 12 1 1 10 12 1 10 12 1 10 12 1 8 1 10 12 1 10 12 1 18 12 1 11 100 12 1 1 1 100 1 10 12 1 1 10 12 1 10 11 12 1 1 10 18 10 12 1 1 11 100 12 1 18 12 1 11 12 1 1 10 12 10 12 1 1 10 12 1 1 100 1 8 1 10 10 12 1 8 1 8 1 10 100 12 1 1 10 12 1 100 1 10 10 12 1 8 1 8 1 8 1 10 12 1 10 12 1 1 10 12 1 10 100 12 1 1 1 11 100 12 1 1 100 1 10 11 10 12 1 10 12 1 10 12 1 1 9 100 12 1 1 9 12 1 1 9 12 9 12 1 9 12 1 9 12 1 8 10 12 1 1 10 7 12 1 1 1 10 12 1 1 10 12 1 1 10 12 1 10 10 12 1 11 12 1 1 10 100 12 1 1 1 100 1 10 12 1 10 12 1 10 12 1 1 1 1 1 1 1 1 1 1 1 1 1 1 1 1 1 1 1 1 1 1 1 1 1 1 1 1 100 1 1 1 1 1 1 1 1 1 1 1 1 1 1 1 1 1 1 1 1 1 100 1 1 1 1 1 1 1 1 1 1 100 1 1 1 1 1 1 1 1 1 1 1 1 1 1 1 1 1 1 1 1 1 1 1 1 1 1 1 1 1 1 1 1 1 1 1 1 1 1 1 1 1 100 1 1 1 1 1 1 1 1 1 1 1 1 1 1 1 1 1 1 100 1 1 1 1 1 1 1 1 1 1 1 1 1 1 1 1 1 1 1 1 1 1 1 1 1 1 1 1 1 1 1 1 1 1 1 1 1 1 1 1 1 1 1 1 1 1 1 1 1 1 1 100 1 1 1 1 1 1 1 1 1 1 1 1 1 1 1 1 1 1 1 1 1 1 1 1 1 1 1 1 1 1 1 1 1 1 1 1 1 1 1 1 1 1 1 1 1 1 15 10 100 12 1 1 1 16 1 15 10 12 16 1 16 15 10 12 16 1 16 1 15 10 12 16 15 10 12 16 15 10 12 16 1 1 100 1 100 1 1
staticfield java/lang/ClassLoader nocerts [Ljava/security/cert/Certificate; 0 [Ljava/security/cert/Certificate;
staticfield java/lang/ClassLoader $assertionsDisabled Z 1
ciInstanceKlass jdk/internal/reflect/DelegatingClassLoader 1 1 18 10 7 12 1 1 1 100 1 1 1 1 1 1 1 1 1 1
instanceKlass java/net/URLClassLoader
instanceKlass jdk/internal/loader/BuiltinClassLoader
ciInstanceKlass java/security/SecureClassLoader 1 1 102 10 7 12 1 1 1 7 1 10 12 1 9 7 12 1 1 1 10 12 1 10 12 1 10 12 1 1 10 12 1 1 10 12 1 7 1 10 7 1 10 12 1 7 1 10 12 1 11 7 12 1 1 1 7 1 11 12 1 10 12 1 1 1 1 1 1 1 1 1 1 1 1 1 1 1 1 1 1 1 1 1 1 1 1 1 1 1 1 1 1 1 1 1 1 1 1 100 1 1 1 1
instanceKlass jdk/internal/loader/ClassLoaders$BootClassLoader
instanceKlass jdk/internal/loader/ClassLoaders$PlatformClassLoader
instanceKlass jdk/internal/loader/ClassLoaders$AppClassLoader
ciInstanceKlass jdk/internal/loader/BuiltinClassLoader 1 1 737 9 7 12 1 1 1 10 7 12 1 1 1 10 7 12 1 1 1 9 12 1 1 9 12 1 1 7 1 10 12 1 9 12 1 10 12 1 9 12 1 10 7 12 1 1 1 10 7 12 1 1 1 10 7 12 1 1 1 11 7 12 1 1 1 100 1 100 1 10 10 12 1 1 8 1 10 12 1 10 12 7 1 10 12 1 10 12 1 1 11 7 12 1 1 1 11 7 12 1 1 1 11 12 1 1 7 1 8 1 8 1 10 9 12 1 1 10 7 12 1 1 11 12 1 1 10 12 1 1 10 12 1 1 10 12 1 1 10 7 12 1 1 1 10 12 1 10 100 12 1 1 1 10 12 1 1 11 7 12 1 1 1 10 7 12 1 1 100 1 10 7 12 1 1 1 10 12 1 100 1 8 1 10 12 1 1 10 8 1 10 12 1 1 10 12 1 1 10 12 1 1 11 7 12 1 1 11 12 1 7 1 10 11 12 1 1 11 10 12 1 1 7 1 10 12 1 10 7 12 1 10 12 1 7 1 10 12 1 10 7 12 1 1 1 100 1 10 12 1 1 11 12 1 100 1 100 1 10 12 1 10 12 1 1 100 1 100 1 10 12 1 10 12 1 18 12 1 1 10 12 1 10 12 1 1 18 100 1 10 7 12 1 1 1 7 1 10 10 12 1 1 10 12 1 1 10 12 1 1 10 12 1 9 12 1 1 100 1 10 10 12 1 1 10 12 1 1 10 12 1 10 12 10 12 1 1 10 12 1 1 10 12 1 1 10 12 1 10 12 1 1 18 12 1 7 1 10 12 1 1 10 12 1 10 12 1 1 10 12 1 100 1 10 12 1 7 1 10 12 1 10 7 12 1 1 1 10 12 1 11 12 1 7 1 10 12 1 7 1 100 1 10 12 1 10 12 1 11 12 1 1 10 12 1 1 10 12 1 1 10 12 1 1 10 12 1 1 10 12 1 10 12 1 10 12 1 10 12 1 8 1 10 12 1 1 10 7 12 1 1 10 12 1 100 1 8 1 8 1 10 10 12 1 8 1 8 1 10 7 12 1 1 1 11 7 12 1 1 1 9 7 12 1 1 1 10 7 12 1 1 1 9 12 1 9 12 1 9 12 1 9 12 1 9 12 1 9 12 1 10 7 12 1 1 1 8 1 10 12 1 7 1 10 12 1 1 10 12 1 7 1 10 11 12 1 1 10 12 10 12 1 10 12 1 100 1 10 12 1 10 12 1 10 10 12 1 10 7 12 1 1 8 1 10 7 12 1 1 10 12 1 1 1 1 1 1 1 1 1 1 1 1 1 1 1 1 1 1 1 1 1 1 1 1 1 1 1 1 1 1 1 1 1 1 1 1 1 1 1 1 1 1 1 1 1 1 1 1 1 1 1 1 1 1 1 1 100 1 1 1 1 1 1 1 1 1 1 1 1 1 1 1 1 1 1 100 1 100 1 1 1 1 1 1 1 1 1 1 1 1 1 1 1 1 1 1 1 1 1 1 1 1 1 1 1 1 1 1 1 1 1 1 1 1 1 1 1 1 1 1 1 1 1 1 1 1 1 1 1 100 1 1 15 10 100 12 1 1 1 16 15 10 12 16 15 10 12 16 15 10 12 16 1 1 1 100 1 1 1 1 1 100 1 100 1 1
staticfield jdk/internal/loader/BuiltinClassLoader packageToModule Ljava/util/Map; java/util/concurrent/ConcurrentHashMap
staticfield jdk/internal/loader/BuiltinClassLoader $assertionsDisabled Z 1
ciInstanceKlass java/security/AccessController 1 1 295 10 100 12 1 1 1 10 7 12 1 1 1 10 7 12 1 1 1 10 12 1 1 10 12 1 1 10 7 12 1 1 1 10 12 1 1 10 12 1 10 12 1 1 10 12 1 100 1 8 1 10 12 1 10 12 1 10 12 1 1 10 12 1 7 1 7 1 10 12 1 1 10 12 1 10 12 1 10 12 1 1 10 7 12 1 1 1 10 12 1 1 9 100 12 1 1 1 10 100 12 1 1 1 10 12 1 10 12 1 9 100 12 1 1 1 10 12 1 10 12 1 1 9 12 1 1 10 100 1 10 11 7 12 1 1 1 10 7 12 1 1 11 7 1 100 1 10 12 1 10 12 1 10 12 1 8 1 10 12 1 1 8 1 10 100 12 1 1 1 8 1 100 1 10 10 12 1 1 10 12 1 10 7 12 1 1 1 10 12 1 8 1 10 100 12 1 1 8 1 8 1 10 12 1 8 1 10 12 1 10 12 1 1 10 12 1 1 1 1 1 1 1 1 1 1 1 1 1 1 1 1 1 1 1 1 1 1 1 1 1 1 1 1 100 1 1 1 1 1 1 1 1 1 1 1 1 1 1 1 1 1 1 1 1 1 1 1 1 1 1 1 1 1 1 1 1 1 1 100 1 100 1 1 1 1 1 1 1 1 1 3 1 1 1
staticfield java/security/AccessController $assertionsDisabled Z 1
instanceKlass jdk/internal/reflect/GeneratedConstructorAccessor7
instanceKlass jdk/internal/reflect/GeneratedConstructorAccessor6
instanceKlass jdk/internal/reflect/GeneratedConstructorAccessor5
instanceKlass jdk/internal/reflect/GeneratedConstructorAccessor4
instanceKlass jdk/internal/reflect/GeneratedConstructorAccessor3
instanceKlass jdk/internal/reflect/GeneratedConstructorAccessor2
instanceKlass jdk/internal/reflect/BootstrapConstructorAccessorImpl
instanceKlass jdk/internal/reflect/GeneratedConstructorAccessor1
instanceKlass jdk/internal/reflect/DelegatingConstructorAccessorImpl
instanceKlass jdk/internal/reflect/NativeConstructorAccessorImpl
ciInstanceKlass jdk/internal/reflect/ConstructorAccessorImpl 1 1 27 10 7 12 1 1 1 100 1 100 1 1 1 1 1 1 1 1 1 100 1 100 1 100 1 1 1
instanceKlass jdk/internal/reflect/FieldAccessorImpl
instanceKlass jdk/internal/reflect/ConstructorAccessorImpl
instanceKlass jdk/internal/reflect/MethodAccessorImpl
ciInstanceKlass jdk/internal/reflect/MagicAccessorImpl 1 1 16 10 7 12 1 1 1 100 1 1 1 1 1 1 1 1
instanceKlass jdk/internal/reflect/GeneratedMethodAccessor5
instanceKlass jdk/internal/reflect/GeneratedMethodAccessor4
instanceKlass jdk/internal/reflect/GeneratedMethodAccessor3
instanceKlass jdk/internal/reflect/GeneratedMethodAccessor2
instanceKlass jdk/internal/reflect/GeneratedMethodAccessor1
instanceKlass jdk/internal/reflect/DelegatingMethodAccessorImpl
instanceKlass jdk/internal/reflect/NativeMethodAccessorImpl
ciInstanceKlass jdk/internal/reflect/MethodAccessorImpl 1 1 25 10 7 12 1 1 1 100 1 100 1 1 1 1 1 1 1 1 1 100 1 100 1 1 1
ciInstanceKlass java/lang/Module 1 1 959 10 7 12 1 1 1 9 7 12 1 1 1 10 7 12 1 1 1 9 12 1 9 12 1 1 9 12 1 1 10 12 1 1 10 12 1 10 12 1 1 10 7 12 1 1 1 7 1 10 7 12 1 1 1 10 12 1 1 11 7 12 1 1 1 10 12 1 1 10 7 12 1 1 1 10 12 1 1 10 7 12 1 1 1 9 100 12 1 1 1 10 100 12 1 1 1 10 12 1 8 1 10 7 12 1 1 1 10 7 12 1 1 1 9 12 1 1 9 12 1 1 10 12 1 9 12 1 1 11 12 1 9 7 12 1 1 10 7 12 1 1 1 10 100 12 1 1 1 10 12 1 1 100 1 100 1 10 10 12 1 1 8 1 10 12 1 10 12 10 12 1 10 12 1 1 10 12 1 1 10 12 1 1 9 7 12 1 1 1 10 12 1 1 10 12 1 1 9 12 1 10 12 1 10 12 1 9 12 1 1 11 7 12 1 1 10 12 1 1 9 12 1 9 12 1 10 12 1 10 12 1 100 1 8 1 10 10 12 1 1 10 12 1 8 1 10 12 1 1 8 1 8 1 10 12 1 1 10 12 1 10 12 1 1 18 12 1 1 10 12 1 1 11 12 1 9 12 1 11 12 10 100 12 1 1 100 1 8 1 10 7 1 11 12 1 1 10 12 1 10 12 1 10 12 1 1 11 12 1 1 11 7 12 1 1 11 12 1 1 9 12 1 11 12 1 10 12 1 1 10 12 1 1 9 12 1 10 12 10 7 12 1 1 10 7 12 1 1 10 7 1 18 12 1 1 11 100 12 1 1 1 18 12 1 11 12 1 1 10 100 12 1 1 1 11 12 1 1 10 7 12 1 1 4 7 1 11 12 1 7 1 7 1 10 10 7 12 1 1 1 10 11 7 12 1 8 1 10 10 12 1 1 10 7 12 1 1 10 12 1 10 12 1 7 1 10 12 1 10 11 12 1 1 10 12 10 12 1 1 9 12 1 100 1 10 10 12 1 1 11 100 1 10 12 1 1 11 12 1 10 10 12 1 11 10 12 1 1 10 12 1 1 10 12 1 1 10 7 12 1 1 10 12 1 10 12 1 1 10 10 12 1 1 10 12 1 18 12 1 11 12 1 18 12 1 10 12 1 10 12 1 10 12 7 1 10 12 1 10 12 1 10 12 1 9 12 1 7 1 10 10 10 10 12 1 10 12 1 10 12 1 10 12 1 1 10 12 1 1 10 12 1 9 12 1 18 12 1 1 10 100 12 1 1 1 100 1 8 1 10 12 1 1 10 12 1 1 10 100 12 1 1 100 1 10 12 1 1 100 1 8 1 100 1 10 100 1 100 1 3 10 12 1 100 1 10 12 1 10 12 1 1 10 12 1 1 100 1 10 12 1 10 12 1 1 100 1 100 1 10 12 8 1 10 12 1 1 10 12 1 1 10 100 12 1 1 10 12 1 1 10 12 1 10 12 10 12 1 1 100 1 10 10 12 1 1 10 100 12 1 1 1 100 1 8 1 10 12 1 1 10 100 12 1 1 8 1 10 12 1 8 1 10 12 1 10 12 10 12 1 8 1 10 10 100 12 1 1 7 1 10 10 12 1 10 7 12 1 1 9 12 1 9 12 1 9 12 1 9 12 1 10 12 11 12 1 10 12 1 100 1 1 1 1 1 1 1 1 1 1 1 1 1 1 1 1 100 1 1 1 1 1 1 1 1 1 1 1 1 1 1 1 1 1 1 1 1 1 1 1 1 1 1 1 1 1 1 1 1 1 1 1 1 1 1 1 1 1 1 1 1 1 1 1 1 1 1 1 1 1 1 1 1 1 1 1 1 1 1 1 1 1 1 1 1 1 1 1 1 1 1 1 1 1 1 1 1 1 1 1 100 100 1 1 1 1 1 1 1 1 1 1 1 1 1 1 1 1 1 1 1 1 1 1 1 1 1 1 1 1 1 1 1 1 1 1 100 1 100 1 100 1 1 1 1 1 1 1 1 1 1 1 1 1 1 1 1 1 1 1 1 1 1 1 1 1 1 1 1 15 10 7 12 1 1 1 16 15 10 12 16 16 15 10 12 16 16 15 10 16 1 15 10 12 16 1 15 10 12 16 1 16 15 10 12 16 1 1 1 1 1 1 1 100 1 100 1 1
staticfield java/lang/Module ALL_UNNAMED_MODULE Ljava/lang/Module; java/lang/Module
staticfield java/lang/Module ALL_UNNAMED_MODULE_SET Ljava/util/Set; java/util/ImmutableCollections$Set12
staticfield java/lang/Module EVERYONE_MODULE Ljava/lang/Module; java/lang/Module
staticfield java/lang/Module EVERYONE_SET Ljava/util/Set; java/util/ImmutableCollections$Set12
staticfield java/lang/Module $assertionsDisabled Z 1
instanceKlass org/apache/maven/artifact/versioning/ComparableVersion$ListItem
instanceKlass org/eclipse/sisu/bean/BeanScheduler$Pending
ciInstanceKlass java/util/ArrayList 1 1 492 10 7 12 1 1 1 7 1 9 7 12 1 1 1 9 12 1 100 1 100 1 10 8 1 10 12 1 1 10 12 1 10 12 1 1 10 12 1 9 12 1 11 7 12 1 1 1 9 12 1 1 10 12 1 1 7 10 7 12 1 1 1 9 12 1 10 12 1 10 12 1 1 10 7 12 1 1 1 10 7 12 1 1 1 10 12 1 1 10 12 1 1 10 12 1 1 10 12 1 10 12 1 1 100 1 100 1 10 12 1 10 7 12 1 1 1 10 7 12 1 1 10 12 1 10 12 10 12 1 1 10 12 1 1 10 12 1 1 7 1 10 12 1 1 10 12 1 1 10 12 1 100 1 10 11 12 1 1 11 100 12 1 1 1 11 12 1 10 12 1 10 12 1 10 12 1 1 100 1 10 12 1 1 10 10 12 1 1 10 12 1 8 1 8 1 8 1 8 1 10 12 1 1 10 12 1 1 11 12 1 100 1 10 100 12 1 1 10 12 1 10 12 1 1 10 100 12 1 1 10 12 1 10 100 12 1 1 1 11 100 12 1 1 1 10 12 1 100 1 8 1 10 7 1 10 12 1 7 1 10 12 1 10 12 1 1 7 1 10 12 1 10 12 1 1 11 7 12 1 1 7 1 10 12 1 10 12 1 1 11 7 12 1 1 10 12 1 1 10 12 1 1 10 12 1 1 10 12 1 1 11 100 12 1 1 10 12 1 1 100 1 100 1 100 1 1 1 1 5 0 1 3 1 1 1 1 1 1 1 1 1 1 1 1 1 1 1 1 1 1 1 1 1 1 1 1 1 1 1 1 1 1 1 1 1 1 1 1 1 1 1 1 1 1 1 1 1 1 1 1 1 1 1 1 1 1 1 1 1 1 1 1 1 1 1 1 1 1 1 1 1 1 1 1 1 1 1 1 1 1 1 1 1 1 1 1 1 1 1 1 1 1 1 1 1 1 1 1 100 1 1 1 1 100 1 1 1 1 1 1 1 1 1 1 1 1 1 1 1 1 1 1 1 1 1 1 1 1 1 1 1 1 1 100 1 1 1 1 1 1 1 1 1 1 1 1 1 1 1 1 1 1 100 1 100 1 1 1 1 1 1
staticfield java/util/ArrayList EMPTY_ELEMENTDATA [Ljava/lang/Object; 0 [Ljava/lang/Object;
staticfield java/util/ArrayList DEFAULTCAPACITY_EMPTY_ELEMENTDATA [Ljava/lang/Object; 0 [Ljava/lang/Object;
ciInstanceKlass java/util/concurrent/ConcurrentHashMap 1 1 1210 7 1 7 1 3 10 12 1 1 3 100 1 10 7 12 1 1 1 100 1 10 100 12 1 1 1 100 1 11 12 1 1 11 12 1 11 12 1 1 9 12 1 1 9 12 1 1 9 12 1 10 7 12 1 1 1 7 1 10 12 1 1 10 12 1 1 10 7 12 1 1 1 4 10 12 1 9 12 1 10 12 1 1 100 1 10 5 0 10 12 1 10 12 1 1 5 0 10 12 1 1 10 12 1 9 12 1 1 10 12 1 1 9 12 1 9 12 1 1 10 12 1 1 9 12 1 10 12 1 1 9 12 1 1 10 12 1 1 100 1 10 100 1 10 12 1 10 12 1 1 10 12 1 1 10 12 1 1 10 12 1 10 12 1 1 10 12 1 1 100 1 10 12 1 1 7 1 100 1 8 1 10 12 1 10 12 1 1 10 12 1 1 11 7 12 1 1 10 12 1 1 11 12 1 1 11 7 12 1 1 1 11 7 12 1 1 1 11 12 1 7 1 11 12 1 11 12 1 10 12 1 1 10 12 1 1 9 12 1 1 10 100 12 1 1 1 9 10 12 1 1 9 12 1 10 12 1 1 5 0 9 12 1 1 7 1 10 12 1 9 12 1 1 7 1 10 12 1 9 12 1 7 1 10 100 1 10 10 12 1 1 8 1 10 12 1 10 12 1 1 11 100 1 10 12 1 10 100 12 1 1 1 8 1 10 100 12 1 1 1 8 1 10 12 1 8 1 10 12 1 10 12 1 1 10 100 12 1 1 10 12 1 10 12 1 10 12 1 9 12 1 9 10 12 1 9 12 1 1 11 100 12 1 1 1 11 7 12 1 1 1 100 1 10 12 11 100 12 1 1 10 11 7 12 1 10 12 1 100 1 10 12 1 100 1 10 10 9 7 12 1 1 1 10 12 3 10 100 12 1 1 9 12 1 10 12 1 1 9 12 1 1 9 12 1 10 12 1 1 10 100 12 1 1 9 12 1 9 7 12 1 1 10 12 1 1 10 12 1 3 9 12 1 9 12 1 10 12 1 1 7 1 9 3 9 12 1 100 1 10 12 1 9 12 1 10 12 1 9 12 1 10 12 1 9 12 1 10 100 12 1 1 1 100 10 12 1 100 1 5 0 10 100 12 1 1 100 1 10 12 1 1 10 12 1 10 12 1 100 1 10 12 1 10 100 1 100 1 10 10 12 1 10 100 1 10 12 1 10 100 1 10 12 1 10 100 1 10 12 1 1 100 1 10 12 1 10 10 12 1 100 1 10 12 1 10 10 12 1 100 1 10 12 1 10 100 1 10 12 1 10 100 1 10 12 1 10 100 1 10 12 1 10 100 1 10 12 1 10 100 1 10 12 1 10 100 1 10 12 1 10 100 1 10 12 1 10 100 1 10 10 100 1 10 10 100 1 10 10 100 1 10 12 1 10 100 1 10 12 1 10 100 1 10 12 1 10 100 1 10 12 1 10 100 1 10 12 1 10 100 1 10 10 100 1 10 10 100 1 10 10 100 1 10 12 1 10 100 1 10 12 1 10 100 1 10 12 1 10 100 1 10 12 1 10 100 1 10 12 1 10 10 12 1 10 7 12 1 1 1 10 12 1 7 1 7 1 10 12 1 9 12 1 1 9 12 1 1 10 12 1 1 8 10 12 1 1 8 8 8 8 7 10 12 1 1 10 12 1 100 1 8 1 10 7 1 100 1 100 1 1 1 5 0 1 1 3 1 3 1 1 1 1 3 1 3 1 3 1 1 1 1 1 3 1 3 1 3 1 1 1 1 1 1 1 1 1 1 1 1 1 1 1 1 1 1 1 1 1 1 1 1 1 100 1 1 1 1 1 1 1 1 1 1 1 1 1 1 1 1 1 1 1 1 1 1 1 1 1 1 1 1 1 1 1 1 1 1 1 1 1 1 1 1 1 1 1 1 1 1 1 1 1 1 1 1 1 1 1 1 1 1 1 1 1 1 1 1 1 1 1 1 1 1 1 1 1 1 1 1 1 1 1 1 1 1 1 1 100 1 1 1 1 1 1 1 1 1 1 1 100 1 1 1 1 1 1 1 1 1 1 1 1 1 1 1 1 1 1 1 1 1 1 1 1 1 1 1 1 1 1 1 1 1 1 1 1 1 1 1 1 1 1 1 1 1 1 1 1 1 1 1 1 1 1 1 1 1 1 1 1 1 1 1 1 1 1 1 1 1 1 1 1 1 1 1 1 1 1 1 1 1 1 1 1 1 1 1 1 1 1 1 1 1 1 1 1 1 1 1 1 1 1 1 1 1 1 1 1 1 1 1 1 1 1 1 1 1 1 1 1 1 1 1 1 1 1 1 1 1 1 1 1 1 1 1 1 1 1 1 1 1 1 1 1 1 1 1 1 1 1 1 1 1 1 1 1 1 1 1 1 1 1 1 1 1 1 1 1 1 1 1 1 1 1 1 1 1 1 1 1 1 1 1 1 1 1 1 1 1 1 1 1 1 1 1 1 1 1 1 1 1 1 1 1 1 1 1 1 1 1 1 1 1 1 1 1 1 1 1 1 1 1 1 100 1 100 1 100 1 100 1 100 1 100 1 100 1 100 1 100 1 1 1 1 1 1 1 1 1 1 1 1 1 1 1 1 1 1 1 1 1 1 1 1 1 1 1 1 1 1 1 1 1 1 1 1 1 1 1 1 1 1 1 1 1 1 1 1 1 1 1 1 1 1 1 1 1 1
staticfield java/util/concurrent/ConcurrentHashMap NCPU I 16
staticfield java/util/concurrent/ConcurrentHashMap serialPersistentFields [Ljava/io/ObjectStreamField; 3 [Ljava/io/ObjectStreamField;
staticfield java/util/concurrent/ConcurrentHashMap U Ljdk/internal/misc/Unsafe; jdk/internal/misc/Unsafe
staticfield java/util/concurrent/ConcurrentHashMap SIZECTL J 20
staticfield java/util/concurrent/ConcurrentHashMap TRANSFERINDEX J 32
staticfield java/util/concurrent/ConcurrentHashMap BASECOUNT J 24
staticfield java/util/concurrent/ConcurrentHashMap CELLSBUSY J 36
staticfield java/util/concurrent/ConcurrentHashMap CELLVALUE J 144
staticfield java/util/concurrent/ConcurrentHashMap ABASE I 16
staticfield java/util/concurrent/ConcurrentHashMap ASHIFT I 2
ciInstanceKlass java/lang/String 1 1 1396 10 7 12 1 1 1 8 1 9 7 12 1 1 1 9 12 1 1 9 12 1 1 10 12 1 10 12 1 1 10 12 1 1 9 12 1 1 10 7 12 1 1 1 10 7 1 10 7 12 1 1 1 10 12 1 1 10 12 1 1 10 12 1 10 12 1 1 10 12 1 10 7 12 1 1 1 9 7 12 1 1 1 10 7 12 1 1 1 10 12 1 1 10 12 1 1 10 12 1 1 10 12 1 1 10 12 1 1 9 7 12 1 1 10 12 9 7 12 1 1 3 10 7 12 1 1 1 7 1 11 12 1 1 11 12 1 11 12 1 1 10 100 12 1 1 1 10 12 1 1 9 100 12 1 1 1 10 12 1 1 10 12 1 11 12 1 1 10 12 1 1 10 12 10 12 1 1 10 100 12 1 1 1 10 7 12 1 1 1 10 12 1 1 100 1 100 1 10 12 1 10 12 1 10 12 1 1 100 1 10 12 1 1 100 1 10 12 1 1 10 12 1 1 10 10 12 1 100 1 100 1 100 1 10 12 1 10 12 1 1 10 12 1 1 10 12 1 10 12 1 1 10 12 1 1 10 100 12 1 1 100 1 11 11 12 1 11 12 1 10 12 1 1 10 12 1 10 12 10 12 1 1 10 10 100 12 1 1 1 10 100 12 1 1 10 12 1 1 10 100 12 1 1 10 12 1 10 12 1 1 10 12 1 1 10 12 1 10 12 1 10 12 1 1 100 1 10 12 1 1 10 12 10 12 1 10 12 1 1 10 7 12 1 1 1 10 12 1 10 12 1 1 10 12 1 10 12 1 3 3 10 12 1 10 12 1 1 10 12 1 1 10 12 1 1 10 12 1 10 12 1 1 10 12 1 1 10 12 1 10 12 1 10 12 1 10 12 1 1 10 12 1 10 12 1 10 12 1 10 12 1 10 12 1 10 12 1 10 100 1 10 8 1 10 12 1 1 10 12 1 8 1 10 12 1 1 10 12 10 12 1 8 1 10 10 12 1 1 10 12 1 1 10 12 1 10 12 1 1 10 12 10 100 1 10 10 12 1 10 12 1 10 12 1 10 10 12 1 10 12 1 1 10 12 1 100 1 10 10 12 1 100 1 10 10 12 1 10 12 1 1 10 12 1 10 12 1 1 10 10 12 1 1 10 100 1 10 10 12 1 10 12 1 1 10 12 1 1 10 100 1 10 12 1 10 12 1 10 12 1 10 12 1 1 10 12 1 11 7 1 11 12 10 12 1 10 12 1 1 10 12 1 1 10 10 12 1 10 12 1 9 12 1 1 11 7 12 1 1 1 10 10 12 1 10 12 1 1 10 10 12 1 10 12 1 10 12 1 1 9 12 1 10 12 1 1 10 10 12 1 1 10 12 10 10 12 1 10 12 10 10 12 10 10 12 1 10 12 1 10 12 10 10 12 10 12 1 10 12 10 12 10 10 12 1 10 12 1 1 10 12 1 10 10 12 1 10 7 12 1 1 1 10 12 1 1 10 10 7 12 1 1 1 11 10 12 1 10 12 1 1 10 12 1 1 10 7 12 1 1 1 10 12 1 10 10 12 1 10 12 1 10 12 1 10 100 12 1 1 10 12 1 100 1 100 1 8 1 10 10 10 12 1 8 1 10 12 1 3 3 7 1 10 10 12 1 10 12 1 10 12 1 1 10 12 1 1 11 7 12 1 1 1 7 1 10 12 1 1 10 12 1 10 12 1 1 10 12 1 1 8 1 10 12 1 1 10 12 1 11 100 12 1 1 1 11 100 12 1 1 11 12 1 1 10 12 1 10 12 1 1 10 10 7 12 1 1 1 10 12 1 10 12 1 10 10 12 10 12 1 1 10 10 12 1 10 10 12 1 10 10 12 1 10 10 12 1 10 12 1 1 10 10 12 1 8 1 10 12 1 1 18 12 1 1 11 100 12 1 1 1 7 1 3 18 12 1 18 12 1 8 1 10 100 12 1 1 1 11 12 1 1 10 12 10 10 12 1 10 11 12 1 1 10 12 1 1 11 12 1 18 3 11 10 12 1 11 11 10 12 1 10 12 1 1 8 1 10 12 1 10 12 1 10 12 1 1 10 10 12 1 11 100 12 1 7 1 100 1 10 12 1 7 1 10 10 7 12 1 1 1 100 1 10 7 1 10 10 12 1 10 10 12 1 8 1 10 10 12 1 8 1 8 1 10 12 1 10 12 1 10 10 12 10 100 12 1 1 10 7 12 1 1 10 100 12 1 1 8 1 10 12 1 10 12 1 1 10 10 12 8 1 8 1 10 8 1 8 1 8 1 8 1 10 12 1 10 12 1 8 1 10 100 12 1 1 1 10 12 10 12 1 1 10 12 10 10 12 10 12 7 1 9 12 1 1 7 1 10 100 1 100 1 100 1 100 1 1 1 1 1 1 5 0 1 1 1 1 1 3 1 3 1 1 1 1 1 1 1 1 1 1 1 1 1 1 1 100 1 1 1 100 1 1 1 1 1 1 1 1 1 1 1 1 1 1 1 1 1 1 1 1 1 1 1 1 1 1 1 100 1 1 1 1 1 1 1 1 1 100 1 1 1 1 1 1 1 1 1 1 1 1 1 1 1 1 1 1 1 1 1 1 1 1 1 1 1 1 1 1 1 1 1 1 1 1 1 1 1 1 1 1 1 1 1 1 1 1 1 1 1 1 1 1 1 1 1 1 1 1 1 1 1 1 1 1 1 1 1 1 1 1 1 1 1 1 1 1 1 1 1 1 1 1 1 1 1 1 1 1 1 1 1 1 1 1 1 1 1 1 1 1 1 1 1 1 1 1 1 1 1 1 1 1 1 1 1 1 1 1 1 1 1 1 1 1 1 1 1 1 1 1 1 1 1 1 1 1 1 1 1 1 1 1 1 1 1 1 1 1 1 1 1 1 1 1 1 1 1 1 1 1 1 1 1 1 1 1 1 100 1 1 1 1 1 1 1 1 1 1 1 1 1 1 1 1 1 1 1 1 1 1 1 1 100 1 1 1 1 1 1 1 1 1 1 1 1 1 100 1 1 1 1 1 1 1 1 1 1 1 1 1 1 1 15 10 100 12 1 1 1 16 15 10 12 16 15 10 12 15 10 12 15 10 12 1 1 1 1 100 1 100 1 1 1
staticfield java/lang/String COMPACT_STRINGS Z 1
staticfield java/lang/String serialPersistentFields [Ljava/io/ObjectStreamField; 0 [Ljava/io/ObjectStreamField;
staticfield java/lang/String CASE_INSENSITIVE_ORDER Ljava/util/Comparator; java/lang/String$CaseInsensitiveComparator
ciInstanceKlass java/security/ProtectionDomain 1 1 324 10 7 12 1 1 1 9 7 12 1 1 1 7 1 10 9 12 1 1 9 12 1 1 9 12 1 1 10 7 12 1 1 7 1 9 12 1 9 12 1 1 7 1 9 12 1 1 9 12 1 10 100 12 1 1 10 100 12 1 1 1 10 12 1 1 10 12 1 9 12 1 9 100 12 1 1 10 12 1 1 10 100 1 10 12 1 1 8 1 100 1 8 1 10 12 1 10 10 100 12 1 1 1 10 12 1 1 8 1 11 8 1 10 12 1 8 1 8 1 10 12 1 1 10 12 1 10 12 1 1 10 12 1 8 1 10 12 1 8 1 8 1 10 100 12 1 1 1 9 100 12 1 1 1 10 12 1 1 9 100 12 1 1 1 10 100 12 1 1 1 100 1 100 1 10 12 1 10 100 12 1 1 1 10 100 1 10 12 1 10 12 1 1 11 100 12 1 1 11 12 1 100 1 11 100 12 1 1 1 10 12 1 10 11 12 1 1 11 12 1 1 10 12 1 10 7 12 1 1 10 100 12 1 1 11 12 1 10 12 8 1 8 1 10 7 12 1 1 1 7 1 10 10 7 12 1 1 1 1 1 1 1 1 1 1 100 1 1 100 1 1 1 1 1 1 1 1 1 1 1 1 1 1 1 1 1 1 1 1 1 1 1 1 1 1 1 1 1 1 1 1 1 1 1 1 1 1 1 1 1 1 100 1 1 1 1 1 100 1 1 1 1 1
staticfield java/security/ProtectionDomain filePermCompatInPD Z 0
ciInstanceKlass java/security/CodeSource 1 1 395 10 7 12 1 1 1 9 7 12 1 1 1 9 12 1 1 9 12 1 1 9 12 1 1 10 7 12 1 1 1 9 12 1 1 10 100 12 1 1 10 100 10 100 12 1 1 1 10 100 12 1 1 1 10 12 1 1 100 1 10 10 100 12 1 1 1 10 100 12 1 1 1 10 12 1 1 10 12 1 100 1 10 12 1 1 10 12 1 1 10 12 1 1 10 12 1 10 10 10 12 1 1 10 100 12 1 1 1 10 12 1 10 12 1 10 12 1 8 1 10 12 1 10 12 1 10 12 1 1 10 12 1 8 1 10 12 1 1 10 100 1 10 10 12 1 1 8 1 10 12 1 10 12 1 10 12 1 8 1 8 1 9 12 1 1 100 1 8 1 10 12 1 10 12 1 1 8 1 10 12 1 8 1 8 1 8 1 10 100 12 1 1 10 12 1 1 10 12 1 10 12 1 1 10 12 1 1 10 12 1 1 100 1 100 1 10 12 1 10 12 10 12 1 1 10 100 12 1 1 10 12 1 100 1 10 12 10 8 1 10 12 1 10 12 1 10 12 1 1 100 1 10 12 1 1 100 1 100 1 8 1 8 1 10 10 12 1 1 10 100 12 1 1 1 100 1 10 12 10 12 1 1 11 100 12 1 1 10 10 12 1 11 10 12 1 8 1 100 1 10 12 1 10 12 1 1 10 12 1 11 12 1 1 11 100 1 1 1 1 5 0 1 1 1 1 1 1 1 1 1 1 1 1 1 1 1 1 1 1 1 1 1 1 1 1 1 1 1 1 1 1 1 1 1 1 1 1 1 1 1 1 1 1 1 1 1 1 1 1 1 1 1 1 1 1 1 1 1 1 1 1 1 1 1 1 1 100 1 1 1 1 1 1 1
ciInstanceKlass java/lang/StringBuilder 1 1 409 10 7 12 1 1 1 10 12 1 10 12 1 10 12 1 1 10 7 12 1 1 1 10 7 12 1 1 1 10 12 1 10 12 1 10 12 1 10 12 1 10 12 1 10 12 1 10 12 1 10 12 1 10 12 1 10 12 1 10 12 1 10 12 1 10 12 1 10 12 1 1 10 12 1 10 12 1 1 10 12 1 1 10 12 1 10 12 1 10 12 1 10 12 1 10 12 1 10 12 1 10 12 1 10 12 10 12 1 10 12 1 10 12 1 10 12 1 1 10 12 1 10 12 1 10 12 10 12 1 1 10 12 1 1 9 12 1 1 9 12 1 1 10 7 12 1 1 1 10 100 1 10 100 12 1 1 1 10 12 1 10 12 1 1 10 12 1 1 10 10 12 1 1 10 100 12 1 1 10 12 1 10 12 1 1 100 1 100 1 8 1 10 10 12 1 1 10 12 1 1 10 12 1 10 12 1 10 12 1 10 12 1 10 12 1 10 12 1 10 12 1 10 12 1 10 12 1 10 12 1 10 12 1 10 12 1 10 12 1 10 12 1 10 12 1 1 10 12 1 1 10 12 1 10 12 1 10 12 1 10 12 10 12 10 12 1 10 12 1 10 12 1 10 12 10 12 1 10 12 1 10 12 1 10 12 1 10 12 1 10 12 1 10 12 1 10 12 1 10 12 1 1 10 12 1 10 12 1 1 10 12 1 10 12 1 1 10 12 1 10 12 1 1 10 12 1 10 12 1 10 12 1 10 10 12 1 10 12 1 100 1 100 1 100 1 1 1 1 5 0 1 1 1 1 1 1 1 1 1 1 1 1 1 1 1 1 1 1 1 1 1 1 1 1 1 1 1 1 1 1 1 1 1 1 1 1 1 1 1 1 1 1 1 100 1 1 1 100 1 1 1 1 1 1 1 1 1 1
ciInstanceKlass jdk/internal/loader/ClassLoaders 1 1 183 10 100 12 1 1 1 10 7 12 1 1 1 10 12 1 1 10 100 12 1 1 1 9 7 12 1 1 1 9 12 1 1 9 12 1 1 7 1 11 100 12 1 1 1 100 1 11 12 1 1 11 12 1 1 10 100 12 1 1 1 10 100 12 1 1 1 100 1 100 1 10 7 12 1 1 1 9 12 1 1 10 12 1 1 7 1 10 12 1 1 10 12 1 7 1 8 1 10 7 12 1 1 1 10 12 1 1 7 1 10 12 1 10 12 1 10 12 1 8 1 10 7 12 1 1 8 1 8 1 10 12 1 7 1 10 12 1 10 12 1 10 12 1 1 1 1 1 1 1 1 1 1 1 1 1 1 1 1 1 1 1 1 100 1 1 1 1 1 1 1 1 1 1 1 1 1 1 1 1 1 1 1
staticfield jdk/internal/loader/ClassLoaders JLA Ljdk/internal/access/JavaLangAccess; java/lang/System$2
staticfield jdk/internal/loader/ClassLoaders BOOT_LOADER Ljdk/internal/loader/ClassLoaders$BootClassLoader; jdk/internal/loader/ClassLoaders$BootClassLoader
staticfield jdk/internal/loader/ClassLoaders PLATFORM_LOADER Ljdk/internal/loader/ClassLoaders$PlatformClassLoader; jdk/internal/loader/ClassLoaders$PlatformClassLoader
staticfield jdk/internal/loader/ClassLoaders APP_LOADER Ljdk/internal/loader/ClassLoaders$AppClassLoader; jdk/internal/loader/ClassLoaders$AppClassLoader
ciInstanceKlass jdk/internal/misc/Unsafe 1 1 1285 10 7 12 1 1 1 9 7 12 1 1 1 9 12 1 1 10 12 1 1 10 7 12 1 1 1 10 12 1 1 10 12 1 1 10 12 1 1 10 12 1 1 10 12 1 1 10 12 1 1 10 12 1 1 10 12 1 1 10 12 1 1 10 12 1 1 10 12 1 1 10 12 1 1 10 12 1 1 10 12 1 10 12 1 100 1 10 10 12 1 1 10 12 1 1 5 0 10 12 1 1 10 12 1 1 10 7 12 1 1 1 10 12 1 1 10 12 1 10 12 1 10 12 1 1 10 12 1 1 10 12 1 10 12 1 100 1 100 1 10 8 1 10 12 1 1 10 12 1 8 1 10 12 1 1 10 12 1 10 12 1 10 12 1 1 10 12 1 10 12 1 1 10 12 1 1 10 12 1 10 12 1 10 12 1 10 12 1 1 10 12 1 10 12 1 10 12 1 1 10 12 1 5 0 5 0 5 0 10 12 1 10 12 1 10 12 1 10 12 1 10 12 1 10 12 1 10 12 1 10 12 1 10 12 1 1 10 12 1 10 12 1 100 1 8 1 10 100 1 10 10 12 1 1 10 12 1 1 10 12 1 10 12 1 1 10 12 1 1 10 12 1 10 12 1 1 10 12 1 9 7 12 1 1 9 12 1 100 1 10 10 12 1 1 8 1 10 8 1 8 1 10 12 1 1 9 7 12 1 1 1 9 100 1 9 7 1 9 100 1 9 9 100 1 9 100 1 9 100 1 10 12 1 1 10 12 1 1 10 12 1 1 10 12 1 1 5 0 5 0 9 12 1 1 10 12 1 10 12 1 10 12 1 1 10 12 1 1 10 12 1 8 1 3 10 12 1 1 10 12 1 1 10 12 1 10 12 1 1 10 12 1 1 10 12 1 10 12 1 10 12 1 10 12 1 10 12 1 10 12 1 1 10 12 1 1 10 12 1 10 12 1 10 12 1 10 12 1 10 12 1 10 12 1 1 10 12 1 1 10 12 1 10 12 1 10 12 1 10 12 1 10 12 1 10 12 1 1 10 12 1 1 10 12 1 1 10 12 1 1 10 12 1 10 12 1 10 12 1 10 12 1 10 12 1 10 12 1 10 12 1 1 10 12 1 1 10 12 1 10 12 1 10 12 1 10 12 1 10 12 1 10 12 1 10 12 1 1 10 12 1 1 10 12 1 10 12 1 10 12 1 10 12 1 10 12 1 10 12 1 10 12 1 10 12 1 1 10 12 1 10 12 1 10 12 1 10 12 1 10 12 1 1 10 12 1 10 12 1 10 12 1 10 12 1 10 12 1 10 12 1 10 12 1 10 12 1 1 10 12 1 10 12 1 10 12 1 10 12 1 10 12 1 10 12 1 1 10 12 1 10 12 1 10 12 1 1 10 12 1 10 12 1 10 12 1 10 12 1 10 12 1 10 12 1 10 12 1 10 12 1 10 12 1 10 12 1 10 12 1 10 12 1 10 12 1 10 12 1 10 12 1 10 12 1 10 12 1 10 12 1 10 12 1 10 12 1 10 12 1 10 12 1 100 1 10 100 1 10 9 12 1 5 0 10 12 1 1 5 0 10 12 1 5 0 10 12 1 10 12 1 10 12 1 1 10 12 1 1 10 12 1 10 12 1 10 12 1 10 12 1 1 10 12 1 10 12 1 10 12 1 10 12 1 10 12 1 1 10 12 1 10 12 1 10 12 1 10 12 1 1 10 12 1 10 12 1 10 12 1 1 10 12 1 10 12 1 10 12 1 10 12 1 1 10 12 1 10 10 12 1 1 10 12 1 10 12 1 1 10 12 1 10 12 5 0 5 0 5 0 10 12 1 1 10 12 1 10 12 1 10 12 10 100 12 1 1 8 1 100 1 11 12 1 1 8 1 11 12 1 1 10 100 12 1 1 10 12 1 10 12 1 10 12 1 10 12 1 10 12 1 1 10 12 1 10 12 1 10 12 1 10 12 1 10 12 1 10 12 1 10 7 1 10 12 1 9 12 1 7 1 9 12 1 7 1 9 12 1 7 1 9 12 1 7 1 9 12 1 7 1 9 12 1 7 1 9 12 1 7 1 9 12 1 7 1 9 12 1 10 12 1 9 12 1 9 12 1 9 12 1 9 12 1 9 12 1 9 12 1 9 12 1 9 12 1 9 12 1 9 12 1 1 1 3 1 1 1 1 1 1 1 1 1 1 1 1 1 1 1 1 1 1 1 1 1 1 1 1 1 1 1 1 1 1 1 1 1 1 1 1 1 1 1 1 1 1 1 1 1 1 1 1 1 1 1 1 1 1 1 1 1 1 1 1 1 1 1 1 1 1 1 1 1 1 1 1 1 1 1 1 1 1 1 1 1 1 1 1 1 1 1 1 1 100 1 1 1 1 1 1 1 1 1 1 1 1 1 1 1 1 1 1 1 1 1 1 1 1 1 1 1 1 1 1 1 1 1 1 1 1 1 1 1 1 1 1 1 1 1 1 1 1 1 1 1 1 1 1 1 1 1 1 1 1 1 1 1 1 1 1 1 1 1 1 1 1 1 1 1 1 1 1 1 1 1 1 1 1 1 1 1 1 1 1 1 1 1 1 1 1 1 1 1 1 1 1 1 1 1 1 1 1 1 1 1 1 1 1 1 1 1 1 1 1 1 1 1 1 1 1 1 1 1 1 1 1 1 1 1 1 1 1 1 1 1 1 1 1 1 1 1 1 1 1 1 1 1 1 1 1 1 1 1 1 1 1 1 1 1 1 1 1 1 1 1 1 1 1 1 1 1 1 1 1 1 1 1 1 1 1 1 1 1 1 1 1 1 1 1 1 1 1 1 1 1 1 1 1 1 1 1 3 1 1 1 1 1 1 1 1 1 1 1 1 1 1 1 1 1 1 1 1 1
staticfield jdk/internal/misc/Unsafe theUnsafe Ljdk/internal/misc/Unsafe; jdk/internal/misc/Unsafe
staticfield jdk/internal/misc/Unsafe ARRAY_BOOLEAN_BASE_OFFSET I 16
staticfield jdk/internal/misc/Unsafe ARRAY_BYTE_BASE_OFFSET I 16
staticfield jdk/internal/misc/Unsafe ARRAY_SHORT_BASE_OFFSET I 16
staticfield jdk/internal/misc/Unsafe ARRAY_CHAR_BASE_OFFSET I 16
staticfield jdk/internal/misc/Unsafe ARRAY_INT_BASE_OFFSET I 16
staticfield jdk/internal/misc/Unsafe ARRAY_LONG_BASE_OFFSET I 16
staticfield jdk/internal/misc/Unsafe ARRAY_FLOAT_BASE_OFFSET I 16
staticfield jdk/internal/misc/Unsafe ARRAY_DOUBLE_BASE_OFFSET I 16
staticfield jdk/internal/misc/Unsafe ARRAY_OBJECT_BASE_OFFSET I 16
staticfield jdk/internal/misc/Unsafe ARRAY_BOOLEAN_INDEX_SCALE I 1
staticfield jdk/internal/misc/Unsafe ARRAY_BYTE_INDEX_SCALE I 1
staticfield jdk/internal/misc/Unsafe ARRAY_SHORT_INDEX_SCALE I 2
staticfield jdk/internal/misc/Unsafe ARRAY_CHAR_INDEX_SCALE I 2
staticfield jdk/internal/misc/Unsafe ARRAY_INT_INDEX_SCALE I 4
staticfield jdk/internal/misc/Unsafe ARRAY_LONG_INDEX_SCALE I 8
staticfield jdk/internal/misc/Unsafe ARRAY_FLOAT_INDEX_SCALE I 4
staticfield jdk/internal/misc/Unsafe ARRAY_DOUBLE_INDEX_SCALE I 8
staticfield jdk/internal/misc/Unsafe ARRAY_OBJECT_INDEX_SCALE I 4
staticfield jdk/internal/misc/Unsafe ADDRESS_SIZE I 8
ciInstanceKlass java/util/Map 1 1 259 11 7 12 1 1 1 11 12 1 1 10 100 12 1 1 11 12 1 1 11 7 12 1 1 1 11 100 12 1 1 1 11 12 1 1 7 1 11 12 1 11 12 1 100 1 100 1 10 12 1 1 11 100 12 1 1 1 11 100 12 1 1 1 11 12 1 11 12 1 10 12 1 1 11 12 1 11 100 12 1 9 7 12 1 1 1 100 1 10 12 7 1 7 1 10 12 1 7 1 10 7 1 11 12 1 1 7 1 11 12 1 1 1 1 1 1 1 1 1 1 1 1 1 1 1 1 1 1 1 1 1 1 1 1 1 1 1 1 1 1 1 1 1 1 1 1 1 1 1 1 1 1 1 1 1 1 1 1 1 1 1 1 1 1 1 1 1 1 1 1 1 1 1 1 1 1 1 1 1 1 1 1 1 1 1 1 1 1 1 1 1 1 1 1 1 1 1 1 1 1 1 1 1 1 1 1 1 1 1 1 1 1 1 1 1 1 1 1 1 1 1 1 1 1 1 1 1 1 1 1 1 1 1 1 1 1 1 1 1 100 1 1 1 1 1 1 1 1 1 1 1 1 1 1 1 1 1 1
ciInstanceKlass java/lang/ThreadGroup 1 1 293 10 7 12 1 1 1 9 7 12 1 1 1 8 1 9 12 1 1 7 1 9 12 1 9 12 1 1 10 12 1 1 10 12 1 1 10 12 1 10 12 1 1 10 12 1 9 12 1 1 10 12 1 1 10 12 1 9 12 1 10 100 12 1 1 1 9 12 1 9 12 1 1 10 7 12 1 1 1 100 10 12 1 1 10 7 12 1 1 1 10 100 12 1 9 12 1 10 12 1 1 10 12 1 1 9 12 1 1 10 12 1 1 10 12 1 10 12 1 10 12 1 1 10 12 1 1 10 12 1 10 12 1 10 10 12 1 10 12 1 10 100 1 10 10 12 1 10 12 1 10 12 1 7 10 12 1 9 12 1 1 10 12 1 1 8 1 10 100 12 1 1 1 10 12 1 1 10 12 1 1 10 12 1 1 11 100 1 100 1 9 12 1 100 1 10 8 1 10 12 1 1 10 12 1 1 8 1 10 12 1 10 100 12 1 1 1 10 12 1 1 10 100 1 8 1 10 8 1 10 12 1 8 1 1 1 1 1 1 1 1 1 1 1 1 1 1 1 1 1 3 1 1 1 1 1 1 1 1 1 1 1 1 1 1 1 1 1 1 1 1 1 1 1 1 1 1 1 1 1 1 1 1 1 1 1 1 1 1 1 1 1 1
instanceKlass java/security/Provider
ciInstanceKlass java/util/Properties 1 1 651 10 7 12 1 1 1 100 1 10 7 12 1 1 7 1 10 12 1 9 12 1 1 9 12 1 1 9 12 1 1 10 7 12 1 1 1 10 12 1 1 8 1 10 7 12 1 1 1 7 1 10 12 1 10 12 1 1 8 1 10 12 1 7 1 10 12 10 12 1 1 9 12 1 1 10 12 1 1 7 1 10 12 1 10 12 1 10 12 1 1 100 1 8 1 10 12 1 10 12 1 10 12 1 1 10 12 1 100 1 3 10 10 100 12 1 1 1 10 12 1 10 12 1 1 8 1 10 12 1 10 12 1 1 8 1 10 100 12 1 1 10 12 1 1 10 12 1 10 12 1 1 100 1 10 12 1 10 12 1 1 100 1 9 100 12 1 1 1 10 12 1 10 12 1 1 100 1 10 10 10 12 1 1 11 7 12 1 1 1 11 7 12 1 1 1 11 12 1 1 7 1 11 12 1 11 12 1 10 12 1 1 8 1 10 12 1 10 12 1 100 1 10 10 12 1 1 10 100 12 1 1 9 100 12 1 1 10 12 1 1 10 100 12 1 1 1 100 1 100 1 100 1 10 8 1 8 1 10 12 1 10 12 1 10 12 1 1 10 10 12 1 1 10 12 1 1 100 1 10 10 12 1 11 7 12 1 1 10 7 12 1 1 1 8 1 10 100 12 1 1 11 8 1 10 100 1 11 10 12 1 10 12 1 10 12 1 10 12 1 1 10 12 1 1 10 12 1 1 10 12 1 10 12 1 10 10 12 1 10 12 1 10 12 1 10 10 12 1 1 10 12 1 1 7 1 10 10 12 1 10 12 1 10 12 1 10 12 1 10 12 1 1 10 12 1 1 10 12 1 10 12 1 10 12 1 1 10 12 10 12 1 1 10 12 1 1 10 12 1 10 12 1 1 10 12 1 1 10 12 100 1 10 11 100 12 1 1 4 11 10 12 1 1 10 100 12 1 1 11 12 1 10 12 1 1 10 100 12 1 1 10 12 1 100 1 8 1 10 12 1 10 10 100 12 1 1 1 100 1 6 0 10 12 1 1 11 100 12 1 1 1 10 12 1 10 12 1 1 1 1 1 5 0 1 1 1 1 1 1 1 1 1 1 1 1 1 1 1 1 1 1 1 1 1 1 1 1 1 1 1 1 1 1 1 1 1 1 1 1 1 1 1 1 100 1 1 1 1 1 1 1 1 1 1 1 1 1 1 1 1 1 1 1 1 100 1 1 1 1 1 1 1 100 1 100 1 1 1 1 100 1 1 1 1 1 1 1 1 1 1 1 1 1 1 1 1 1 1 1 1 1 1 1 1 1 1 1 1 1 1 1 1 1 1 1 1 1 1 1 1 1 1 1 1 1 1 1 1 1 1 1 1 1 1 1 1 1 1 1 1 1 1 1 1 1 1 1 1 1 1 1 1 1 1 1 1 100 1 1 1 1 1 1 1 1 1 100 1 1 1
staticfield java/util/Properties UNSAFE Ljdk/internal/misc/Unsafe; jdk/internal/misc/Unsafe
instanceKlass java/util/Hashtable
ciInstanceKlass java/util/Dictionary 1 1 36 10 7 12 1 1 1 100 1 1 1 1 1 1 1 1 1 1 1 1 1 1 1 1 1 1 1 1 1 1 1 1 1 1 1 1
instanceKlass java/util/Properties
ciInstanceKlass java/util/Hashtable 1 1 512 100 1 10 7 12 1 1 1 9 7 12 1 1 1 100 1 100 1 10 8 1 10 12 1 1 10 12 1 10 12 1 1 10 12 1 10 7 12 1 1 1 8 1 10 12 1 9 12 1 1 7 1 9 12 1 1 4 10 7 12 1 1 1 9 12 1 4 10 12 1 11 100 12 1 1 1 10 12 1 1 10 12 1 1 9 12 1 10 12 1 1 100 1 10 9 12 1 1 10 7 12 1 1 1 9 12 1 1 10 12 1 10 12 1 3 9 12 1 9 12 1 3 10 12 1 10 12 1 10 12 1 1 11 12 1 1 11 100 12 1 1 1 11 100 12 1 1 1 11 12 1 100 1 11 12 1 11 12 1 10 12 1 1 10 12 1 1 10 12 1 9 12 1 1 9 12 9 12 1 1 10 100 1 100 1 10 12 1 10 8 1 10 10 12 1 8 1 10 8 1 10 100 12 1 1 1 7 1 10 12 1 10 12 1 100 1 10 12 1 10 12 1 1 100 1 10 100 1 10 10 12 1 1 11 12 1 1 11 12 1 100 1 10 10 10 100 12 1 1 11 100 12 1 1 1 100 1 10 11 100 12 1 1 11 100 12 1 10 12 1 10 12 1 1 10 100 12 1 1 10 12 1 1 10 12 1 1 10 12 1 1 10 100 12 1 1 1 8 10 100 12 1 1 100 1 8 1 10 4 10 12 4 10 12 1 8 1 10 12 10 100 12 1 1 1 100 1 11 100 12 1 1 1 10 100 12 1 1 1 10 12 1 10 12 1 1 10 100 1 100 1 1 1 1 1 1 5 0 1 1 1 1 1 3 1 3 1 3 1 1 1 1 1 1 1 1 1 1 1 1 1 1 1 1 1 1 1 1 1 1 1 1 1 100 1 1 1 1 1 1 1 1 1 1 1 1 1 1 1 1 1 1 1 1 1 1 1 1 1 1 1 1 1 100 1 1 1 1 1 1 1 1 1 1 1 1 1 1 1 1 1 1 1 1 1 1 1 1 1 1 1 1 1 1 1 1 1 1 1 1 1 1 1 1 1 1 1 1 1 1 1 1 1 1 1 1 1 1 1 1 1 1 100 1 1 1 100 1 1 1 1 1 100 1 1 1 1 1 1 1 1 1 1 1 1 1 1 1 1 1 1
ciInstanceKlass java/util/Set 1 1 140 100 1 10 7 12 1 1 1 9 7 12 1 1 1 7 1 10 12 1 1 10 12 1 7 1 7 1 10 12 1 7 1 7 1 7 1 10 12 1 10 12 1 1 11 12 1 1 100 1 1 1 1 1 1 1 1 1 1 1 1 1 1 1 1 1 1 1 1 1 1 1 1 1 1 1 1 1 1 1 1 1 1 1 1 1 1 1 1 1 1 1 1 1 1 1 1 1 1 1 1 1 1 1 1 1 1 1 1 1 1 1 1 1 1 1 1 1 1 1 1 1 1 1 1 1 1 1 1 1 1 1 1 1 1 1 1 1 1 1
ciInstanceKlass java/util/Map$Entry 1 0 178 18 12 1 1 100 1 100 1 18 10 100 12 1 1 1 18 12 1 18 100 1 11 100 12 1 1 1 11 12 1 11 100 12 1 1 1 10 100 12 1 1 1 10 100 12 1 1 1 8 1 10 12 1 1 8 1 8 1 8 1 10 12 1 10 12 1 8 10 100 1 10 12 1 8 10 12 1 8 1 10 12 1 8 10 12 1 8 1 10 12 1 1 8 1 100 1 8 1 10 12 1 1 11 12 100 1 11 12 1 1 1 1 1 1 1 1 1 1 1 1 1 1 1 1 1 1 1 1 1 1 1 1 1 1 1 1 1 1 1 1 1 1 1 1 1 1 1 15 10 100 12 1 1 1 16 15 11 12 16 3 3 15 11 12 15 11 12 15 11 12 1 1 100 1 100 1 1
instanceKlass sun/nio/ch/ChannelInputStream
instanceKlass java/util/zip/ZipFile$ZipFileInputStream
instanceKlass java/io/FilterInputStream
instanceKlass java/io/FileInputStream
instanceKlass java/io/ByteArrayInputStream
ciInstanceKlass java/io/InputStream 1 1 184 100 1 10 7 12 1 1 1 100 1 10 10 7 12 1 1 1 10 7 12 1 1 1 10 12 1 100 1 3 10 12 1 1 100 1 8 1 10 12 1 10 100 12 1 1 1 3 100 1 8 1 10 10 100 12 1 1 1 100 1 10 11 100 12 1 1 1 10 12 1 1 11 12 1 1 11 100 12 1 1 1 11 12 1 1 100 1 10 100 12 1 1 1 5 0 10 12 1 10 12 1 1 100 1 10 8 1 10 8 1 8 1 10 12 1 1 10 100 12 1 1 1 100 1 1 1 1 3 1 3 1 1 1 1 1 1 1 1 1 1 1 1 1 1 1 1 1 1 1 1 1 1 1 1 1 1 1 1 1 1 1 1 1 1 1 1 1 1 1 1 1 1 1 1 1 1 1 1 1 1 1 1 1
ciInstanceKlass java/io/ByteArrayInputStream 1 1 96 10 7 12 1 1 1 9 7 12 1 1 1 9 12 1 1 9 12 1 9 12 1 10 100 12 1 1 1 10 7 12 1 1 1 10 7 12 1 1 1 10 100 12 1 1 1 10 12 1 1 10 100 12 1 1 1 1 1 1 1 1 1 1 1 1 1 1 1 1 1 1 1 1 1 1 1 1 1 1 1 100 1 1 1 1 1 1 1 1 1 1 1 1 1 1
instanceKlass java/util/concurrent/ForkJoinWorkerThread
instanceKlass java/util/logging/LogManager$Cleaner
instanceKlass org/apache/maven/shared/utils/logging/MessageUtils$1
instanceKlass jdk/internal/misc/InnocuousThread
instanceKlass java/lang/ref/Finalizer$FinalizerThread
instanceKlass java/lang/ref/Reference$ReferenceHandler
ciInstanceKlass java/lang/Thread 1 1 612 9 7 12 1 1 1 9 12 1 1 10 12 1 1 9 12 1 1 9 12 1 1 100 1 8 1 10 12 1 1 3 8 1 100 1 5 0 10 12 1 1 10 7 12 1 1 9 12 1 1 9 12 1 9 12 1 1 9 12 1 100 1 8 1 10 9 12 1 1 10 7 12 1 1 1 10 100 12 1 1 1 10 10 7 12 1 1 10 12 1 1 10 12 1 1 9 100 12 1 1 1 10 12 1 1 10 12 1 9 12 1 1 10 12 1 1 10 12 1 1 9 12 1 10 12 1 1 9 12 1 1 10 7 12 1 1 1 9 12 1 1 9 12 1 1 10 12 1 1 10 7 12 1 1 1 9 12 1 10 12 1 1 9 12 1 100 1 10 7 1 10 8 1 10 12 1 1 10 12 1 10 12 1 10 12 1 1 10 12 1 10 12 1 9 12 1 100 1 10 10 12 1 1 10 12 1 10 12 1 100 1 11 7 12 1 1 9 7 12 1 1 1 10 12 1 10 12 1 10 12 9 12 1 1 10 9 12 1 10 12 1 100 1 10 10 12 1 1 9 12 1 10 12 1 11 100 12 1 1 10 12 1 9 12 1 10 12 1 10 12 1 10 10 12 1 10 12 1 10 12 1 10 12 1 10 12 1 1 100 1 10 10 12 1 10 12 1 10 12 1 9 100 12 1 1 1 10 12 1 1 10 12 1 100 1 8 1 10 10 12 1 10 12 8 1 10 12 1 8 1 10 8 1 8 1 10 100 12 1 1 10 100 12 1 1 1 100 1 8 1 10 9 12 1 9 12 1 1 10 12 1 1 10 10 12 1 1 9 12 1 10 12 1 1 100 1 10 12 11 100 12 1 1 1 9 100 12 1 1 1 9 12 1 1 10 12 1 1 100 1 10 12 1 11 100 12 1 1 1 100 1 10 12 1 10 12 1 1 11 12 1 10 12 1 100 1 10 12 1 10 12 1 1 10 100 12 1 1 1 8 1 9 12 1 10 12 1 1 11 100 12 1 1 1 10 100 12 1 1 1 11 12 1 10 12 1 7 1 1 1 1 3 1 3 1 3 1 1 1 1 1 1 1 1 1 1 1 1 1 1 1 1 1 1 1 100 1 1 1 1 1 1 1 1 1 1 1 1 100 1 100 1 1 1 1 1 1 1 1 1 1 1 1 1 1 1 1 1 1 1 1 1 1 1 1 1 1 1 1 1 1 1 1 1 1 1 1 1 1 1 1 1 1 1 100 100 1 1 1 1 1 1 1 1 1 100 1 1 1 1 1 1 1 1 1 1 1 1 1 1 1 1 1 1 1 1 1 1 1 1 1 1 1 1 100 1 1 1 1 1 1 100 1 1 100 1 1 1 1 1 1
staticfield java/lang/Thread EMPTY_STACK_TRACE [Ljava/lang/StackTraceElement; 0 [Ljava/lang/StackTraceElement;
ciMethod java/lang/System arraycopy (Ljava/lang/Object;ILjava/lang/Object;II)V 512 0 256 0 -1
ciInstanceKlass java/lang/StringLatin1 1 1 380 7 1 10 100 12 1 1 1 100 1 10 12 1 10 7 12 1 1 1 10 7 12 1 1 1 10 12 1 10 7 12 1 1 1 10 12 1 1 10 7 12 1 1 1 10 12 1 1 10 12 1 1 10 10 12 1 10 12 1 1 10 9 7 12 1 1 1 10 12 1 1 10 7 12 1 1 1 10 12 10 12 1 1 10 12 1 1 10 12 1 1 10 7 12 1 1 1 10 12 1 10 12 1 1 9 12 1 1 100 1 10 10 100 12 1 1 1 10 7 12 1 1 1 10 12 1 10 12 1 100 1 100 1 8 1 10 12 1 8 1 10 12 100 1 10 10 10 7 12 1 1 1 8 1 8 1 8 1 10 12 1 1 10 100 12 1 1 10 12 1 10 12 1 1 10 12 1 1 10 12 1 1 10 12 1 10 12 10 12 10 12 1 10 12 10 10 12 1 10 12 1 10 12 1 10 100 12 1 1 1 10 100 12 1 1 1 10 12 1 1 10 12 1 1 10 10 7 12 1 1 1 1 1 1 1 1 1 1 1 1 1 1 1 1 1 1 1 1 1 1 1 1 1 1 1 1 1 1 1 1 1 1 1 1 1 1 1 1 1 1 1 1 1 1 1 1 1 1 1 1 100 1 1 1 1 1 1 1 1 1 1 1 1 1 1 1 1 1 1 1 1 1 1 1 1 1 1 1 1 1 1 1 1 1 1 1 1 1 1 1 1 1 1 1 1 100 1 1 1 1 1 1 1 1 1 1 1 1 1 1 1 1 1 1 1 1 1 100 1 1 1 1 1 1 1 1 1 1 1 1 1 1 1 1 1 1 1 1 1 1 1 1 1 1 100 1 1 1 1
staticfield java/lang/StringLatin1 $assertionsDisabled Z 1
ciInstanceKlass java/lang/Math 1 1 395 10 100 12 1 1 1 10 7 12 1 1 1 10 12 1 10 12 1 10 12 1 10 12 1 10 12 1 7 1 6 0 6 0 10 12 1 10 12 1 10 12 1 10 12 1 10 12 1 10 12 1 1 10 12 1 10 12 1 10 12 1 10 12 1 10 12 1 10 7 12 1 1 1 100 1 3 3 3 10 7 12 1 1 1 100 1 5 0 5 0 5 0 5 0 5 0 9 100 12 1 1 1 10 100 12 1 1 1 100 1 8 1 10 12 1 8 1 10 12 1 1 10 12 1 1 100 1 5 0 5 0 100 1 3 5 0 3 5 0 10 12 1 10 12 1 8 1 10 12 1 8 1 9 12 1 1 9 12 1 10 12 1 1 6 0 10 12 1 9 12 1 1 100 1 10 10 12 1 100 1 10 12 1 10 12 1 1 10 12 1 10 12 1 10 12 1 10 12 1 1 10 12 1 1 10 12 1 1 10 12 6 0 10 12 1 1 10 12 1 1 10 12 10 12 1 4 10 12 1 1 10 12 1 10 12 1 10 12 10 12 1 10 12 1 10 12 1 10 12 1 10 12 1 10 12 1 10 12 1 5 0 6 0 4 6 0 4 6 0 4 10 12 1 1 9 12 1 1 10 12 1 9 12 1 10 7 12 1 1 1 4 6 0 1 1 6 0 1 6 0 1 1 1 1 1 1 1 1 1 1 1 1 1 1 1 1 1 1 1 1 1 1 1 1 1 1 1 1 1 1 1 1 1 1 1 1 1 1 1 1 1 1 1 1 1 1 1 1 1 1 1 1 1 1 1 1 1 1 1 1 1 1 1 1 1 1 1 1 1 1 1 1 1 1 1 1 1 1 1 1 1 1 1 1 1 1 1 1 1 1 1 1 1 1
staticfield java/lang/Math negativeZeroFloatBits J -2147483648
staticfield java/lang/Math negativeZeroDoubleBits J -9223372036854775808
staticfield java/lang/Math $assertionsDisabled Z 1
ciInstanceKlass java/util/Arrays 1 1 988 10 7 12 1 1 1 10 100 12 1 1 1 10 7 12 1 1 1 10 12 1 10 12 1 10 12 1 10 12 1 10 12 1 10 12 1 10 100 12 1 1 1 100 1 100 1 10 8 1 10 12 1 1 10 12 1 8 1 8 1 10 12 1 1 10 12 1 100 1 10 12 1 9 100 12 1 1 1 10 7 12 1 1 100 1 10 12 1 1 10 7 12 1 1 10 7 12 1 1 1 100 1 10 12 1 10 12 1 1 7 1 9 7 12 1 1 1 10 12 1 1 10 100 12 1 1 10 12 1 10 12 1 1 10 12 1 10 12 1 1 7 1 11 12 1 1 10 12 1 10 7 12 1 1 1 10 12 10 12 1 10 12 1 10 12 10 12 1 11 100 12 1 1 1 10 7 12 1 1 1 100 1 10 12 1 10 100 1 10 12 1 10 100 1 10 12 1 10 100 1 10 12 1 10 10 12 1 1 10 12 1 10 12 1 10 12 1 10 12 1 10 12 1 10 100 12 1 1 1 10 12 1 10 100 12 1 1 1 10 12 1 10 12 1 10 100 12 1 1 1 10 12 1 10 12 1 10 12 1 10 12 1 10 12 1 10 12 1 10 12 1 10 12 1 10 12 1 10 12 1 10 12 1 10 12 1 10 12 1 10 12 1 10 12 1 10 12 1 1 10 12 1 1 10 7 12 1 1 1 10 12 1 8 1 7 1 10 12 10 12 1 10 12 1 1 10 12 1 1 9 100 12 1 1 1 100 1 10 12 1 9 100 1 100 1 10 12 1 9 100 1 100 1 10 12 1 9 100 1 100 1 10 12 1 9 100 1 100 1 10 12 1 9 100 1 100 1 10 12 1 9 100 1 10 12 1 100 1 10 12 1 10 12 1 9 12 1 100 1 10 10 12 1 1 10 12 1 10 12 1 10 12 1 10 12 1 10 12 1 10 12 1 10 12 1 10 12 1 10 12 1 8 1 8 1 10 12 1 10 12 1 8 1 10 12 1 10 12 1 10 12 1 10 100 12 1 1 1 3 10 100 1 10 10 12 1 1 11 100 12 1 1 10 12 1 1 10 12 1 10 12 1 10 12 1 10 12 1 10 12 1 10 12 1 10 12 1 10 12 1 11 12 1 8 1 10 11 12 1 11 7 12 1 1 1 11 100 12 1 1 1 11 12 1 1 18 12 1 1 11 12 1 1 11 100 12 1 1 1 18 12 1 11 100 12 1 1 1 18 12 1 11 100 12 1 1 1 18 12 1 100 1 10 7 12 1 1 1 10 12 1 10 12 1 10 12 1 10 12 1 10 12 1 10 12 1 10 12 1 10 12 1 1 10 12 1 10 7 12 1 1 10 12 1 10 12 1 10 12 1 1 10 12 1 10 12 1 10 12 1 1 10 12 1 10 12 1 10 12 1 1 10 12 1 10 12 1 10 12 1 10 12 1 10 12 10 12 1 10 12 10 12 10 12 1 10 12 10 12 1 10 12 1 10 12 1 1 1 1 3 1 3 1 1 1 1 1 1 1 1 1 1 1 1 1 1 1 1 1 1 1 1 1 1 1 1 1 1 1 1 1 1 1 1 1 1 1 1 1 1 1 1 1 1 1 1 1 1 1 1 1 1 1 1 1 1 1 1 1 1 1 1 1 1 1 1 1 1 1 1 1 1 1 1 1 1 1 1 1 1 1 1 1 1 1 1 1 1 1 1 1 1 1 1 1 1 1 1 1 1 1 1 1 1 1 1 1 1 1 1 1 1 1 1 1 1 1 1 1 1 1 1 1 1 1 1 1 1 1 1 1 1 1 1 1 1 1 1 1 1 1 1 1 1 1 1 1 1 1 1 1 1 1 1 1 1 1 1 1 1 1 1 1 1 1 1 1 1 1 1 1 1 1 1 1 1 1 1 1 1 1 1 1 1 1 1 1 1 1 1 1 1 1 1 1 1 1 1 1 1 1 1 1 1 1 1 1 1 1 1 1 1 1 1 1 1 1 1 1 1 1 1 1 1 1 1 1 1 1 1 1 1 1 1 1 1 1 1 1 1 1 1 1 1 1 1 1 1 1 1 1 1 1 1 1 1 1 1 1 1 1 1 1 100 1 1 15 10 100 12 1 1 1 16 15 10 12 15 10 12 15 10 12 15 10 12 1 1 100 1 100 1 1 1 1 100 1 1 1 1 1 1 100 1 1 100 1 1 100 1 1 1 100 1 100 1 1
staticfield java/util/Arrays $assertionsDisabled Z 1
ciMethod java/lang/StringLatin1 equals ([B[B)Z 844 648 4051 0 -1
ciMethod java/lang/StringLatin1 hashCode ([B)I 438 8192 1235 0 352
ciMethod java/lang/StringLatin1 indexOf ([BI[BII)I 232 10778 911 0 -1
ciMethod java/lang/StringLatin1 indexOf ([B[B)I 512 0 6405 0 -1
ciMethod java/lang/StringLatin1 lastIndexOf ([BII)I 232 6576 1082 0 -1
ciMethod java/lang/StringLatin1 newString ([BII)Ljava/lang/String; 408 0 7189 0 1120
ciMethod java/lang/StringLatin1 canEncode (I)Z 582 0 42642 0 -1
ciInstanceKlass java/lang/StringUTF16 1 1 598 100 1 7 1 10 100 12 1 1 1 100 1 10 7 1 3 100 1 100 1 10 8 1 10 12 1 1 10 12 1 8 1 10 12 1 1 10 12 1 9 12 1 1 10 12 1 1 100 1 8 1 10 12 1 9 12 1 1 9 12 1 10 10 12 1 1 10 12 1 1 10 100 12 1 1 1 10 12 1 10 12 1 1 10 12 1 1 10 12 1 1 10 12 1 1 10 12 1 10 12 1 1 10 12 1 1 10 12 1 1 10 12 1 1 10 12 1 10 12 1 10 12 1 1 10 12 1 100 1 10 12 1 10 10 12 1 1 10 12 1 10 12 1 1 10 12 1 10 100 12 1 1 1 10 100 12 1 1 1 10 12 10 12 1 1 10 12 1 10 12 1 1 10 12 1 1 10 12 1 10 12 1 10 12 1 3 10 12 1 1 10 12 1 10 12 1 10 12 1 10 12 1 10 12 1 10 12 1 1 9 12 1 10 12 1 10 12 1 10 12 1 10 12 1 10 12 1 10 10 12 10 12 10 10 100 12 1 1 1 10 100 12 1 1 1 10 12 1 10 12 1 100 1 8 1 8 1 10 12 1 1 100 1 10 10 100 12 1 1 1 10 100 12 1 1 8 1 8 1 8 1 10 12 1 1 10 12 1 1 10 12 10 12 1 10 100 12 1 1 10 12 1 1 10 12 1 1 10 12 1 10 12 10 12 10 12 1 10 12 10 12 1 10 12 1 10 12 1 10 12 1 10 12 1 10 100 12 1 1 1 10 100 12 1 1 1 10 12 1 1 10 12 1 1 11 100 12 1 1 10 12 1 10 12 1 10 12 1 1 9 12 1 1 9 12 1 5 0 5 0 10 12 1 10 12 10 12 10 7 12 1 1 1 10 12 1 1 1 1 1 1 1 1 1 1 1 1 1 1 1 1 1 1 1 1 1 1 1 1 1 1 1 1 1 1 1 100 1 1 1 1 1 1 1 1 1 1 1 1 1 1 1 1 1 1 1 1 1 1 1 1 1 1 1 1 1 1 1 1 1 1 1 1 1 1 1 1 1 1 1 1 1 1 1 1 1 1 1 1 1 1 1 1 1 1 1 1 1 1 1 1 1 1 1 1 1 1 1 1 1 1 1 1 1 1 1 1 1 1 100 1 1 1 1 1 1 1 1 1 1 1 1 1 1 1 1 1 100 1 1 1 1 1 1 1 1 1 1 1 1 1 1 1 1 1 1 1 1 1 1 1 1 1 1 1 1 1 1 1 1 1 1 1 1 1 1 1 1 1 1 1 1 1 1 1 1 1 1 1 1 1 1 1 1 1 1 1 1 1 100 1 100 1 1 1 1 1
staticfield java/lang/StringUTF16 HI_BYTE_SHIFT I 0
staticfield java/lang/StringUTF16 LO_BYTE_SHIFT I 8
staticfield java/lang/StringUTF16 $assertionsDisabled Z 1
ciMethod java/lang/StringUTF16 length ([B)I 2 0 3196 0 -1
ciMethod java/lang/StringUTF16 hashCode ([B)I 0 0 1 0 -1
ciMethod java/lang/StringUTF16 compress ([BII)[B 4 0 2 0 -1
ciMethod java/lang/StringUTF16 indexOf ([B[B)I 0 0 1 0 -1
ciMethod java/lang/StringUTF16 indexOf ([BI[BII)I 0 0 1 0 -1
ciMethod java/lang/StringUTF16 indexOfLatin1 ([BI[BII)I 0 0 1 0 -1
ciMethod java/lang/StringUTF16 indexOfLatin1 ([B[B)I 0 0 1 0 -1
ciMethod java/lang/StringUTF16 getChar ([BI)C 1024 0 10376 0 -1
ciMethod java/lang/StringUTF16 putChar ([BII)V 852 0 8344 0 -1
ciMethod java/lang/StringUTF16 newBytesFor (I)[B 0 0 177 0 -1
ciMethod java/lang/StringUTF16 checkBoundsBeginEnd (II[B)V 4 0 2 0 -1
ciMethod java/lang/StringUTF16 lastIndexOf ([BII)I 0 0 1 0 -1
ciMethod java/lang/StringUTF16 newString ([BII)Ljava/lang/String; 0 0 2 0 0
ciMethod java/lang/StringUTF16 putCharsSB ([BILjava/lang/CharSequence;II)V 0 0 1 0 -1
ciMethod java/lang/StringUTF16 indexOfLatin1Unsafe ([BI[BII)I 2 32 1 0 -1
instanceKlass org/apache/maven/artifact/repository/metadata/RepositoryMetadataDeploymentException
instanceKlass org/apache/maven/artifact/repository/metadata/RepositoryMetadataInstallationException
instanceKlass java/lang/Exception
instanceKlass java/lang/Error
ciInstanceKlass java/lang/Throwable 1 1 393 10 7 12 1 1 1 9 7 12 1 1 1 9 12 1 1 9 12 1 9 12 1 1 9 12 1 10 12 1 1 9 12 1 1 10 12 1 1 10 12 1 100 1 100 1 10 8 1 10 12 1 1 8 1 10 100 12 1 1 10 10 12 1 100 1 8 1 10 10 12 1 1 10 7 12 1 1 10 12 1 8 1 9 100 12 1 1 1 10 12 1 1 100 1 10 12 10 12 1 100 1 10 10 7 12 1 1 1 11 100 12 1 1 1 10 100 12 1 1 1 10 12 1 1 10 12 1 1 8 1 10 12 1 10 12 1 1 8 1 8 1 10 12 1 1 10 12 1 8 1 8 1 9 12 1 1 10 100 12 1 1 100 1 10 11 12 1 8 1 8 1 10 7 12 1 1 8 1 10 12 1 8 1 100 1 10 12 1 9 12 1 1 10 12 1 10 7 12 1 9 12 1 1 10 12 1 1 100 1 8 1 10 12 1 10 100 12 1 1 10 12 1 1 100 1 10 100 12 1 1 1 10 12 1 11 100 12 1 1 1 11 100 12 1 1 1 11 12 1 8 1 10 12 1 1 8 1 10 10 9 100 12 1 1 1 8 1 10 12 1 1 10 100 1 8 1 10 11 12 1 1 8 1 9 12 1 10 100 12 1 1 11 9 12 1 1 11 12 1 1 100 10 12 1 10 12 1 1 100 1 1 1 1 5 0 1 1 1 1 1 1 1 1 1 1 1 1 1 100 1 1 1 1 1 1 1 1 1 1 1 1 1 1 1 1 1 1 1 1 1 1 1 1 1 1 1 1 1 1 1 1 1 1 1 1 1 1 1 1 1 1 100 1 100 1 1 1 1 1 1 1 1 1 1 1 1 1 1 1 1 1 1
staticfield java/lang/Throwable UNASSIGNED_STACK [Ljava/lang/StackTraceElement; 0 [Ljava/lang/StackTraceElement;
staticfield java/lang/Throwable SUPPRESSED_SENTINEL Ljava/util/List; java/util/Collections$EmptyList
staticfield java/lang/Throwable EMPTY_THROWABLE_ARRAY [Ljava/lang/Throwable; 0 [Ljava/lang/Throwable;
staticfield java/lang/Throwable $assertionsDisabled Z 1
instanceKlass org/codehaus/plexus/interpolation/reflection/MethodMap$AmbiguousException
instanceKlass java/security/PrivilegedActionException
instanceKlass org/sonatype/plexus/components/cipher/PlexusCipherException
instanceKlass org/sonatype/plexus/components/sec/dispatcher/SecDispatcherException
instanceKlass org/apache/maven/model/resolution/InvalidRepositoryException
instanceKlass org/apache/maven/model/resolution/UnresolvableModelException
instanceKlass org/apache/maven/cli/internal/ExtensionResolutionException
instanceKlass org/apache/maven/toolchain/building/ToolchainsBuildingException
instanceKlass org/apache/maven/execution/MavenExecutionRequestPopulationException
instanceKlass org/apache/maven/repository/metadata/MetadataGraphTransformationException
instanceKlass org/apache/maven/BuildFailureException
instanceKlass org/codehaus/plexus/util/dag/CycleDetectedException
instanceKlass org/apache/maven/project/DuplicateProjectException
instanceKlass org/apache/maven/repository/ArtifactDoesNotExistException
instanceKlass org/apache/maven/repository/ArtifactTransferFailedException
instanceKlass org/codehaus/plexus/component/configurator/expression/ExpressionEvaluationException
instanceKlass org/codehaus/plexus/configuration/PlexusConfigurationException
instanceKlass org/codehaus/plexus/component/composition/CycleDetectedInComponentGraphException
instanceKlass org/codehaus/plexus/component/repository/exception/ComponentLifecycleException
instanceKlass java/security/GeneralSecurityException
instanceKlass org/apache/maven/model/building/ModelBuildingException
instanceKlass org/apache/maven/artifact/deployer/ArtifactDeploymentException
instanceKlass org/apache/maven/lifecycle/internal/builder/BuilderNotFoundException
instanceKlass org/apache/maven/lifecycle/NoGoalSpecifiedException
instanceKlass org/apache/maven/artifact/repository/metadata/RepositoryMetadataReadException
instanceKlass org/apache/maven/artifact/repository/metadata/RepositoryMetadataStoreException
instanceKlass org/apache/maven/MavenExecutionException
instanceKlass org/apache/maven/configuration/BeanConfigurationException
instanceKlass org/codehaus/plexus/component/configurator/ComponentConfigurationException
instanceKlass org/apache/maven/lifecycle/MissingProjectException
instanceKlass org/apache/maven/lifecycle/LifecycleExecutionException
instanceKlass org/apache/maven/lifecycle/LifecycleNotFoundException
instanceKlass org/apache/maven/lifecycle/LifecyclePhaseNotFoundException
instanceKlass org/apache/maven/artifact/repository/metadata/RepositoryMetadataResolutionException
instanceKlass org/apache/maven/artifact/installer/ArtifactInstallationException
instanceKlass org/apache/maven/plugin/version/PluginVersionNotFoundException
instanceKlass org/apache/maven/plugin/InvalidPluginException
instanceKlass org/apache/maven/artifact/versioning/InvalidVersionSpecificationException
instanceKlass org/apache/maven/plugin/prefix/NoPluginFoundForPrefixException
instanceKlass org/apache/maven/settings/building/SettingsBuildingException
instanceKlass org/apache/maven/project/DependencyResolutionException
instanceKlass org/eclipse/aether/RepositoryException
instanceKlass org/apache/maven/repository/legacy/metadata/ArtifactMetadataRetrievalException
instanceKlass org/apache/maven/repository/legacy/resolver/conflict/ConflictResolverNotFoundException
instanceKlass org/apache/maven/artifact/InvalidRepositoryException
instanceKlass org/apache/maven/project/ProjectBuildingException
instanceKlass org/codehaus/plexus/personality/plexus/lifecycle/phase/InitializationException
instanceKlass org/apache/maven/project/interpolation/ModelInterpolationException
instanceKlass org/apache/http/HttpException
instanceKlass org/apache/maven/wagon/WagonException
instanceKlass org/apache/maven/repository/metadata/GraphConflictResolutionException
instanceKlass org/apache/maven/repository/metadata/MetadataResolutionException
instanceKlass org/apache/maven/toolchain/MisconfiguredToolchainException
instanceKlass org/apache/maven/plugin/version/PluginVersionResolutionException
instanceKlass org/apache/maven/plugin/MojoNotFoundException
instanceKlass org/apache/maven/plugin/PluginConfigurationException
instanceKlass org/apache/maven/artifact/resolver/AbstractArtifactResolutionException
instanceKlass org/apache/maven/plugin/PluginManagerException
instanceKlass org/apache/maven/plugin/InvalidPluginDescriptorException
instanceKlass org/apache/maven/plugin/PluginResolutionException
instanceKlass org/apache/maven/plugin/PluginDescriptorParsingException
instanceKlass org/apache/maven/plugin/AbstractMojoExecutionException
instanceKlass java/util/concurrent/TimeoutException
instanceKlass com/google/common/collect/RegularImmutableMap$BucketOverflowException
instanceKlass java/util/concurrent/ExecutionException
instanceKlass java/lang/InterruptedException
instanceKlass com/google/inject/internal/ErrorsException
instanceKlass com/google/inject/internal/InternalProvisionException
instanceKlass org/codehaus/plexus/context/ContextException
instanceKlass java/text/ParseException
instanceKlass org/codehaus/plexus/PlexusContainerException
instanceKlass org/codehaus/plexus/component/repository/exception/ComponentLookupException
instanceKlass org/codehaus/plexus/util/xml/pull/XmlPullParserException
instanceKlass java/lang/CloneNotSupportedException
instanceKlass sun/nio/fs/WindowsException
instanceKlass org/codehaus/plexus/interpolation/InterpolationException
instanceKlass org/apache/commons/cli/ParseException
instanceKlass org/apache/maven/cli/MavenCli$ExitException
instanceKlass org/codehaus/plexus/classworlds/launcher/ConfigurationException
instanceKlass java/io/IOException
instanceKlass org/codehaus/plexus/classworlds/ClassWorldException
instanceKlass java/lang/ReflectiveOperationException
instanceKlass java/lang/RuntimeException
ciInstanceKlass java/lang/Exception 1 1 40 10 7 12 1 1 1 10 12 1 10 12 1 10 12 1 10 12 1 100 1 1 1 1 5 0 1 1 1 1 1 1 1 1 1 1 1 1 1 1
instanceKlass java/lang/InstantiationException
instanceKlass java/lang/NoSuchFieldException
instanceKlass java/lang/IllegalAccessException
instanceKlass java/lang/reflect/InvocationTargetException
instanceKlass java/lang/NoSuchMethodException
instanceKlass java/lang/ClassNotFoundException
ciInstanceKlass java/lang/ReflectiveOperationException 1 1 34 10 7 12 1 1 1 10 12 1 10 12 1 10 12 1 100 1 1 1 1 5 0 1 1 1 1 1 1 1 1 1 1 1
instanceKlass org/eclipse/aether/named/support/LockUpgradeNotSupportedException
instanceKlass java/util/ConcurrentModificationException
instanceKlass com/google/inject/internal/aop/GlueException
instanceKlass java/io/UncheckedIOException
instanceKlass org/apache/maven/artifact/InvalidArtifactRTException
instanceKlass com/google/inject/OutOfScopeException
instanceKlass java/lang/annotation/IncompleteAnnotationException
instanceKlass java/lang/reflect/UndeclaredThrowableException
instanceKlass com/google/common/util/concurrent/UncheckedExecutionException
instanceKlass com/google/common/cache/CacheLoader$InvalidCacheLoadException
instanceKlass java/util/NoSuchElementException
instanceKlass com/google/inject/CreationException
instanceKlass com/google/inject/ConfigurationException
instanceKlass com/google/inject/ProvisionException
instanceKlass java/lang/TypeNotPresentException
instanceKlass java/lang/IndexOutOfBoundsException
instanceKlass java/lang/UnsupportedOperationException
instanceKlass java/lang/SecurityException
instanceKlass java/lang/IllegalStateException
instanceKlass java/lang/IllegalArgumentException
instanceKlass java/lang/ArithmeticException
instanceKlass java/lang/NullPointerException
instanceKlass java/lang/IllegalMonitorStateException
instanceKlass java/lang/ArrayStoreException
instanceKlass java/lang/ClassCastException
ciInstanceKlass java/lang/RuntimeException 1 1 40 10 7 12 1 1 1 10 12 1 10 12 1 10 12 1 10 12 1 100 1 1 1 1 5 0 1 1 1 1 1 1 1 1 1 1 1 1 1 1
instanceKlass java/nio/charset/UnsupportedCharsetException
instanceKlass org/apache/maven/cli/MavenCli$IllegalUseOfUndefinedProperty
instanceKlass java/lang/NumberFormatException
ciInstanceKlass java/lang/IllegalArgumentException 1 1 35 10 100 12 1 1 1 10 12 1 10 12 1 10 12 1 100 1 1 1 1 5 0 1 1 1 1 1 1 1 1 1 1 1 1
instanceKlass com/google/common/util/concurrent/ExecutionError
instanceKlass java/lang/AssertionError
instanceKlass java/io/IOError
instanceKlass org/apache/maven/BuildAbort
instanceKlass java/lang/VirtualMachineError
instanceKlass java/lang/LinkageError
instanceKlass java/lang/ThreadDeath
ciInstanceKlass java/lang/Error 1 1 40 10 7 12 1 1 1 10 12 1 10 12 1 10 12 1 10 12 1 100 1 1 1 1 5 0 1 1 1 1 1 1 1 1 1 1 1 1 1 1
instanceKlass java/lang/StackOverflowError
instanceKlass java/lang/OutOfMemoryError
instanceKlass java/lang/InternalError
ciInstanceKlass java/lang/VirtualMachineError 1 1 34 10 100 12 1 1 1 10 12 1 10 12 1 10 12 1 100 1 1 1 1 5 0 1 1 1 1 1 1 1 1 1 1 1
ciInstanceKlass java/lang/StackOverflowError 1 1 26 10 100 12 1 1 1 10 12 1 100 1 1 1 1 5 0 1 1 1 1 1 1 1 1 1
instanceKlass java/lang/ClassFormatError
instanceKlass java/lang/UnsatisfiedLinkError
instanceKlass java/lang/IncompatibleClassChangeError
instanceKlass java/lang/BootstrapMethodError
instanceKlass java/lang/NoClassDefFoundError
ciInstanceKlass java/lang/LinkageError 1 1 31 10 7 12 1 1 1 10 12 1 10 12 1 100 1 1 1 1 5 0 1 1 1 1 1 1 1 1 1 1 1
ciInstanceKlass java/lang/ArrayStoreException 1 1 26 10 100 12 1 1 1 10 12 1 100 1 1 1 1 5 0 1 1 1 1 1 1 1 1 1
ciInstanceKlass java/lang/ThreadDeath 0 0 21 10 100 12 1 1 1 100 1 1 1 1 5 0 1 1 1 1 1 1 1
ciInstanceKlass java/lang/StackTraceElement 1 1 224 10 7 12 1 1 1 10 7 12 1 1 9 12 1 1 9 12 1 1 9 12 1 9 12 1 8 1 10 100 12 1 1 1 7 1 9 12 1 8 1 9 12 1 9 12 1 9 12 1 1 8 1 10 12 1 1 10 12 1 7 1 10 10 12 1 1 8 1 10 12 1 1 10 12 1 8 1 8 1 8 1 10 12 1 8 1 8 1 10 12 1 8 1 8 1 10 12 1 1 10 12 1 10 12 1 1 10 12 1 9 12 1 1 10 7 12 1 1 1 10 12 1 1 7 1 10 12 1 1 10 7 12 1 1 10 7 12 1 1 1 10 7 12 1 1 10 7 12 1 1 10 10 12 1 1 10 12 1 10 12 1 1 100 1 1 1 1 1 3 1 3 1 1 5 0 1 1 1 1 1 1 1 1 1 1 1 1 1 1 1 1 1 1 1 1 1 1 1 1 1 1 100 1 100 1 1 1 1 1 1 1 1 1 1 100 1 1 1 1 1 1 1 1
instanceKlass java/util/AbstractMap$2
instanceKlass org/eclipse/sisu/inject/MildElements
instanceKlass org/eclipse/sisu/inject/MildValues$1
instanceKlass com/google/common/collect/AbstractMapBasedMultimap$WrappedCollection
instanceKlass com/google/common/collect/Maps$Values
instanceKlass com/google/common/collect/AbstractMultimap$Values
instanceKlass java/util/TreeMap$Values
instanceKlass com/google/common/collect/ImmutableCollection
instanceKlass java/util/IdentityHashMap$Values
instanceKlass java/util/HashMap$Values
instanceKlass java/util/AbstractQueue
instanceKlass java/util/LinkedHashMap$LinkedValues
instanceKlass java/util/ArrayDeque
instanceKlass java/util/AbstractSet
instanceKlass java/util/ImmutableCollections$AbstractImmutableCollection
instanceKlass java/util/AbstractList
ciInstanceKlass java/util/AbstractCollection 1 1 160 10 7 12 1 1 1 10 7 12 1 1 1 10 12 1 1 11 7 12 1 1 1 11 12 1 1 10 12 1 1 10 100 12 1 1 1 10 12 1 1 10 12 1 1 10 7 12 1 1 10 7 12 1 1 1 7 1 10 100 12 1 1 1 10 100 12 1 1 1 100 1 10 11 12 1 11 7 1 10 12 1 10 12 1 10 100 12 1 1 1 11 8 1 7 1 10 10 12 1 1 8 1 10 12 1 10 12 1 1 1 1 1 1 1 1 1 1 1 1 1 1 1 1 1 1 1 1 1 1 1 1 1 1 1 1 1 1 1 1 1 1 1 1 1 1 1 1 1 1 1 1 1 1 1 1 1 1 1 1
ciInstanceKlass java/lang/Boolean 1 1 151 10 7 12 1 1 1 9 7 12 1 1 1 10 12 1 1 10 12 1 8 1 10 7 12 1 1 9 12 1 1 9 12 1 8 1 10 12 1 1 10 12 1 1 10 7 12 1 1 1 100 1 100 1 10 12 1 1 9 100 12 1 1 9 12 10 100 12 1 1 1 10 12 1 1 8 1 10 7 12 1 1 1 9 12 1 1 100 1 100 1 100 1 1 1 1 1 1 5 0 1 1 1 1 1 1 1 1 1 1 3 1 1 1 1 1 1 1 1 1 1 1 1 1 1 1 1 1 1 1 1 100 1 1 1 1 1 1 1 1 1 1 100 1 1 1 1 1 1 1 1
staticfield java/lang/Boolean TRUE Ljava/lang/Boolean; java/lang/Boolean
staticfield java/lang/Boolean FALSE Ljava/lang/Boolean; java/lang/Boolean
staticfield java/lang/Boolean TYPE Ljava/lang/Class; java/lang/Class
instanceKlass java/util/concurrent/locks/AbstractQueuedSynchronizer
ciInstanceKlass java/util/concurrent/locks/AbstractOwnableSynchronizer 1 1 32 10 7 12 1 1 1 9 7 12 1 1 1 100 1 1 1 1 5 0 1 1 1 1 1 1 1 1 1 1 1 1
instanceKlass java/lang/LiveStackFrameInfo
ciInstanceKlass java/lang/StackFrameInfo 0 0 132 10 100 12 1 1 1 9 100 12 1 1 1 9 100 1 9 12 1 1 11 100 12 1 1 1 9 12 1 1 11 12 1 1 10 12 1 1 10 100 12 1 1 1 10 12 1 11 12 1 11 12 1 1 11 12 1 10 12 1 1 9 12 1 1 10 12 1 1 10 100 12 1 1 10 12 1 1 11 12 1 1 10 12 1 9 12 1 1 10 12 1 1 100 1 8 1 10 12 1 10 100 12 1 1 1 100 1 1 1 1 1 1 1 1 1 1 1 1 1 1 1 1 1 1 100 1 1 1 1 1 1
ciInstanceKlass java/lang/LiveStackFrameInfo 0 0 97 10 100 12 1 1 1 9 100 12 1 1 1 9 12 1 9 12 1 9 12 1 9 12 1 1 100 1 10 12 1 1 10 12 1 8 1 10 12 1 1 8 1 8 1 8 1 10 100 1 10 12 1 100 1 10 12 1 100 1 100 1 1 1 3 1 3 1 1 1 1 1 1 1 1 1 1 1 1 1 1 1 1 1 1 1 1 1 1 1 1 1 1 1 100 1 1
ciInstanceKlass java/lang/Character 1 1 576 7 1 100 1 100 1 9 12 1 1 8 1 9 12 1 1 100 1 9 12 1 1 10 100 12 1 1 1 10 100 12 1 1 1 10 100 12 1 1 1 10 7 12 1 1 1 9 7 12 1 1 1 10 12 1 10 12 1 1 10 12 1 1 10 7 12 1 1 10 12 1 1 3 3 3 3 3 10 12 1 1 10 12 1 3 11 7 12 1 1 1 11 12 1 1 10 12 1 1 10 12 1 1 100 1 10 10 12 1 3 10 12 1 1 10 12 1 10 12 1 1 100 1 8 1 10 12 1 1 10 12 1 10 12 1 10 12 1 10 12 1 10 12 1 1 10 12 1 10 7 12 1 1 10 10 12 1 10 10 12 1 10 12 1 1 10 12 1 10 10 12 1 10 12 1 10 12 1 10 12 1 10 12 1 10 12 1 10 12 1 10 12 10 10 12 10 10 12 1 10 10 12 1 10 10 12 1 10 10 12 1 10 10 12 1 10 10 12 1 10 10 12 1 1 10 10 12 1 10 5 0 10 12 1 10 12 1 10 10 12 1 10 10 12 1 1 10 10 12 1 10 10 12 1 9 12 1 1 100 1 10 10 12 1 10 12 1 1 3 10 100 12 1 1 1 10 12 1 10 100 12 1 1 100 1 10 10 12 1 1 10 12 1 1 10 12 1 1 8 1 10 12 1 9 100 12 1 1 1 10 12 1 10 10 12 1 10 12 1 1 10 12 1 10 10 12 1 1 10 10 12 1 1 100 1 8 1 10 12 1 1 10 7 12 1 1 1 8 1 10 12 1 1 9 12 1 1 100 1 100 1 100 1 1 1 1 3 1 3 1 3 1 3 1 1 1 1 1 3 1 1 3 1 3 1 3 1 3 1 3 1 3 1 3 1 3 1 3 1 3 1 3 1 3 1 3 1 3 1 3 1 3 1 3 1 3 1 3 1 3 1 3 1 3 1 3 1 3 1 3 1 3 1 3 1 3 1 1 1 1 1 1 1 1 1 1 1 1 1 1 1 1 1 1 1 3 1 1 1 1 1 1 1 3 1 1 3 1 1 1 1 1 3 1 1 5 0 1 1 1 1 1 1 1 1 1 1 1 1 1 1 1 1 1 1 1 1 1 1 1 1 1 1 1 1 1 1 1 1 1 1 1 1 1 1 1 1 1 1 1 1 1 1 1 1 1 1 1 1 1 1 1 1 1 1 1 1 1 1 1 1 1 1 1 1 1 1 1 1 1 1 1 1 1 1 1 1 1 1 1 1 1 1 1 1 1 100 1 100 1 1 1 1 1 1
staticfield java/lang/Character TYPE Ljava/lang/Class; java/lang/Class
staticfield java/lang/Character $assertionsDisabled Z 1
ciInstanceKlass java/lang/Float 1 1 223 7 1 100 1 10 7 12 1 1 1 10 100 12 1 1 1 4 100 1 10 12 1 1 10 12 1 1 8 1 8 1 10 100 12 1 1 1 10 12 1 1 10 12 1 1 10 4 4 4 10 7 12 1 1 9 12 1 1 10 12 1 1 10 12 1 10 12 1 10 12 1 1 10 12 1 10 12 1 3 10 12 1 1 10 12 1 1 10 12 1 10 100 12 1 1 1 10 12 1 1 10 12 1 1 8 1 10 7 12 1 1 1 9 12 1 1 100 1 100 1 100 1 1 1 1 1 4 1 1 1 4 1 1 3 1 3 1 3 1 3 1 1 1 1 5 0 1 1 1 1 1 1 1 1 1 1 7 1 1 1 1 1 1 1 1 1 1 1 1 1 3 1 1 1 1 1 1 1 1 1 1 1 1 1 1 1 1 1 1 1 1 1 1 1 1 1 1 1 1 1 1 1 1 1 1 1 1 1 1 7 1 1 1 1 1 1 1 100 1 100 1 1
staticfield java/lang/Float TYPE Ljava/lang/Class; java/lang/Class
instanceKlass java/math/BigInteger
instanceKlass java/util/concurrent/atomic/AtomicLong
instanceKlass java/util/concurrent/atomic/AtomicInteger
instanceKlass java/lang/Long
instanceKlass java/lang/Integer
instanceKlass java/lang/Short
instanceKlass java/lang/Byte
instanceKlass java/lang/Double
instanceKlass java/lang/Float
ciInstanceKlass java/lang/Number 1 1 37 10 7 12 1 1 1 10 100 12 1 1 1 100 1 1 1 1 5 0 1 1 1 1 1 1 1 1 1 1 1 1 1 1 1 1 1
ciInstanceKlass java/lang/Double 1 1 285 7 1 100 1 10 7 12 1 1 1 10 12 1 1 10 12 1 100 1 10 12 1 1 10 100 12 1 1 1 6 0 8 1 10 12 1 1 8 1 10 12 1 1 8 1 6 0 10 12 1 1 100 1 5 0 5 0 8 1 8 1 10 100 12 1 1 1 10 100 12 1 1 1 8 1 10 12 1 1 8 1 8 1 8 1 10 12 1 1 10 12 1 10 12 1 1 10 12 1 10 12 1 10 12 1 1 10 12 1 10 6 0 6 0 6 0 10 7 12 1 1 9 12 1 1 10 12 1 10 12 1 10 12 1 10 12 1 5 0 10 12 1 1 10 12 1 10 12 1 10 100 12 1 1 1 10 12 1 1 10 12 1 1 8 1 10 7 12 1 1 1 9 12 1 1 100 1 100 1 100 1 1 1 1 1 6 0 1 1 1 6 0 1 1 3 1 3 1 3 1 3 1 1 1 1 5 0 1 1 1 1 1 1 1 1 1 1 1 1 1 1 1 1 7 1 1 1 1 1 1 1 1 1 1 1 1 3 1 1 1 1 1 1 1 1 1 1 1 1 1 1 1 1 1 1 1 1 1 1 1 1 1 1 1 1 1 1 1 1 1 1 7 1 1 1 1 1 1 1 100 1 100 1 1
staticfield java/lang/Double TYPE Ljava/lang/Class; java/lang/Class
ciInstanceKlass java/lang/Byte 1 1 215 7 1 100 1 10 100 12 1 1 1 9 12 1 1 8 1 9 12 1 1 100 1 10 12 1 1 10 12 1 1 10 100 12 1 1 1 10 100 12 1 1 1 9 100 12 1 1 1 10 12 1 1 7 1 100 1 10 12 1 1 8 1 10 12 1 1 8 1 10 12 1 10 12 1 10 12 1 10 12 1 1 10 12 1 10 12 1 10 12 1 1 10 8 1 8 1 10 7 1 9 12 1 1 10 12 1 10 12 1 1 10 12 1 1 10 12 1 1 10 12 1 5 0 10 12 1 1 8 1 10 7 12 1 1 1 9 12 1 1 100 1 100 1 1 1 3 1 3 1 1 1 1 3 1 3 1 1 5 0 1 1 1 1 1 1 1 1 1 1 1 1 1 1 1 1 1 1 1 1 1 1 1 1 1 1 1 1 1 1 1 1 1 1 1 1 1 1 1 1 1 1 1 1 1 1 1 1 1 1 1 1 1 1 1
staticfield java/lang/Byte TYPE Ljava/lang/Class; java/lang/Class
ciInstanceKlass java/lang/Short 1 1 224 7 1 100 1 100 1 10 100 12 1 1 1 10 12 1 1 7 1 100 1 10 12 1 1 8 1 10 12 1 1 8 1 10 12 1 10 12 1 10 12 1 10 12 1 1 10 12 1 1 10 12 1 9 12 1 1 8 1 9 12 1 1 100 1 10 12 1 1 10 12 1 10 100 12 1 1 1 10 100 12 1 1 1 9 100 12 1 1 1 10 12 1 10 12 1 1 10 8 1 8 1 10 100 1 9 12 1 1 10 12 1 10 12 1 1 10 12 1 1 10 12 1 1 10 12 1 3 3 5 0 10 12 1 1 8 1 10 7 12 1 1 1 9 12 1 1 100 1 100 1 1 1 3 1 3 1 1 1 1 3 1 3 1 1 5 0 1 1 1 1 1 1 1 1 1 1 1 1 1 1 1 1 1 1 1 1 1 1 1 1 1 1 1 3 1 1 1 1 1 1 1 1 1 1 1 1 1 1 1 1 1 1 1 1 1 1 1 1 1 1 1 1 1
staticfield java/lang/Short TYPE Ljava/lang/Class; java/lang/Class
ciInstanceKlass java/lang/Integer 1 1 445 7 1 100 1 7 1 7 1 10 12 1 1 9 12 1 1 9 12 1 1 10 100 12 1 1 1 10 12 1 1 10 100 12 1 1 1 10 10 12 1 1 10 100 12 1 1 1 10 12 1 10 12 1 1 10 7 12 1 1 1 10 12 1 1 10 12 1 1 10 12 1 10 12 1 10 12 1 1 10 10 12 1 9 12 1 1 9 12 1 7 1 8 1 10 12 1 100 1 10 12 1 8 1 10 12 1 1 10 12 1 8 1 10 12 1 8 1 10 12 1 1 3 10 12 1 1 3 10 12 1 1 10 12 1 1 10 7 12 1 1 1 11 7 1 100 1 10 11 10 12 1 1 8 1 10 12 1 1 8 1 100 1 10 12 1 1 10 12 1 1 5 0 8 1 10 12 1 10 12 1 10 12 1 10 12 1 1 7 1 9 12 1 1 9 12 1 1 10 12 1 10 7 1 9 12 1 10 12 1 10 12 1 10 12 1 1 10 7 12 1 1 1 100 1 100 1 10 12 1 1 10 12 1 1 8 1 8 1 10 12 1 1 8 1 8 1 8 1 8 1 8 1 8 1 10 12 1 10 12 1 10 12 1 5 0 3 3 3 3 10 12 1 3 10 12 1 10 100 12 1 1 1 10 12 1 1 10 12 1 1 8 1 10 7 12 1 1 1 9 12 1 1 3 3 3 3 3 3 9 12 1 1 100 1 100 1 100 1 1 1 1 1 1 1 3 1 3 1 1 5 0 1 1 1 1 1 1 1 1 1 100 1 1 1 1 1 1 1 1 1 1 1 1 1 1 1 1 1 1 1 1 1 1 1 1 1 1 1 1 1 1 1 1 1 1 1 1 1 1 1 3 1 1 1 1 1 1 1 1 1 1 1 1 1 1 1 1 100 1 1 1 1 1 1 1 1 1 1 1 1 1 1 1 1 1 1 1 1 1 1 1 1 1 1 1 1 1 1 1 7 1 1 1 1 1 1 1 1 1 100 1 100 1 1
staticfield java/lang/Integer TYPE Ljava/lang/Class; java/lang/Class
staticfield java/lang/Integer digits [C 36
staticfield java/lang/Integer DigitTens [B 100
staticfield java/lang/Integer DigitOnes [B 100
staticfield java/lang/Integer sizeTable [I 10
ciInstanceKlass java/lang/Long 1 1 506 7 1 100 1 7 1 7 1 10 12 1 1 9 12 1 1 9 7 12 1 1 1 10 100 12 1 1 1 10 12 1 1 10 100 12 1 1 1 10 10 12 10 12 1 10 12 1 10 12 1 5 0 5 0 100 1 10 12 1 1 10 12 1 1 10 12 1 10 12 1 10 12 1 10 12 1 1 10 100 12 1 1 10 12 1 10 12 1 1 10 12 1 1 10 12 1 1 10 12 1 1 10 100 12 1 1 1 10 12 1 1 10 12 1 10 12 1 10 12 1 10 12 1 1 10 10 12 1 5 0 5 0 9 12 1 1 9 12 1 5 0 7 1 8 1 10 12 1 8 1 10 12 1 8 1 8 1 10 12 1 1 5 0 10 12 1 1 5 0 10 12 1 1 10 12 1 1 10 100 12 1 1 1 11 100 1 100 1 10 11 10 12 1 1 8 1 10 12 1 1 8 1 100 1 10 12 1 1 10 12 1 8 1 8 1 11 12 1 1 10 12 1 10 12 1 10 12 1 5 0 5 0 9 7 12 1 1 1 10 12 1 10 12 1 1 8 1 8 1 10 12 1 1 8 1 8 1 8 1 8 1 8 1 8 1 10 12 1 10 12 1 10 12 1 1 10 7 1 9 12 1 1 10 12 1 10 12 1 1 10 100 12 1 1 1 100 1 100 1 10 12 1 1 10 12 1 1 5 0 10 12 1 10 12 1 5 0 5 0 5 0 10 12 1 1 5 0 5 0 10 12 1 10 12 1 10 100 12 1 1 1 10 12 1 1 10 12 1 1 8 1 10 7 12 1 1 1 9 12 1 1 100 1 100 1 100 1 1 1 1 5 0 1 1 1 1 3 1 3 1 5 0 1 1 1 1 1 1 1 1 1 100 1 1 1 1 1 1 1 1 1 1 1 1 1 1 1 1 1 1 1 1 1 1 1 1 1 1 1 1 1 1 1 1 1 1 1 1 1 1 1 1 1 1 1 1 1 1 1 1 1 1 1 1 1 1 3 1 1 1 1 1 1 1 1 1 1 1 1 1 1 1 100 1 1 1 1 1 1 1 1 1 1 1 1 1 1 1 1 1 1 1 1 1 1 1 1 1 1 1 7 1 1 1 1 1 1 1 1 1 100 1 100 1 1
staticfield java/lang/Long TYPE Ljava/lang/Class; java/lang/Class
instanceKlass java/lang/ref/PhantomReference
instanceKlass java/lang/ref/FinalReference
instanceKlass java/lang/ref/WeakReference
instanceKlass java/lang/ref/SoftReference
ciInstanceKlass java/lang/ref/Reference 1 1 195 9 7 12 1 1 1 9 7 12 1 1 10 12 1 1 10 12 1 1 9 12 1 1 10 12 1 1 9 12 1 1 9 12 1 1 7 1 10 12 1 10 7 12 1 1 10 12 1 10 12 1 1 10 12 1 9 12 1 10 12 1 1 10 12 1 10 12 1 9 12 1 100 1 100 1 10 12 1 9 12 1 9 12 1 100 1 10 10 12 1 10 10 7 12 1 1 10 7 12 1 1 1 10 12 1 1 10 7 12 1 1 7 1 8 1 10 12 1 10 12 1 1 10 12 1 1 10 12 1 7 1 10 10 7 12 1 1 1 1 1 1 1 1 1 1 1 1 1 1 1 1 1 1 1 100 1 1 1 100 1 1 1 1 1 1 1 1 1 1 1 1 1 1 1 1 1 1 1 1 1 1 1 1 1 1 1 1 1 1 1 1 1 1 1
staticfield java/lang/ref/Reference processPendingLock Ljava/lang/Object; java/lang/Object
staticfield java/lang/ref/Reference $assertionsDisabled Z 1
instanceKlass org/eclipse/sisu/inject/MildElements$Soft
instanceKlass sun/util/locale/provider/LocaleResources$ResourceReference
instanceKlass sun/util/resources/Bundles$BundleReference
instanceKlass sun/util/locale/LocaleObjectCache$CacheEntry
instanceKlass org/eclipse/sisu/inject/MildKeys$Soft
instanceKlass java/lang/invoke/LambdaFormEditor$Transform
ciInstanceKlass java/lang/ref/SoftReference 1 1 47 10 7 12 1 1 1 9 7 12 1 1 1 9 12 1 10 12 1 10 12 1 1 1 1 1 1 1 1 1 1 1 1 1 1 1 1 1 1 1 1 100 1 1 1 1 1
instanceKlass sun/nio/ch/FileLockTable$FileLockReference
instanceKlass org/eclipse/sisu/inject/MildElements$Weak
instanceKlass com/google/common/cache/LocalCache$WeakValueReference
instanceKlass com/google/common/collect/MapMakerInternalMap$AbstractWeakKeyEntry
instanceKlass com/google/common/cache/LocalCache$WeakEntry
instanceKlass java/lang/WeakPairMap$WeakRefPeer
instanceKlass java/lang/ClassValue$Entry
instanceKlass java/util/logging/LogManager$LoggerWeakRef
instanceKlass java/util/logging/Level$KnownLevel
instanceKlass org/eclipse/sisu/inject/MildKeys$Weak
instanceKlass java/lang/invoke/MethodType$ConcurrentWeakInternSet$WeakEntry
instanceKlass java/lang/ThreadLocal$ThreadLocalMap$Entry
instanceKlass java/util/WeakHashMap$Entry
ciInstanceKlass java/lang/ref/WeakReference 1 1 31 10 7 12 1 1 1 10 12 1 100 1 1 1 1 1 1 1 1 1 1 1 1 1 1 1 1 1 1 1 1
instanceKlass java/lang/ref/Finalizer
ciInstanceKlass java/lang/ref/FinalReference 1 1 47 10 100 12 1 1 1 10 100 12 1 1 1 10 12 1 1 100 1 8 1 10 12 1 1 1 1 1 1 1 1 1 1 1 1 1 1 1 1 1 1 1 1 1 1 1 1
ciInstanceKlass java/lang/ref/Finalizer 1 1 152 9 7 12 1 1 1 10 100 12 1 1 1 9 12 1 1 9 12 1 1 9 12 1 9 12 1 10 12 1 10 12 1 1 9 12 1 1 100 1 10 12 1 100 1 11 100 12 1 1 100 1 10 12 1 100 1 10 12 1 10 100 12 1 1 1 10 100 12 1 1 1 100 1 10 10 12 1 10 7 12 1 1 1 7 1 10 7 1 10 10 7 12 1 1 1 10 12 1 1 10 7 12 1 1 7 1 10 12 1 10 12 1 1 10 12 1 1 10 12 1 1 1 1 1 1 1 1 1 1 1 1 1 1 1 1 1 1 1 1 1 1 1 1 1 1 1 1 1 1 1 1
staticfield java/lang/ref/Finalizer lock Ljava/lang/Object; java/lang/Object
staticfield java/lang/ref/Finalizer $assertionsDisabled Z 1
instanceKlass jdk/internal/ref/PhantomCleanable
instanceKlass jdk/internal/ref/Cleaner
ciInstanceKlass java/lang/ref/PhantomReference 1 1 39 10 100 12 1 1 1 10 7 12 1 1 1 1 1 1 1 1 1 1 1 1 1 1 1 1 1 1 1 1 1 1 1 1 1 1 1 1 1
instanceKlass java/lang/reflect/Executable
instanceKlass java/lang/reflect/Field
ciInstanceKlass java/lang/reflect/AccessibleObject 1 1 398 10 7 12 1 1 1 9 100 12 1 1 1 10 100 12 1 1 1 10 7 12 1 1 10 7 12 1 1 1 10 7 12 1 1 1 10 12 1 1 10 12 1 1 9 12 1 1 100 1 10 7 12 1 1 1 11 12 1 100 1 10 12 1 7 1 100 1 10 12 1 10 12 1 1 7 1 10 100 12 1 1 1 10 12 1 1 100 1 10 12 1 1 100 1 10 10 10 7 12 1 1 1 10 12 1 1 10 12 1 10 12 1 10 12 1 1 10 12 1 8 1 100 1 10 10 12 1 1 8 1 10 12 1 10 12 1 8 1 8 1 8 1 8 1 8 1 8 1 100 1 10 12 1 10 12 1 9 12 1 1 10 12 1 1 10 12 1 10 11 100 1 100 1 8 1 10 10 12 1 10 12 1 1 8 1 10 12 1 8 1 10 12 1 1 10 100 1 8 1 10 11 7 12 1 1 10 12 1 1 10 12 1 1 10 12 1 1 9 12 1 1 100 1 10 12 1 7 1 10 12 1 10 12 1 1 10 100 1 10 12 1 10 12 10 12 1 10 12 1 1 10 12 1 10 12 1 1 10 12 1 9 12 1 10 100 12 1 1 8 1 10 100 12 1 1 1 8 1 10 100 12 1 1 1 9 12 1 100 1 10 7 1 10 10 7 12 1 1 1 7 1 10 10 7 12 1 1 1 7 1 9 12 1 1 1 1 1 1 1 1 1 1 1 1 1 1 1 1 1 1 1 1 1 1 1 1 1 1 1 1 1 1 1 1 1 1 1 1 1 1 1 1 1 1 1 1 1 1 1 1 1 1 1 1 1 1 1 1 1 1 1 1 1 1 1 1 1 1 1 1 1 1 1 1 1 1 1 1 1 1 1 1 1 1 1 1 1
staticfield java/lang/reflect/AccessibleObject reflectionFactory Ljdk/internal/reflect/ReflectionFactory; jdk/internal/reflect/ReflectionFactory
instanceKlass java/lang/reflect/Constructor
instanceKlass java/lang/reflect/Method
ciInstanceKlass java/lang/reflect/Executable 1 1 548 10 7 12 1 1 1 10 7 12 1 1 1 10 7 12 1 1 1 11 7 12 1 1 1 10 7 12 1 1 1 10 12 1 1 10 7 12 1 1 1 10 7 12 1 1 1 10 12 1 8 1 10 10 12 1 1 10 12 1 1 10 100 12 1 1 1 18 12 1 1 11 100 12 1 1 1 8 1 8 1 8 1 10 100 12 1 1 1 11 12 1 1 100 1 8 1 8 1 10 12 1 100 1 8 1 10 12 1 8 1 11 100 12 1 1 1 100 1 10 12 1 1 11 12 1 8 1 18 8 1 10 12 1 10 12 1 1 18 8 1 10 12 1 100 1 10 12 1 10 12 1 11 100 12 1 1 10 12 1 1 8 1 8 1 10 12 1 1 10 12 1 1 10 10 12 1 100 1 10 10 12 1 10 12 1 1 10 7 12 1 1 10 12 1 10 12 1 10 12 1 1 10 7 12 1 1 10 12 1 10 12 1 10 100 12 1 1 1 10 12 1 8 1 10 12 1 10 12 1 3 100 1 8 1 10 12 1 10 12 1 10 10 12 1 10 12 1 1 8 1 8 1 8 1 9 12 1 10 12 1 100 1 8 1 9 12 1 10 12 1 10 12 1 1 10 12 1 1 10 12 1 10 12 10 12 1 7 1 10 12 1 10 12 1 1 100 1 10 100 12 1 1 1 7 1 10 7 12 1 1 1 10 12 1 1 11 7 12 1 1 10 7 12 1 1 10 100 12 1 1 1 10 12 1 1 9 12 1 10 12 1 1 10 12 1 10 12 1 1 9 7 12 1 1 1 10 7 12 1 1 1 10 12 1 10 12 1 1 9 12 1 10 10 10 10 100 12 1 1 1 10 12 1 9 12 1 10 12 1 1 9 12 1 100 1 100 1 1 1 1 1 1 1 1 1 1 1 1 1 1 1 1 1 1 1 1 1 1 1 1 1 1 1 1 1 1 1 1 1 1 100 1 1 1 1 1 1 1 1 100 1 1 1 1 1 1 1 1 1 1 1 1 100 1 1 1 1 1 1 1 1 1 1 1 1 1 1 1 1 1 1 1 1 1 1 1 1 1 1 1 1 1 1 1 1 1 1 1 1 1 1 1 1 1 100 1 1 1 1 1 1 1 1 1 1 1 1 1 1 1 1 1 1 1 1 1 100 1 100 1 1 15 10 100 12 1 1 1 16 15 16 1 16 1 15 10 12 16 1 100 1 1 100 1 100 1 1
ciInstanceKlass java/lang/reflect/Constructor 1 1 429 10 7 12 1 1 1 10 7 12 1 1 9 7 12 1 1 1 10 12 1 1 10 12 1 1 10 7 12 1 1 9 12 1 1 10 7 12 1 1 1 9 12 1 1 9 12 1 1 9 12 1 9 12 1 1 9 12 1 9 12 1 1 9 12 1 1 9 12 1 100 1 8 1 10 12 1 10 12 1 9 12 1 1 10 7 12 1 1 10 7 12 1 1 1 10 12 1 1 10 12 1 1 10 12 1 7 1 100 1 8 1 10 10 12 1 10 12 1 10 12 1 1 10 12 1 1 100 1 10 7 12 1 1 10 12 1 1 10 12 1 10 12 1 1 10 7 12 1 1 1 10 100 12 1 1 10 12 1 1 10 12 1 10 100 12 1 1 1 8 1 10 10 12 1 100 1 8 1 10 12 1 10 12 1 1 10 12 1 1 10 12 1 10 12 1 10 12 1 1 10 12 1 1 9 12 1 1 10 12 1 1 10 12 1 1 10 12 1 8 1 10 12 1 1 11 7 12 1 1 1 10 12 1 1 10 12 1 10 12 1 9 12 1 1 10 7 12 1 1 1 10 12 1 1 10 12 1 1 10 12 1 1 10 12 1 1 10 12 1 9 100 12 1 1 10 12 1 10 12 1 10 12 1 100 1 8 1 10 10 12 1 1 10 12 1 10 10 12 1 1 10 12 1 1 10 100 12 1 1 1 11 100 12 1 1 1 10 12 1 1 9 100 12 1 1 1 10 100 12 1 1 1 10 12 1 1 1 1 1 1 1 1 1 1 1 1 1 1 1 1 1 1 1 1 1 1 1 1 1 1 1 1 1 1 1 1 1 1 1 1 1 1 1 1 1 1 1 1 1 1 1 1 1 1 1 100 1 100 1 100 1 100 1 1 1 1 1 1 1 1 1 1 1 1 1 1 1 1 1 1 1 1 1 1 1 1 1 1 1 1 1 1 1 1 1 100 1 1
ciInstanceKlass java/lang/reflect/Method 1 1 446 9 7 12 1 1 1 10 7 12 1 1 1 10 7 12 1 1 9 12 1 1 10 12 1 1 10 12 1 1 10 7 12 1 1 10 7 12 1 1 1 9 12 1 1 9 12 1 9 12 1 1 9 12 1 9 12 1 9 12 1 1 9 12 1 9 12 1 1 9 12 1 9 12 1 9 12 1 1 100 1 8 1 10 12 1 10 12 1 9 12 1 1 8 1 10 7 12 1 1 10 7 12 1 1 1 10 12 1 1 10 12 1 1 10 12 1 10 12 1 1 10 12 1 1 7 1 10 12 1 1 10 12 10 7 12 1 1 10 12 1 1 10 12 1 10 12 1 10 12 1 10 7 12 1 1 1 10 12 1 1 10 7 1 10 100 12 1 1 1 10 7 12 1 1 10 12 1 1 10 12 1 1 10 12 1 10 7 12 1 1 1 10 12 1 10 8 1 10 12 1 10 12 1 7 1 8 1 8 1 8 1 10 12 1 10 12 1 1 10 12 1 1 10 10 12 1 1 10 12 1 11 100 1 9 12 1 1 10 12 1 1 10 12 1 10 12 1 1 10 12 1 1 11 7 12 1 1 1 10 12 1 10 12 1 10 12 1 10 12 1 10 12 1 9 12 1 1 10 7 12 1 1 1 10 12 1 1 10 7 12 1 1 1 10 7 12 1 1 1 10 7 12 1 1 1 11 7 12 1 1 1 10 7 12 1 1 1 7 1 100 1 100 1 10 12 1 10 12 1 1 10 12 1 100 1 8 1 10 12 1 10 10 12 1 1 10 12 1 1 10 12 1 1 10 12 1 1 8 1 10 12 1 1 1 1 1 1 1 1 1 1 1 1 1 1 1 1 1 1 1 1 1 1 1 1 1 1 1 1 1 1 1 1 1 1 1 1 1 1 1 1 1 1 1 1 1 1 1 1 1 1 1 1 1 100 1 100 1 100 1 1 1 1 1 1 1 1 1 1 1 1 1 1 1 1 1 1 1 1 1 1 1 1 1 1
ciInstanceKlass java/lang/reflect/Field 1 1 437 9 7 12 1 1 1 10 12 1 1 10 100 12 1 1 1 10 100 12 1 1 9 12 1 1 10 12 1 1 10 12 1 1 10 7 12 1 1 10 7 12 1 1 1 9 12 1 1 9 12 1 9 12 1 9 12 1 1 9 12 1 1 9 12 1 9 12 1 1 9 12 1 1 100 1 8 1 10 12 1 10 12 1 9 12 1 1 9 12 1 10 12 1 10 7 12 1 1 10 12 1 1 10 12 1 1 10 12 1 10 12 1 1 7 1 10 12 1 1 10 12 1 1 10 12 1 1 10 12 1 10 12 1 10 7 1 10 7 12 1 1 100 1 10 8 1 10 12 1 1 10 12 1 1 8 1 10 12 10 12 1 8 1 8 1 10 11 100 1 9 12 1 10 12 1 1 10 12 1 1 11 7 12 1 1 1 11 12 1 1 11 12 1 1 11 12 1 1 11 12 1 1 11 12 1 1 11 12 1 1 11 12 1 1 11 12 1 1 11 12 1 1 11 12 1 1 11 12 1 1 11 12 1 1 11 12 1 1 11 12 1 1 11 12 1 1 11 12 1 1 11 12 1 1 10 12 1 10 100 12 1 1 10 12 1 10 12 1 1 10 12 9 12 1 1 10 7 12 1 1 1 10 12 1 1 10 7 12 1 1 10 12 1 1 11 7 1 10 12 1 7 1 10 100 12 1 1 1 10 7 12 1 1 1 9 12 1 10 7 12 1 1 1 11 7 12 1 1 1 10 12 1 1 10 12 1 1 9 7 12 1 1 1 10 7 12 1 1 1 10 12 1 1 100 1 1 1 1 1 1 1 1 1 1 1 1 1 1 1 1 1 1 1 1 1 1 1 1 1 1 1 1 1 1 1 1 1 1 1 100 1 1 1 1 1 1 1 1 1 1 1 1 1 1 1 1 1 1 1 1 1 1 1 1 1 1 1 1 1 1 1 1 1 1 100 1 1 1 1 1 1 1 1 100 1 1
ciInstanceKlass java/lang/reflect/Parameter 1 1 226 10 7 12 1 1 1 9 7 12 1 1 1 9 12 1 1 9 12 1 1 9 12 1 10 12 1 1 10 12 1 1 10 100 12 1 1 1 100 1 10 10 12 1 1 11 100 12 1 1 1 10 12 1 10 100 12 1 1 1 10 12 1 1 10 12 1 10 12 1 8 1 8 1 10 100 12 1 1 1 10 12 1 10 12 10 12 1 8 1 10 12 1 9 12 1 1 10 12 1 1 9 12 1 1 10 12 1 1 10 12 1 1 10 12 1 1 10 12 1 10 10 12 1 10 100 12 1 1 1 10 12 1 1 11 100 12 1 1 10 100 12 1 1 100 1 10 100 12 1 1 1 10 12 1 1 10 12 1 1 10 12 1 1 10 12 1 1 9 12 1 100 1 10 11 12 1 1 11 12 1 1 100 1 1 1 1 1 1 1 1 1 1 1 1 1 1 1 1 1 1 1 1 1 1 1 1 1 1 1 1 1 1 1 1 1 1 1 1 1 1 100 1 1 1 1
ciInstanceKlass java/lang/StringBuffer 1 1 470 10 7 12 1 1 1 10 12 1 10 12 1 10 12 1 1 9 7 12 1 1 1 10 12 1 1 10 12 1 10 12 1 1 9 12 1 1 10 12 1 10 12 1 1 10 12 1 1 10 12 1 10 12 1 1 10 12 1 10 12 1 1 10 12 1 1 10 100 12 1 1 1 10 12 1 1 10 12 1 10 12 1 10 12 1 10 12 1 10 12 1 10 12 1 10 12 1 10 12 1 10 12 1 10 12 1 10 12 1 10 12 1 10 12 1 10 12 1 1 10 12 1 10 12 1 1 10 12 1 1 10 10 12 1 1 10 12 1 10 12 1 10 12 1 10 12 1 10 12 1 10 12 1 10 12 10 12 1 10 12 1 10 12 1 10 12 1 1 10 12 1 10 12 1 10 10 12 1 1 10 12 1 1 9 12 1 1 10 7 12 1 1 1 10 100 1 10 10 100 12 1 1 1 10 10 12 1 10 8 10 100 12 1 1 1 8 10 12 1 8 1 10 12 1 10 12 1 10 100 12 1 1 1 10 100 12 1 1 1 7 1 10 12 100 1 8 1 10 10 12 1 1 10 12 1 1 10 12 1 1 10 12 1 10 12 1 10 12 1 10 12 1 10 12 1 10 12 1 10 12 1 10 12 1 10 12 1 10 12 1 10 12 1 10 12 1 10 12 1 10 12 1 10 12 1 10 12 1 10 12 10 12 10 12 1 10 12 1 10 12 1 10 12 10 12 1 10 12 1 10 12 1 10 12 1 10 12 1 10 12 1 10 12 1 10 12 1 10 12 1 10 12 1 10 12 1 7 1 10 12 1 9 7 12 1 1 1 9 7 1 9 12 1 1 100 1 100 1 100 1 1 1 1 5 0 1 1 1 1 1 1 1 1 1 1 1 1 1 1 1 1 1 1 1 1 1 1 1 1 1 1 1 1 1 1 1 1 1 1 1 1 1 1 1 1 1 1 1 1 1 1 1 1 1 1 1 1 1 1 1 1 1 1 1 1 100 1 1 1 1 1 100 1 1 1 1 1 1 1 1 1 1 1 1 1 1 1 1 1
staticfield java/lang/StringBuffer serialPersistentFields [Ljava/io/ObjectStreamField; 3 [Ljava/io/ObjectStreamField;
ciInstanceKlass java/lang/CharSequence 1 1 130 11 100 12 1 1 1 18 12 1 1 100 1 10 100 12 1 1 1 18 10 100 12 1 1 1 10 100 12 1 1 1 100 1 11 12 1 1 10 100 12 1 1 1 11 12 1 1 100 1 10 12 1 1 10 100 12 1 1 1 100 1 10 10 12 1 1 1 1 1 1 1 1 1 1 1 1 1 1 1 1 1 1 1 1 1 1 1 1 1 1 1 1 1 1 1 1 1 1 15 10 100 12 1 1 1 16 1 15 11 12 16 15 11 12 1 1 100 1 100 1 1 100 1 1 100 1 100 1 1
ciMethod java/lang/CharSequence toString ()Ljava/lang/String; 0 0 1 0 -1
ciMethod java/lang/CharSequence length ()I 0 0 1 0 -1
ciMethod java/lang/CharSequence charAt (I)C 0 0 1 0 -1
instanceKlass java/lang/StringBuilder
instanceKlass java/lang/StringBuffer
ciInstanceKlass java/lang/AbstractStringBuilder 1 1 547 7 1 7 1 10 7 12 1 1 1 9 7 12 1 1 1 9 12 1 9 12 1 1 9 12 1 1 10 7 12 1 1 1 10 12 1 1 3 3 10 12 1 10 12 1 1 11 7 1 100 1 100 1 10 8 1 10 12 1 10 12 1 10 12 1 1 10 12 1 10 12 1 10 12 1 9 12 1 1 10 12 1 1 10 7 12 1 1 1 10 10 12 1 10 12 1 10 12 1 1 10 12 1 1 10 7 12 1 1 1 10 7 12 1 1 1 100 1 8 1 10 10 12 1 1 100 1 10 12 10 12 1 1 10 10 12 1 1 10 12 1 1 10 12 1 1 10 12 1 1 100 1 10 10 12 1 10 100 12 1 1 1 10 12 1 1 10 12 1 10 12 1 1 10 10 12 1 1 10 12 10 12 1 10 12 1 1 10 12 1 1 10 12 1 1 10 12 1 10 10 12 1 1 10 12 1 10 12 1 1 8 1 10 12 1 1 10 12 1 10 12 1 10 12 1 10 12 1 10 12 1 10 12 1 10 7 12 1 1 10 12 1 10 12 1 10 100 12 1 1 1 10 12 1 10 12 1 10 12 1 10 12 1 10 12 1 1 10 12 1 10 12 1 1 10 12 1 1 10 10 7 12 1 1 1 10 12 1 10 12 1 10 12 1 1 10 12 1 10 12 1 10 12 1 10 12 1 10 12 1 10 12 1 10 12 1 10 12 1 10 12 1 1 10 12 1 10 12 1 10 12 10 12 1 1 18 12 1 1 100 1 10 100 12 1 1 1 18 10 12 1 1 10 12 1 10 12 1 1 11 12 1 10 12 1 10 12 1 10 10 12 1 10 8 1 8 1 8 1 10 10 100 1 10 12 1 100 1 10 100 1 10 100 1 1 1 3 1 1 1 1 1 1 1 1 1 1 100 1 1 1 1 1 1 1 1 1 1 1 1 1 1 1 1 1 1 1 1 1 1 1 1 1 1 1 1 1 1 1 1 1 1 1 1 1 1 1 1 1 1 1 1 1 1 1 1 1 1 1 1 1 1 1 1 1 1 1 1 1 1 1 1 1 1 1 1 1 1 1 1 1 1 1 1 1 1 1 1 1 1 1 1 1 1 1 1 1 1 1 1 1 1 1 1 1 100 1 1 100 1 1 1 1 1 100 1 1 1 1 1 1 15 10 100 12 1 1 1 16 1 15 10 12 16 15 10 12 1 1 1 1 100 1 100 1 1
staticfield java/lang/AbstractStringBuilder EMPTYVALUE [B 0
ciMethod java/lang/AbstractStringBuilder append (Ljava/lang/CharSequence;II)Ljava/lang/AbstractStringBuilder; 512 0 5447 0 1920
ciMethod java/lang/AbstractStringBuilder append (Ljava/lang/String;)Ljava/lang/AbstractStringBuilder; 482 0 13741 0 1632
ciMethod java/lang/AbstractStringBuilder <init> (I)V 218 0 6325 0 544
ciMethod java/lang/AbstractStringBuilder inflate ()V 0 0 165 0 -1
ciMethod java/lang/AbstractStringBuilder isLatin1 ()Z 608 0 67116 0 0
ciMethod java/lang/AbstractStringBuilder newCapacity (I)I 120 0 521 0 0
ciMethod java/lang/AbstractStringBuilder ensureCapacityInternal (I)V 516 0 6631 0 1088
ciMethod java/lang/AbstractStringBuilder checkRange (III)V 514 0 5378 0 160
ciMethod java/lang/AbstractStringBuilder appendNull ()Ljava/lang/AbstractStringBuilder; 0 0 34 0 -1
ciMethod java/lang/AbstractStringBuilder putStringAt (ILjava/lang/String;)V 524 0 5725 0 -1
ciMethod java/lang/AbstractStringBuilder appendChars (Ljava/lang/CharSequence;II)V 0 0 1 0 -1
ciMethod java/lang/AbstractStringBuilder appendChars (Ljava/lang/String;II)V 512 0 5387 0 416
ciInstanceKlass java/lang/SecurityManager 0 0 576 10 100 12 1 1 1 9 100 12 1 1 1 10 100 12 1 1 1 100 1 8 1 10 12 1 10 12 1 1 10 100 12 1 1 1 10 100 1 10 100 1 10 9 100 12 1 1 1 10 100 12 1 1 1 10 12 1 1 10 100 12 1 1 100 1 8 1 10 9 12 1 1 9 12 1 8 1 9 12 1 100 1 10 8 1 10 12 1 1 10 12 1 10 12 1 1 100 1 10 10 12 1 1 100 1 8 1 10 12 1 8 1 8 1 8 1 8 1 8 1 8 1 10 12 1 8 1 8 1 8 1 8 1 8 1 10 100 12 1 1 1 10 12 1 1 8 1 100 1 8 1 10 8 1 8 1 8 1 8 1 8 1 10 100 12 1 1 8 1 100 1 8 1 8 1 10 8 1 10 12 1 100 1 8 1 10 10 12 1 1 10 12 1 10 12 1 10 12 1 10 100 12 1 1 1 10 12 1 10 100 12 1 1 11 100 12 1 1 1 18 12 1 1 11 100 12 1 1 1 18 12 1 1 11 12 1 1 18 18 11 12 1 18 12 1 11 12 1 1 9 12 1 1 9 12 1 9 12 1 9 12 1 100 1 10 100 12 1 1 10 12 1 10 12 1 18 12 1 18 10 100 12 1 1 1 18 12 1 10 12 1 18 18 8 1 10 12 1 9 12 1 1 11 100 12 1 1 1 8 1 100 1 10 12 1 10 12 1 1 10 12 1 1 9 12 1 1 10 12 1 10 12 1 1 8 1 100 1 10 9 12 1 8 1 10 12 1 8 1 100 1 10 10 100 12 1 1 10 100 1 9 100 12 1 1 1 11 12 1 1 10 12 1 11 12 1 10 12 1 100 1 10 10 12 1 1 10 12 1 1 1 1 1 1 1 1 1 1 1 100 1 1 1 1 1 1 1 1 1 1 1 1 1 1 1 1 1 1 1 1 1 1 1 1 1 1 1 1 1 1 1 1 1 1 1 1 1 1 1 1 1 1 1 1 1 1 1 1 1 1 1 1 1 1 1 1 3 1 1 1 1 1 1 1 1 1 1 100 1 1 1 1 1 1 1 1 1 1 1 1 1 1 1 1 1 1 1 1 1 1 1 1 1 1 1 1 1 1 1 1 1 1 1 1 1 1 15 10 100 12 1 1 1 16 15 10 100 12 1 1 1 16 1 16 15 10 12 16 1 15 10 12 16 15 11 100 1 16 1 16 1 15 10 12 16 15 10 12 16 15 10 12 1 16 1 15 11 12 1 15 10 12 16 15 10 16 1 1 1 1 100 1 100 1 1
ciInstanceKlass java/security/AccessControlContext 1 1 373 9 7 12 1 1 1 9 12 1 1 10 100 12 1 1 1 8 1 10 100 12 1 1 1 10 7 12 1 1 1 9 12 1 9 12 1 1 9 12 1 1 10 7 12 1 1 100 1 10 12 1 11 100 12 1 1 1 11 12 1 11 12 1 11 12 1 1 7 1 11 12 1 1 10 12 1 10 7 12 1 1 1 9 100 12 1 1 1 10 100 12 1 1 1 11 100 12 1 1 1 10 7 1 100 1 8 1 10 12 1 10 12 1 1 7 1 10 7 12 1 1 1 9 12 1 9 12 1 9 12 1 9 12 1 1 9 12 1 1 9 12 1 9 12 1 10 7 12 1 1 1 9 12 1 10 12 1 1 10 12 1 1 8 1 10 12 1 1 10 12 1 1 10 100 12 1 1 1 100 1 10 10 12 1 1 10 100 12 1 1 1 10 8 1 10 100 12 1 1 8 1 10 100 12 1 1 8 1 8 1 10 12 1 8 1 10 12 1 8 1 10 12 1 10 12 1 10 12 1 1 8 1 8 1 100 1 10 12 1 10 12 1 1 100 1 10 12 1 8 1 10 12 1 10 12 1 10 8 1 10 12 1 1 10 12 1 1 10 12 1 1 10 12 1 1 10 12 1 10 12 1 10 12 1 10 12 1 1 10 10 10 12 1 1 1 1 1 1 1 1 1 1 1 1 1 1 1 1 1 1 1 1 1 1 1 1 100 1 1 1 1 1 1 1 1 1 1 1 1 1 1 1 1 1 1 1 1 1 1 1 1 1 1 1 1 1 1 1 1 1 1 1 1 1 1 1 1 1 1 1 1 1 1 1 1 1 1 1 1 3 1 1
ciInstanceKlass java/net/URL 1 1 743 10 7 12 1 1 1 10 12 1 10 7 12 1 1 9 12 1 1 9 12 1 10 7 12 1 1 1 10 12 1 1 10 12 1 1 9 12 1 1 10 7 12 1 1 1 8 1 10 12 1 1 100 1 10 10 12 1 1 8 1 10 12 1 1 9 12 1 100 1 8 1 10 12 1 10 12 1 8 1 9 12 1 10 12 1 1 9 12 1 10 12 1 10 12 1 9 12 1 9 12 1 8 1 9 12 1 10 12 1 1 8 1 9 12 1 1 10 12 1 1 10 7 12 1 1 1 8 1 10 12 1 7 1 10 12 1 10 12 1 10 12 1 10 12 1 1 10 12 1 1 8 1 10 12 1 1 10 12 1 8 1 9 12 1 8 1 10 12 1 10 7 12 1 1 1 100 1 10 12 1 10 12 1 1 10 7 12 1 1 1 100 1 8 1 10 10 12 1 8 1 10 12 1 1 10 12 1 10 12 1 10 12 1 10 12 1 10 12 1 8 1 10 12 1 10 10 7 12 1 1 1 10 12 1 9 100 12 1 1 1 10 100 12 1 1 1 9 12 1 1 10 12 1 10 100 12 1 1 1 100 1 100 1 10 12 1 10 12 1 10 12 1 10 12 1 10 12 1 10 12 10 10 10 12 1 100 1 10 12 1 10 12 1 1 8 1 9 100 12 1 1 1 10 100 12 1 1 1 10 12 1 1 9 100 12 1 1 1 10 12 1 1 100 1 10 12 1 10 12 1 10 10 12 1 1 10 12 1 1 10 12 1 10 12 1 10 12 1 10 7 12 1 1 1 10 12 1 1 10 12 1 9 12 1 1 9 12 1 1 100 1 8 1 10 10 12 1 9 12 1 1 10 7 12 1 1 8 1 10 7 12 1 1 8 1 10 12 1 1 10 12 1 8 1 8 1 10 7 12 1 1 1 100 1 10 100 12 1 1 1 10 12 1 10 12 1 7 1 10 9 12 1 1 10 7 12 1 1 8 1 10 12 1 1 7 1 10 10 7 12 1 1 1 8 9 100 12 1 1 1 10 12 1 10 12 1 10 12 1 10 12 1 10 7 12 1 1 11 7 12 1 1 10 12 1 10 12 1 9 12 1 10 12 1 1 10 100 12 1 1 10 100 12 1 1 1 8 10 100 12 1 1 100 1 10 8 8 10 12 1 8 8 8 100 1 10 12 1 9 12 1 1 10 12 1 10 12 1 1 10 12 1 10 12 10 12 1 1 10 12 1 1 10 10 10 12 1 10 12 1 10 12 1 10 12 1 10 12 1 10 10 12 1 100 1 8 1 10 10 10 12 1 1 10 12 1 10 12 1 1 8 1 7 1 10 10 10 7 1 10 12 1 9 7 12 1 1 1 9 12 1 1 7 1 10 10 7 12 1 1 1 100 1 1 1 1 1 5 0 1 1 1 1 1 1 1 1 1 1 1 1 1 1 1 1 1 1 1 1 1 1 1 1 1 1 1 1 1 1 1 1 1 1 1 1 1 1 1 100 1 1 1 1 1 1 1 1 1 1 1 1 1 1 1 1 1 1 1 1 1 1 1 1 1 1 1 1 1 1 1 1 1 1 1 1 1 100 1 1 1 1 1 1 1 1 1 1 1 1 1 1 1 1 100 1 1 1 1 1 1 1 1 1 1 1 1 1 1 1 1 1 1
staticfield java/net/URL defaultFactory Ljava/net/URLStreamHandlerFactory; java/net/URL$DefaultFactory
staticfield java/net/URL streamHandlerLock Ljava/lang/Object; java/lang/Object
staticfield java/net/URL serialPersistentFields [Ljava/io/ObjectStreamField; 7 [Ljava/io/ObjectStreamField;
ciInstanceKlass java/util/jar/Manifest 1 1 336 10 7 12 1 1 1 7 1 10 9 7 12 1 1 1 7 1 10 9 12 1 1 9 12 1 1 10 12 1 10 12 1 1 10 12 1 1 10 12 1 1 10 12 1 1 11 7 1 11 12 1 1 10 12 1 1 10 100 12 1 1 1 100 1 100 1 10 8 1 10 12 1 1 10 12 1 1 10 12 1 10 12 1 11 100 1 10 12 1 10 12 1 1 11 12 1 1 10 12 1 11 12 1 1 11 100 12 1 1 1 11 100 12 1 1 11 12 1 1 100 1 10 12 1 8 1 11 12 1 100 1 10 12 1 1 11 12 1 10 12 1 10 12 1 10 100 12 1 1 1 8 1 10 12 1 1 10 9 100 12 1 1 1 10 12 1 1 10 100 12 1 10 12 1 10 12 1 9 100 12 1 1 1 8 1 10 12 1 8 1 8 1 7 1 10 12 1 10 12 1 10 12 1 1 100 1 8 1 10 12 1 1 8 1 10 10 12 1 1 8 1 10 12 1 1 10 100 12 1 1 1 10 12 1 10 11 12 1 1 10 12 1 10 100 12 1 1 1 10 12 1 1 10 12 1 1 11 10 12 1 11 10 12 1 100 1 1 1 1 1 1 1 1 1 1 1 1 1 1 1 1 1 1 1 1 1 1 1 1 1 1 1 1 1 1 1 1 1 1 1 1 1 1 1 1 1 1 1 100 1 1 1 1 1 1 1 1 1 1 1 1 1 1 100 1 1 1 1 1 1 1 1 1 1 1
ciInstanceKlass java/io/File 1 1 645 9 7 12 1 1 1 9 12 1 1 10 7 12 1 1 1 9 7 12 1 1 9 12 1 9 12 1 1 10 7 12 1 1 1 9 12 1 1 9 12 1 1 100 1 10 10 7 12 1 1 1 10 12 1 1 100 1 10 10 12 1 1 10 12 1 10 12 1 1 10 7 12 1 1 100 1 8 1 10 12 1 10 12 1 8 1 10 12 1 8 1 10 12 1 1 8 1 10 12 1 8 1 10 12 1 8 1 10 12 1 8 1 10 12 1 8 1 10 12 1 9 12 1 1 10 12 1 1 10 12 1 1 10 12 1 1 10 12 1 1 10 12 1 10 12 1 10 12 1 1 10 12 1 10 12 10 12 1 10 12 1 10 12 100 1 8 1 10 10 12 1 10 12 1 8 1 10 12 1 7 1 10 10 12 1 1 10 12 1 10 12 1 100 1 10 100 1 8 1 10 12 1 10 12 1 1 10 12 1 10 12 1 1 10 8 1 10 12 1 100 1 100 1 10 12 1 10 7 12 1 1 1 10 100 12 1 1 10 12 1 1 10 12 1 10 12 1 10 12 1 1 10 12 1 10 12 1 10 12 1 10 12 1 10 100 12 1 1 10 12 1 1 10 12 1 1 7 1 10 11 7 12 1 1 1 11 100 12 1 1 11 12 1 11 12 1 1 100 1 10 12 1 10 10 10 7 1 11 100 12 1 10 12 1 10 12 1 10 12 1 10 12 1 10 12 1 10 12 1 10 12 1 1 8 1 10 12 1 1 10 12 1 10 12 1 1 10 12 1 1 10 12 1 10 12 1 10 12 1 10 12 1 1 100 1 8 1 10 10 12 1 1 10 12 1 1 100 1 5 0 8 1 8 1 8 1 10 100 12 1 1 10 12 1 1 100 1 8 1 10 10 12 1 10 12 1 1 10 12 1 1 10 12 1 10 100 12 1 1 10 12 1 1 10 100 12 1 1 1 8 10 100 12 1 1 1 10 12 1 1 9 12 1 1 9 12 1 1 10 7 12 1 1 1 9 12 1 10 12 1 1 9 12 1 1 10 7 12 1 1 1 10 7 12 1 1 10 7 12 1 1 10 7 12 1 1 1 10 12 1 10 12 1 9 12 1 10 12 1 9 12 1 9 12 1 10 12 1 1 10 12 1 1 8 100 1 100 1 1 1 5 0 1 1 1 1 1 1 1 1 1 1 1 1 1 1 1 1 1 1 1 1 1 1 1 1 1 1 1 1 1 1 1 1 1 1 1 1 1 1 1 1 1 1 1 1 1 1 1 1 1 1 1 1 1 1 1 1 1 1 1 1 1 1 1 1 1 1 1 1 1 1 1 1 1 1 1 1 1 1 1 1 1 1 1 1 1 1 1 1 1 1 1 1 1 1 1 1 1 1 1 1 1 1 100 1 1 1 1 100 1 100 1 1 1 1 1 1 1 1 1 1 1 1
staticfield java/io/File fs Ljava/io/FileSystem; java/io/WinNTFileSystem
staticfield java/io/File separatorChar C 92
staticfield java/io/File separator Ljava/lang/String; "\"staticfield java/io/File pathSeparatorChar C 59
staticfield java/io/File pathSeparator Ljava/lang/String; ";"staticfield java/io/File UNSAFE Ljdk/internal/misc/Unsafe; jdk/internal/misc/Unsafe
staticfield java/io/File PATH_OFFSET J 16
staticfield java/io/File PREFIX_LENGTH_OFFSET J 12
staticfield java/io/File $assertionsDisabled Z 1
instanceKlass org/apache/maven/project/DefaultProjectBuilder$1
instanceKlass java/util/Collections$SingletonMap
instanceKlass org/eclipse/sisu/wire/EntryMapAdapter
instanceKlass com/google/common/collect/Maps$ViewCachingAbstractMap
instanceKlass com/google/common/collect/MapMakerInternalMap
instanceKlass org/eclipse/sisu/wire/MergedProperties
instanceKlass com/google/common/cache/LocalCache
instanceKlass java/util/EnumMap
instanceKlass java/util/TreeMap
instanceKlass java/util/IdentityHashMap
instanceKlass java/util/WeakHashMap
instanceKlass java/util/Collections$EmptyMap
instanceKlass sun/util/PreHashedMap
instanceKlass java/util/HashMap
instanceKlass java/util/ImmutableCollections$AbstractImmutableMap
instanceKlass java/util/concurrent/ConcurrentHashMap
ciInstanceKlass java/util/AbstractMap 1 1 192 10 7 12 1 1 1 10 7 12 1 1 1 11 7 12 1 1 1 10 11 12 1 1 11 7 12 1 1 1 11 12 1 1 7 1 11 12 1 10 12 1 1 11 12 1 100 1 10 11 12 1 11 7 1 10 12 1 1 11 12 1 9 12 1 1 7 1 10 12 1 9 12 1 1 7 1 10 11 11 12 1 1 11 12 1 100 1 100 1 11 12 1 8 1 100 1 10 10 12 1 1 8 1 10 12 1 10 12 1 1 10 12 1 1 1 1 1 1 1 1 1 1 1 1 1 1 1 1 1 1 1 1 1 1 1 1 1 1 1 1 1 1 1 1 1 1 1 1 1 1 1 1 100 1 1 1 1 1 1 1 1 1 1 1 1 1 1 1 1 7 1 1 1 1 1 1 1 1 1 100 1 100 1 100 1 100 1 1 1 1 1
ciInstanceKlass java/util/Collection 1 1 115 11 100 12 1 1 1 100 1 11 7 12 1 1 1 10 100 12 1 1 1 11 12 1 1 11 100 12 1 1 1 11 12 1 1 11 100 12 1 1 1 11 12 1 1 10 100 12 1 1 1 11 12 1 10 7 12 1 1 1 100 1 100 1 1 1 1 1 1 1 1 1 1 1 1 1 1 1 1 1 1 1 1 1 1 1 1 1 1 1 1 1 1 1 1 1 1 1 1 1 1 1 1 1 1 1 1 1 1 1 1 1 1 1 1
ciInstanceKlass java/util/List 1 1 217 10 100 12 1 1 1 11 100 12 1 1 1 11 100 12 1 1 1 11 12 1 1 11 100 12 1 1 11 12 1 1 11 12 1 1 10 100 12 1 1 1 100 1 100 1 10 12 1 1 100 1 10 100 12 1 1 1 9 7 12 1 1 1 7 1 10 12 10 12 1 7 1 10 12 1 1 10 12 1 10 12 1 1 100 1 1 1 1 1 1 1 1 1 1 1 1 1 1 1 1 1 1 1 1 1 1 1 1 1 1 1 1 1 1 1 1 1 1 1 1 1 1 1 1 1 1 1 1 1 1 1 1 1 1 100 1 100 1 1 1 1 1 1 1 1 1 1 1 1 1 1 1 1 1 1 1 1 1 1 1 1 1 1 1 1 1 1 1 1 1 1 1 1 1 1 1 1 1 1 1 1 1 1 1 1 1 1 1 1 1 1 1 1 1 1 1 1 1 1 1 1 1 1 1 1 1 1 1 1 100 1 1 100 1 1 1
instanceKlass org/apache/maven/project/MavenProject$LoggingList
instanceKlass org/apache/maven/model/merge/ModelMerger$MergingList
instanceKlass java/util/ArrayList$SubList
instanceKlass sun/security/jca/ProviderList$3
instanceKlass com/google/common/collect/Lists$TransformingRandomAccessList
instanceKlass java/util/Collections$SingletonList
instanceKlass java/util/AbstractSequentialList
instanceKlass java/util/Vector
instanceKlass java/util/Arrays$ArrayList
instanceKlass java/util/Collections$EmptyList
instanceKlass java/util/ArrayList
ciInstanceKlass java/util/AbstractList 1 1 218 10 7 12 1 1 1 9 7 12 1 1 1 10 12 1 1 10 12 1 1 100 1 10 10 12 1 1 11 100 12 1 1 1 11 12 1 1 11 12 1 10 100 12 1 1 1 10 12 1 11 12 1 11 12 1 11 12 1 10 12 1 1 10 12 1 1 11 100 12 1 1 1 11 100 1 11 7 1 10 12 1 7 1 10 12 1 10 12 1 1 100 1 100 1 10 12 1 100 1 10 100 1 100 1 10 8 1 10 12 1 1 10 12 1 10 12 1 1 10 12 1 8 1 100 1 8 1 8 1 8 1 10 100 1 11 10 10 12 1 11 12 1 10 12 1 1 8 1 8 1 1 1 1 1 1 1 1 1 1 1 1 1 1 1 1 1 1 1 1 1 1 1 1 1 1 1 1 1 1 1 1 1 1 1 1 1 1 1 1 1 1 1 1 1 1 1 1 1 1 1 1 1 1 1 1 1 1 100 1 100 1 1 1 1 1 1 1
ciInstanceKlass java/lang/AssertionStatusDirectives 0 0 24 10 100 12 1 1 1 100 1 1 1 1 1 1 1 1 1 1 1 1 1 1 1 1
ciInstanceKlass java/lang/invoke/MethodHandleNatives$CallSiteContext 1 1 49 10 7 12 1 1 1 7 1 10 10 7 12 1 1 1 10 7 12 1 1 1 10 7 12 1 1 1 100 1 1 1 1 1 1 1 1 1 1 1 1 1 1 1 1 1 100 1 1
ciInstanceKlass jdk/internal/invoke/NativeEntryPoint 0 0 92 10 100 12 1 1 1 9 100 12 1 1 1 10 100 12 1 1 1 100 1 9 12 1 9 12 1 9 12 1 1 9 12 1 1 9 12 1 1 100 1 8 1 10 12 1 11 100 12 1 1 1 10 12 1 1 10 12 1 11 100 12 1 1 11 12 1 10 12 1 1 10 12 1 1 1 1 1 1 1 1 1 1 1 1 1 1 1 1 1 1 1
instanceKlass java/lang/invoke/VolatileCallSite
instanceKlass java/lang/invoke/MutableCallSite
instanceKlass java/lang/invoke/ConstantCallSite
ciInstanceKlass java/lang/invoke/CallSite 1 1 302 10 7 12 1 1 1 10 7 12 1 1 1 9 7 12 1 1 1 10 12 1 1 9 12 1 1 10 7 12 1 1 1 10 12 1 100 1 10 12 1 1 10 12 1 1 9 100 12 1 1 1 10 100 12 1 1 10 12 1 1 100 1 100 1 10 10 100 12 1 1 1 10 12 1 1 8 1 10 12 1 10 12 1 1 10 12 1 10 12 1 1 10 12 1 1 10 10 100 12 1 1 10 12 1 1 9 12 1 9 100 12 1 1 1 8 1 10 7 12 1 1 1 10 12 1 1 100 1 10 12 1 1 9 12 1 8 1 100 1 10 12 1 10 12 1 100 1 8 1 10 10 12 1 10 12 1 1 100 1 10 12 1 1 10 12 1 10 12 1 10 12 1 1 10 12 1 1 9 12 1 1 8 10 12 1 1 9 12 1 1 100 1 10 10 12 1 10 100 12 1 1 1 10 12 1 1 10 12 1 1 10 12 1 10 7 12 1 1 1 100 1 8 1 10 10 12 10 12 1 1 100 1 100 1 100 1 8 1 10 12 1 10 7 12 1 1 1 1 1 1 1 1 1 1 1 1 1 1 1 1 1 1 1 1 1 1 1 1 1 1 1 1 1 1 1 1 1 1 1 1 1 1 1 1 1 1 1 1 1 1 1 1 1 1 1 1 1 1 1 1 1
staticfield java/lang/invoke/CallSite $assertionsDisabled Z 1
ciInstanceKlass java/lang/invoke/VolatileCallSite 0 0 37 10 100 12 1 1 1 10 12 1 10 100 12 1 1 1 10 12 1 10 12 1 1 1 1 1 1 1 1 1 1 1 1 1 1 1 1
ciInstanceKlass java/lang/invoke/MethodType 1 1 771 7 1 10 7 12 1 1 1 9 12 1 1 9 12 1 1 9 12 1 1 10 7 12 1 1 1 9 7 12 1 1 8 1 10 100 12 1 1 1 9 7 1 9 7 1 10 12 1 1 100 1 10 8 1 10 12 1 1 10 12 1 10 12 1 1 100 1 8 1 10 12 1 100 1 10 10 12 1 10 12 1 1 10 12 1 1 11 7 12 1 1 1 9 12 1 11 12 1 1 7 7 1 10 7 12 1 1 1 10 12 1 9 12 1 1 10 7 12 1 1 10 12 1 1 10 7 12 1 1 1 10 7 12 1 1 1 10 12 1 9 12 1 1 10 12 1 1 100 1 10 12 1 1 10 12 1 1 10 12 1 1 10 12 1 1 10 12 1 1 10 12 1 10 12 1 10 12 1 1 10 12 1 8 1 8 1 10 12 1 1 9 12 1 1 100 1 10 10 12 1 1 10 12 1 10 12 1 1 10 12 1 1 10 12 1 10 12 1 1 10 12 1 8 1 10 12 1 1 10 100 12 1 1 1 10 12 1 10 12 1 1 10 12 1 10 12 1 10 12 1 1 10 12 1 10 12 1 9 12 1 10 12 1 10 10 12 1 1 10 12 1 9 12 1 1 10 12 1 1 10 12 1 1 10 12 1 1 10 12 1 1 7 1 10 12 10 12 1 10 12 1 100 1 8 1 8 1 8 1 10 12 1 10 12 1 10 12 1 10 11 12 1 1 11 12 1 10 100 12 1 1 1 9 12 1 10 12 1 10 12 1 1 10 12 1 1 10 12 1 10 12 1 10 100 12 1 1 1 10 12 1 1 10 12 1 10 12 1 10 12 1 10 9 12 1 1 7 1 10 12 1 10 12 1 1 9 100 12 1 1 1 10 100 12 1 1 1 10 100 12 1 1 1 10 12 1 1 10 100 12 1 1 1 10 12 1 1 8 1 10 7 12 1 1 1 11 12 1 1 9 12 1 1 10 12 1 1 10 12 1 10 12 1 1 10 12 1 1 10 100 12 1 1 100 1 10 12 1 1 11 100 12 1 1 1 18 12 1 1 11 12 1 1 18 12 1 11 12 1 100 1 11 100 12 1 1 10 12 1 100 1 10 12 1 10 100 12 1 1 10 12 1 1 9 12 1 1 9 100 12 1 1 1 10 100 12 1 1 1 9 12 1 10 100 12 1 1 10 12 1 100 10 12 1 1 10 12 1 10 7 1 7 1 9 12 1 1 100 1 100 1 100 1 1 1 5 0 1 1 1 1 1 1 1 3 1 3 1 3 1 1 1 1 1 1 1 1 1 1 1 1 1 1 1 1 1 1 1 1 1 1 1 1 1 1 1 1 1 1 1 1 1 1 1 1 1 1 1 1 1 1 1 1 1 1 1 1 1 1 1 1 1 1 1 1 1 1 1 1 1 1 1 1 1 1 1 1 1 1 1 1 1 1 1 1 1 1 1 1 1 1 1 1 1 1 1 1 1 1 1 1 1 1 1 1 1 1 1 1 1 1 1 1 1 1 1 1 1 1 1 1 1 1 1 1 1 1 1 1 1 1 1 1 1 1 1 100 1 100 1 1 1 1 1 1 1 1 1 1 1 1 1 100 1 1 1 100 1 1 1 1 1 1 1 1 1 1 1 1 1 1 1 1 1 1 1 1 1 15 10 100 12 1 1 1 16 15 10 12 16 16 15 10 12 16 1 1 1 1 100 1 1 100 1 1 100 1 100 1 1
staticfield java/lang/invoke/MethodType internTable Ljava/lang/invoke/MethodType$ConcurrentWeakInternSet; java/lang/invoke/MethodType$ConcurrentWeakInternSet
staticfield java/lang/invoke/MethodType NO_PTYPES [Ljava/lang/Class; 0 [Ljava/lang/Class;
staticfield java/lang/invoke/MethodType objectOnlyTypes [Ljava/lang/invoke/MethodType; 20 [Ljava/lang/invoke/MethodType;
staticfield java/lang/invoke/MethodType METHOD_HANDLE_ARRAY [Ljava/lang/Class; 1 [Ljava/lang/Class;
staticfield java/lang/invoke/MethodType serialPersistentFields [Ljava/io/ObjectStreamField; 0 [Ljava/io/ObjectStreamField;
staticfield java/lang/invoke/MethodType $assertionsDisabled Z 1
ciInstanceKlass java/lang/BootstrapMethodError 0 0 45 10 100 12 1 1 1 10 12 1 10 12 1 10 100 12 1 1 1 10 100 12 1 1 1 1 1 1 5 0 1 1 1 1 1 1 1 1 1 1 1 100 1 1 1
ciInstanceKlass java/lang/Record 0 0 22 10 100 12 1 1 1 100 1 1 1 1 1 1 1 1 1 1 1 1 1 1
ciInstanceKlass java/lang/ClassNotFoundException 1 1 96 7 1 10 7 12 1 1 1 10 12 1 10 12 1 1 10 100 12 1 1 1 8 1 10 100 12 1 1 1 10 7 12 1 1 10 100 12 1 1 1 10 100 12 1 1 1 10 12 1 1 7 1 10 12 1 9 12 1 1 1 1 1 5 0 1 1 1 1 1 1 1 1 1 1 1 1 1 1 1 1 1 1 100 1 1 1 1 1 1 1 1 1 1 1 1
staticfield java/lang/ClassNotFoundException serialPersistentFields [Ljava/io/ObjectStreamField; 1 [Ljava/io/ObjectStreamField;
ciInstanceKlass jdk/internal/loader/ClassLoaders$AppClassLoader 1 1 119 8 1 10 7 12 1 1 1 10 7 12 1 1 1 10 100 12 1 1 1 10 12 1 1 10 100 12 1 1 1 10 12 1 1 10 12 1 1 7 1 8 1 10 12 10 7 12 1 1 1 10 100 12 1 1 10 12 1 1 10 12 1 1 10 7 12 1 1 1 100 1 10 12 1 1 1 1 1 1 1 1 1 1 1 1 1 1 1 1 1 1 1 1 1 100 1 1 1 1 1 1 1 1 1 1 1 1 1 1 1 1 1 1 1 100 1 1 1
ciInstanceKlass jdk/internal/loader/ClassLoaders$PlatformClassLoader 1 1 42 8 1 10 7 12 1 1 1 10 7 12 1 1 1 100 1 10 12 1 100 1 1 1 1 1 1 1 1 1 1 1 1 1 1 100 1 1 1 100 1 1
ciInstanceKlass java/lang/ArithmeticException 1 1 26 10 100 12 1 1 1 10 12 1 100 1 1 1 1 5 0 1 1 1 1 1 1 1 1 1
ciInstanceKlass java/lang/NullPointerException 1 1 52 10 7 12 1 1 1 10 12 1 9 7 12 1 1 1 10 12 1 1 9 12 1 1 10 12 1 1 10 12 1 1 1 1 5 0 1 1 1 1 1 1 1 1 100 1 100 1 100 1 1 1
ciInstanceKlass java/lang/IllegalMonitorStateException 1 1 26 10 100 12 1 1 1 10 12 1 100 1 1 1 1 5 0 1 1 1 1 1 1 1 1 1
ciInstanceKlass java/lang/OutOfMemoryError 1 1 26 10 100 12 1 1 1 10 12 1 100 1 1 1 1 5 0 1 1 1 1 1 1 1 1 1
ciInstanceKlass java/lang/InternalError 0 0 34 10 100 12 1 1 1 10 12 1 10 12 1 10 12 1 100 1 1 1 1 5 0 1 1 1 1 1 1 1 1 1 1 1
ciInstanceKlass java/lang/ClassCastException 1 1 26 10 100 12 1 1 1 10 12 1 100 1 1 1 1 5 0 1 1 1 1 1 1 1 1 1
ciInstanceKlass java/lang/NoClassDefFoundError 1 1 26 10 7 12 1 1 1 10 12 1 100 1 1 1 1 5 0 1 1 1 1 1 1 1 1 1
instanceKlass java/nio/IntBuffer
instanceKlass java/nio/LongBuffer
instanceKlass java/nio/CharBuffer
instanceKlass java/nio/ByteBuffer
ciInstanceKlass java/nio/Buffer 1 1 224 100 1 10 7 12 1 1 1 9 7 12 1 1 1 9 12 1 9 12 1 1 9 12 1 9 12 1 1 10 12 1 1 10 12 1 1 10 12 100 1 100 1 10 8 1 10 12 1 1 10 12 1 8 1 8 1 10 12 1 1 10 12 1 8 1 9 12 1 1 100 1 8 1 10 12 1 8 1 8 1 9 12 10 12 1 8 1 8 1 8 1 10 12 1 8 1 8 1 8 1 100 1 10 100 1 10 100 1 10 100 1 10 10 100 12 1 1 1 10 11 100 12 1 1 10 7 12 1 1 1 10 7 12 1 1 1 9 12 1 1 10 7 12 1 1 1 9 12 1 1 7 1 10 10 7 12 1 1 1 1 1 3 1 1 1 1 1 1 1 1 1 1 1 1 1 1 1 1 1 1 100 1 1 1 1 1 1 1 1 1 1 1 1 1 1 1 1 1 1 1 1 1 1 1 1 1 1 1 1 1 1 1 1 1 1 1 1 1 1 1 1 1 1
staticfield java/nio/Buffer UNSAFE Ljdk/internal/misc/Unsafe; jdk/internal/misc/Unsafe
staticfield java/nio/Buffer SCOPED_MEMORY_ACCESS Ljdk/internal/misc/ScopedMemoryAccess; jdk/internal/misc/ScopedMemoryAccess
staticfield java/nio/Buffer $assertionsDisabled Z 1
ciInstanceKlass jdk/internal/util/ArraysSupport 1 1 271 7 1 100 1 8 1 10 12 1 1 10 12 1 1 10 100 12 1 1 9 7 12 1 1 1 9 12 1 1 10 7 12 1 1 1 9 12 1 1 10 100 12 1 1 1 9 12 1 10 12 9 12 1 10 12 1 1 10 12 9 12 1 9 12 1 10 12 1 1 9 12 1 9 12 1 9 12 1 9 12 1 9 12 1 9 12 1 9 12 1 10 12 1 1 10 100 12 1 1 1 9 12 1 9 12 1 10 12 1 1 10 12 1 9 12 1 10 12 1 10 100 12 1 1 1 9 12 1 9 12 1 10 12 1 10 12 1 10 7 12 1 1 1 3 10 12 1 100 1 100 1 10 8 1 10 12 1 1 10 12 1 8 1 8 1 10 12 1 1 10 10 12 1 1 10 12 1 1 9 12 1 10 12 1 9 12 1 9 12 1 9 12 1 9 12 1 9 12 1 9 12 1 9 12 1 100 1 1 1 1 1 1 1 1 1 1 1 1 1 1 1 1 1 1 1 1 1 1 1 1 1 1 1 1 1 1 1 1 1 1 1 1 1 1 1 1 1 1 1 1 1 1 1 1 1 1 1 1 1 1 1 1 1 1 1 1 1 1 1 1
staticfield jdk/internal/util/ArraysSupport U Ljdk/internal/misc/Unsafe; jdk/internal/misc/Unsafe
staticfield jdk/internal/util/ArraysSupport BIG_ENDIAN Z 0
staticfield jdk/internal/util/ArraysSupport LOG2_ARRAY_BOOLEAN_INDEX_SCALE I 0
staticfield jdk/internal/util/ArraysSupport LOG2_ARRAY_BYTE_INDEX_SCALE I 0
staticfield jdk/internal/util/ArraysSupport LOG2_ARRAY_CHAR_INDEX_SCALE I 1
staticfield jdk/internal/util/ArraysSupport LOG2_ARRAY_SHORT_INDEX_SCALE I 1
staticfield jdk/internal/util/ArraysSupport LOG2_ARRAY_INT_INDEX_SCALE I 2
staticfield jdk/internal/util/ArraysSupport LOG2_ARRAY_LONG_INDEX_SCALE I 3
staticfield jdk/internal/util/ArraysSupport LOG2_ARRAY_FLOAT_INDEX_SCALE I 2
staticfield jdk/internal/util/ArraysSupport LOG2_ARRAY_DOUBLE_INDEX_SCALE I 3
staticfield jdk/internal/util/ArraysSupport LOG2_BYTE_BIT_SIZE I 3
ciMethod jdk/internal/util/ArraysSupport newLength (III)I 520 0 1055 0 0
ciMethod jdk/internal/util/ArraysSupport hugeLength (II)I 0 0 1 0 0
ciInstanceKlass jdk/internal/misc/UnsafeConstants 1 1 34 10 100 12 1 1 1 9 7 12 1 1 1 9 12 1 9 12 1 1 9 12 1 9 12 1 1 1 1 1 1 1 1 1
staticfield jdk/internal/misc/UnsafeConstants ADDRESS_SIZE0 I 8
staticfield jdk/internal/misc/UnsafeConstants PAGE_SIZE I 4096
staticfield jdk/internal/misc/UnsafeConstants BIG_ENDIAN Z 0
staticfield jdk/internal/misc/UnsafeConstants UNALIGNED_ACCESS Z 1
staticfield jdk/internal/misc/UnsafeConstants DATA_CACHE_LINE_FLUSH_SIZE I 0
instanceKlass java/lang/invoke/DelegatingMethodHandle
instanceKlass java/lang/invoke/BoundMethodHandle
instanceKlass java/lang/invoke/DirectMethodHandle
ciInstanceKlass java/lang/invoke/MethodHandle 1 1 644 100 1 9 7 12 1 1 1 10 7 12 1 1 1 10 7 12 1 1 1 7 1 7 1 10 12 1 1 9 12 1 1 10 12 1 10 12 1 1 10 12 1 1 10 100 12 1 1 1 10 12 1 1 10 12 1 1 11 100 12 1 1 1 10 12 1 1 10 12 1 10 12 1 9 12 1 1 10 12 1 1 100 1 100 1 10 8 1 10 12 1 1 10 12 1 8 1 10 12 1 1 10 12 1 10 7 12 1 1 1 10 12 1 10 12 1 1 10 12 1 1 10 12 1 1 10 12 1 1 10 7 12 1 1 1 10 100 12 1 1 1 7 1 10 12 1 1 10 12 1 1 10 12 1 1 8 1 10 7 12 1 1 1 8 1 10 12 1 1 10 12 1 1 10 12 1 1 10 12 1 8 1 10 12 1 1 8 1 10 12 1 8 1 10 100 12 1 1 1 9 12 1 1 100 1 10 9 100 12 1 1 1 9 100 1 8 1 10 12 1 1 10 12 1 10 12 1 1 10 12 1 10 12 1 1 10 12 1 10 12 1 1 10 12 1 10 12 1 1 10 12 1 1 8 1 10 12 1 1 8 1 10 12 1 10 12 1 1 10 12 1 10 12 1 10 12 1 1 9 100 12 1 1 1 10 12 1 1 11 12 1 10 12 1 10 12 1 1 10 100 12 1 1 1 100 1 11 12 1 10 100 1 11 12 1 100 1 10 12 1 11 12 1 9 100 12 1 1 1 11 12 1 1 11 100 12 1 1 1 10 12 1 1 9 12 1 11 12 1 9 12 1 9 12 1 9 12 1 11 12 1 1 9 12 1 9 12 1 9 12 1 9 12 1 9 12 1 9 12 1 9 12 1 8 1 10 12 1 10 12 1 8 1 10 12 1 10 12 1 10 10 7 12 1 1 10 12 1 1 100 1 8 1 10 12 1 1 10 12 1 1 10 12 1 10 12 1 100 1 10 100 12 1 1 1 10 12 1 9 7 12 1 1 1 10 12 1 1 10 12 1 1 8 1 9 12 1 9 12 1 1 9 12 1 1 10 12 1 7 1 10 12 1 10 12 1 1 9 12 1 1 9 12 1 1 10 7 12 1 1 1 11 7 12 1 1 9 12 1 10 12 1 1 10 12 1 9 12 1 10 12 1 8 10 12 1 1 8 1 1 1 1 1 1 100 1 1 1 1 1 1 1 1 1 1 1 1 1 1 1 1 1 1 1 1 1 1 1 1 1 1 1 1 1 1 1 1 1 1 1 1 1 1 1 1 1 1 1 1 1 1 1 1 1 1 1 1 1 1 1 1 1 1 1 1 1 1 1 1 1 1 1 1 1 100 1 1 1 1 1 1 1 1 1 100 1 1 1 1 1 1 1 1 1 1 1 1 1 1 1 1 1 1 1 1 1 1 1 1 1 1 1 100 1 1 100 1 1 100 1 1 1 1
staticfield java/lang/invoke/MethodHandle FORM_OFFSET J 20
staticfield java/lang/invoke/MethodHandle UPDATE_OFFSET J 13
staticfield java/lang/invoke/MethodHandle $assertionsDisabled Z 1
ciInstanceKlass jdk/internal/reflect/CallerSensitive 0 0 17 100 1 100 1 100 1 1 1 1 1 1 1 1 1 1 1
ciInstanceKlass jdk/internal/reflect/NativeConstructorAccessorImpl 1 1 126 10 7 12 1 1 1 9 7 12 1 1 1 9 12 1 1 10 7 12 1 1 1 10 7 12 1 1 1 10 7 12 1 1 1 9 12 1 9 12 1 1 9 12 1 1 10 7 12 1 1 1 7 1 10 10 12 1 1 10 12 1 10 12 1 10 12 1 1 9 12 1 1 10 7 12 1 1 1 100 1 10 12 1 1 10 12 1 1 8 10 12 1 1 1 1 1 1 1 1 1 1 1 1 1 1 1 1 1 1 1 1 1 1 100 1 100 1 100 1 1 1 1 1 1 1
staticfield jdk/internal/reflect/NativeConstructorAccessorImpl U Ljdk/internal/misc/Unsafe; jdk/internal/misc/Unsafe
staticfield jdk/internal/reflect/NativeConstructorAccessorImpl GENERATED_OFFSET J 16
instanceKlass org/apache/maven/artifact/versioning/ManagedVersionMap
instanceKlass java/lang/ProcessEnvironment
instanceKlass java/util/LinkedHashMap
ciInstanceKlass java/util/HashMap 1 1 610 10 7 12 1 1 1 100 1 10 12 1 1 100 1 10 7 12 1 1 1 100 1 11 12 1 1 11 12 1 11 12 1 1 10 7 12 1 1 1 7 1 3 10 7 12 1 1 1 100 1 100 1 10 8 1 10 12 1 1 10 12 1 10 12 1 1 10 12 1 10 7 12 1 1 1 8 1 10 12 1 9 12 1 1 10 12 1 9 12 1 1 4 10 12 1 10 12 1 1 11 7 12 1 1 9 12 1 1 4 10 12 1 1 11 12 1 1 11 7 12 1 1 1 11 7 12 1 1 1 11 12 1 1 7 1 11 12 1 11 12 1 10 12 1 10 12 1 1 9 12 10 12 1 1 9 7 12 1 1 1 9 12 9 12 1 10 12 1 1 9 12 1 7 1 10 12 1 1 10 12 1 1 10 12 1 1 10 12 1 1 10 12 1 1 9 12 1 10 12 1 1 3 10 12 1 1 10 12 1 1 9 12 1 1 9 10 12 1 1 10 12 1 1 10 12 1 1 10 12 1 9 12 1 1 7 1 10 12 1 10 12 1 10 7 12 1 1 1 7 1 9 12 1 1 7 1 10 9 12 7 1 10 100 1 10 11 7 12 1 1 1 100 1 10 11 100 12 1 1 11 100 12 1 1 1 10 12 1 100 1 100 1 10 12 1 10 12 1 10 12 1 10 100 12 1 1 10 12 1 1 10 12 1 1 10 100 12 1 1 1 8 10 100 12 1 1 1 100 1 10 4 10 100 12 1 1 1 4 10 12 1 10 100 12 1 1 1 10 12 1 8 1 4 10 100 12 1 1 1 100 1 11 100 12 1 1 1 10 12 1 10 12 1 10 10 12 1 1 100 1 100 1 1 1 1 5 0 1 3 1 1 1 3 1 3 1 3 1 1 1 1 1 1 1 1 1 1 1 1 1 1 1 1 1 1 1 1 1 1 100 1 1 1 1 1 1 1 1 1 1 1 1 1 1 1 1 1 1 1 1 1 1 1 1 1 1 1 1 1 1 1 1 100 1 1 1 1 1 1 1 1 1 1 1 1 1 1 1 1 1 1 1 1 1 1 1 1 1 1 1 1 1 1 1 1 1 1 1 1 1 1 1 1 1 1 1 1 1 1 1 1 1 1 100 1 1 1 1 1 1 1 1 1 1 1 1 1 1 1 1 1 1 1 1 1 1 1 1 1 1 1 1 1 1 1 1 1 1 1 1 1 1 1 1 1 1 1 1 1 1 1 1 100 1 1 1 1 1 1 1 1 100 1 1 1 1 1 1 1 1 1 1 1 1 1 1 100 1 100 1 100 1 100 1 100 1 100 1 100 1 100 1 1 1 1 1 1 1 1 1 1 1 1 1 1 1 1 1 1
ciInstanceKlass java/util/LinkedHashMap 1 1 289 9 7 12 1 1 1 9 12 1 9 7 12 1 1 9 12 1 10 7 12 1 1 1 10 12 1 1 10 12 1 1 9 12 1 1 9 12 1 1 9 12 1 10 12 1 1 100 1 10 10 12 1 1 10 12 1 10 12 1 1 9 12 1 1 9 12 1 10 100 12 1 1 1 10 12 1 10 12 1 10 12 10 12 1 1 10 100 12 1 1 1 10 12 1 1 10 12 1 1 9 7 1 10 12 1 9 12 1 1 7 1 10 12 1 9 12 1 1 7 1 10 9 12 1 7 1 10 100 1 10 11 100 12 1 1 1 100 1 10 11 100 12 1 1 1 100 1 1 1 1 5 0 1 1 1 1 1 1 1 1 1 1 1 1 1 1 1 1 1 1 1 1 1 1 1 1 1 1 1 1 1 1 1 1 1 1 1 1 1 1 1 1 1 1 1 1 1 1 1 1 1 1 1 100 1 1 1 1 1 1 1 1 1 1 1 1 1 1 1 1 1 1 1 1 1 1 1 1 1 100 1 1 1 1 1 1 1 1 100 1 1 1 1 1 100 1 1 1 1 1 1 1 1 1 1 1 1 1 1 1 1 1 1 1 1 1 1 100 1 100 1 100 1 100 1 1 1 1 1 100 1 1 1 1 1 1 1 1
ciMethod java/util/HashMap get (Ljava/lang/Object;)Ljava/lang/Object; 680 0 13984 0 0
ciMethod java/util/HashMap put (Ljava/lang/Object;Ljava/lang/Object;)Ljava/lang/Object; 776 0 18408 0 2048
ciMethod java/util/HashMap containsKey (Ljava/lang/Object;)Z 198 0 8473 0 0
ciMethod java/util/HashMap newNode (ILjava/lang/Object;Ljava/lang/Object;Ljava/util/HashMap$Node;)Ljava/util/HashMap$Node; 486 0 6716 0 224
ciMethod java/util/HashMap afterNodeAccess (Ljava/util/HashMap$Node;)V 36 0 45 0 0
ciMethod java/util/HashMap afterNodeInsertion (Z)V 504 0 1281 0 64
instanceKlass java/lang/invoke/DirectMethodHandle$Special
instanceKlass java/lang/invoke/DirectMethodHandle$Interface
instanceKlass java/lang/invoke/DirectMethodHandle$Accessor
instanceKlass java/lang/invoke/DirectMethodHandle$Constructor
ciInstanceKlass java/lang/invoke/DirectMethodHandle 1 1 940 7 1 7 1 100 1 7 1 7 1 10 7 12 1 1 1 10 7 12 1 1 1 100 1 10 12 1 10 12 1 1 10 7 12 1 1 10 12 1 1 10 12 1 10 12 1 7 1 10 12 1 1 10 12 1 1 10 12 1 10 12 1 1 10 7 12 1 1 1 10 12 1 9 12 1 1 100 1 10 9 12 1 1 9 12 1 10 12 1 10 12 1 10 12 1 1 10 12 1 10 12 1 10 12 1 10 7 12 1 1 1 10 12 1 10 12 1 1 8 1 10 12 1 1 7 1 10 12 1 7 1 10 10 12 1 10 12 1 10 12 1 10 7 12 1 1 1 10 12 1 1 100 1 10 12 1 10 12 1 7 1 10 12 1 10 12 1 1 10 12 1 1 10 12 1 8 10 100 12 1 1 1 10 12 1 10 12 1 10 12 1 1 10 12 1 9 7 12 1 1 1 7 1 10 12 1 10 7 12 1 1 1 10 12 1 10 12 1 1 9 12 1 1 100 1 10 8 1 10 12 1 1 10 12 1 10 12 1 10 10 12 1 10 12 1 10 12 1 10 12 1 10 12 1 1 10 12 1 10 12 1 1 10 12 1 10 12 1 1 10 10 7 12 1 1 1 10 12 1 10 12 1 1 10 12 1 10 12 1 1 8 1 9 7 12 1 1 1 8 1 9 12 1 9 12 1 8 1 9 12 1 9 12 1 8 1 9 12 1 9 12 1 8 1 10 12 1 10 12 1 1 9 12 1 1 7 1 10 12 1 1 100 1 10 7 12 1 1 1 10 12 1 1 10 12 1 10 12 1 1 7 1 10 12 1 1 10 12 1 10 12 1 1 7 1 10 12 1 1 10 7 12 1 1 1 10 12 1 10 12 1 10 12 1 9 12 1 1 10 7 1 9 12 9 12 1 10 7 12 1 1 1 10 12 1 7 1 7 1 7 1 9 12 1 1 10 7 12 1 10 12 1 1 10 12 1 100 1 10 12 1 10 12 1 1 9 100 12 1 1 1 10 12 1 1 100 1 10 100 12 1 1 1 10 12 1 10 12 1 8 1 9 12 1 9 12 1 10 12 1 9 12 1 1 10 100 12 1 1 1 9 12 1 1 9 12 1 1 10 12 1 10 12 1 10 12 1 10 12 1 10 12 1 1 10 12 1 10 7 12 1 1 9 12 1 10 12 1 10 12 1 10 12 1 10 12 1 1 10 12 1 1 9 12 1 1 10 12 1 1 9 7 12 1 1 1 9 12 1 9 12 1 9 12 1 9 12 1 9 12 1 9 12 1 9 12 1 9 12 1 9 12 1 9 12 1 9 12 1 9 12 1 9 12 1 9 12 1 9 12 1 9 12 1 9 12 1 9 12 1 9 12 1 9 12 1 9 12 1 9 12 1 9 12 1 9 12 1 9 12 1 9 12 1 9 12 1 9 12 1 9 12 1 9 12 1 9 12 1 9 12 1 9 12 1 9 12 1 9 12 1 9 12 1 8 1 9 12 1 1 9 12 1 1 10 12 1 10 12 1 1 9 7 1 10 12 1 9 12 1 1 10 12 10 12 1 10 12 1 10 12 1 10 8 1 8 1 8 1 8 1 10 12 1 1 9 12 1 1 10 12 1 10 100 12 1 1 1 8 9 12 1 1 10 12 1 1 8 1 8 8 9 12 1 8 1 8 8 8 8 8 1 8 10 12 1 10 12 1 8 1 8 1 10 12 1 10 12 1 10 12 1 10 12 1 1 7 1 1 1 1 3 1 3 1 3 1 3 1 3 1 3 1 3 1 3 1 3 1 3 1 1 1 1 1 1 1 1 1 1 3 1 3 1 1 1 1 3 1 1 1 1 1 1 1 1 1 1 1 1 1 1 1 1 1 1 1 1 1 1 1 1 1 1 1 1 1 1 1 1 1 1 1 1 1 1 1 1 1 1 1 1 1 1 1 1 1 1 1 1 1 1 1 1 100 1 1 1 1 1 1 1 1 1 1 1 1 100 1 1 1 1 1 1 1 1 1 1 1 1 1 1 1 1 1 1 1 1 1 1 1 1 1 1 1 1 1 1 1 1 1 1 1 1 1 1 1 1 1 1 1 1 1 1 1 1 1 1 1
staticfield java/lang/invoke/DirectMethodHandle IMPL_NAMES Ljava/lang/invoke/MemberName$Factory; java/lang/invoke/MemberName$Factory
staticfield java/lang/invoke/DirectMethodHandle FT_UNCHECKED_REF I 8
staticfield java/lang/invoke/DirectMethodHandle ACCESSOR_FORMS [Ljava/lang/invoke/LambdaForm; 132 [Ljava/lang/invoke/LambdaForm;
staticfield java/lang/invoke/DirectMethodHandle ALL_WRAPPERS [Lsun/invoke/util/Wrapper; 10 [Lsun/invoke/util/Wrapper;
staticfield java/lang/invoke/DirectMethodHandle NFS [Ljava/lang/invoke/LambdaForm$NamedFunction; 12 [Ljava/lang/invoke/LambdaForm$NamedFunction;
staticfield java/lang/invoke/DirectMethodHandle OBJ_OBJ_TYPE Ljava/lang/invoke/MethodType; java/lang/invoke/MethodType
staticfield java/lang/invoke/DirectMethodHandle LONG_OBJ_TYPE Ljava/lang/invoke/MethodType; java/lang/invoke/MethodType
staticfield java/lang/invoke/DirectMethodHandle $assertionsDisabled Z 1
ciInstanceKlass java/lang/invoke/LambdaForm 1 1 1052 100 1 9 7 12 1 1 1 10 7 12 1 1 1 10 7 12 1 1 9 12 1 1 9 12 1 1 10 12 1 1 100 1 10 9 12 1 10 12 1 1 9 12 1 10 7 12 1 1 1 9 12 1 9 12 1 9 12 1 1 9 12 1 10 12 1 1 7 1 10 12 1 10 100 12 1 1 1 10 100 12 1 1 1 10 12 1 10 12 1 1 9 100 12 1 1 1 10 12 1 1 9 12 1 10 12 1 1 10 12 1 10 12 1 1 10 12 1 1 10 100 12 1 1 1 7 1 10 10 12 1 1 8 1 10 12 1 10 12 1 10 12 1 1 7 1 10 7 12 1 1 1 10 12 1 1 10 12 1 10 12 1 1 9 12 1 1 9 12 1 9 12 1 1 10 12 1 9 12 1 10 100 12 1 1 1 10 12 1 1 10 12 1 9 12 1 1 10 100 12 1 1 1 10 12 1 10 12 1 10 12 1 10 12 1 10 12 1 10 12 1 1 10 12 1 10 12 1 1 8 1 10 12 1 10 12 1 8 1 8 1 9 12 1 9 12 1 9 12 1 1 10 12 1 1 10 12 1 9 12 1 10 12 1 1 10 7 12 1 1 1 10 12 1 1 10 12 1 10 12 1 10 12 1 1 9 12 1 10 12 1 8 1 8 1 8 1 8 1 8 1 8 1 8 1 8 1 10 12 1 9 12 1 7 1 10 12 1 1 9 12 1 10 12 1 10 12 1 1 10 12 10 12 1 10 12 1 1 10 12 1 1 10 10 12 1 1 10 12 1 1 7 1 8 1 10 12 1 1 10 12 1 10 12 1 1 10 8 1 10 12 1 1 8 1 8 1 8 1 10 12 1 9 12 1 1 10 12 1 1 10 12 1 1 100 1 10 12 1 1 10 12 1 10 7 12 1 1 1 10 12 1 1 9 12 1 1 8 1 10 100 12 1 1 1 10 7 12 1 1 10 12 10 10 12 1 1 9 12 1 8 10 12 1 1 100 1 10 12 1 1 10 12 1 9 7 12 1 1 9 12 1 1 8 1 10 100 12 1 1 10 12 1 1 100 1 100 1 10 10 12 1 1 10 12 1 1 8 1 8 1 100 1 8 1 10 12 10 12 1 10 12 1 10 12 1 1 8 1 8 1 9 100 12 1 1 1 10 12 1 10 12 1 1 8 1 8 1 8 1 100 1 8 1 100 1 8 1 100 1 8 1 10 12 1 8 1 9 10 7 12 1 1 1 10 12 1 9 12 1 1 10 12 1 10 10 12 1 10 12 1 10 12 1 10 12 1 1 10 12 1 10 12 1 1 10 12 1 1 10 12 1 1 8 1 100 10 12 1 10 12 1 9 12 1 1 10 7 12 1 1 8 1 8 1 100 1 8 1 8 1 8 1 8 1 8 1 8 1 8 1 8 1 10 12 1 1 10 12 1 1 10 12 1 10 12 1 8 1 8 1 8 1 10 12 1 8 1 10 12 1 8 1 8 1 8 1 8 1 8 1 10 12 1 10 12 1 10 12 1 1 10 7 12 1 1 1 10 12 1 10 12 1 10 12 1 10 12 1 10 12 1 10 12 1 10 12 1 9 12 1 1 8 1 10 12 1 1 9 12 1 1 10 12 1 1 9 12 1 9 12 1 1 9 12 1 9 12 1 1 7 1 10 7 12 1 1 1 9 12 1 10 12 1 10 12 1 8 1 10 12 1 9 12 1 1 7 1 10 7 12 1 1 1 8 1 100 1 10 12 1 9 12 1 9 12 1 10 12 1 10 12 1 10 7 12 1 1 1 10 12 1 9 7 12 1 1 10 12 1 1 10 12 1 10 12 1 9 12 10 12 1 10 10 12 1 9 9 12 1 7 9 12 1 1 10 12 1 1 9 12 1 10 12 1 10 7 1 9 1 1 1 1 3 1 3 1 3 1 1 1 1 1 1 1 1 1 1 1 1 1 1 1 1 1 1 1 1 1 1 1 1 1 1 1 1 1 1 1 1 1 1 1 1 1 1 1 1 1 1 1 1 1 1 1 1 1 1 1 1 1 1 1 1 100 1 1 1 1 1 1 1 1 1 1 1 1 1 1 1 1 1 1 1 1 1 1 1 1 1 1 1 1 1 1 1 1 1 1 1 1 1 1 1 1 1 1 1 1 1 1 1 1 1 1 1 1 1 1 1 1 1 1 1 100 1 1 1 1 1 1 1 1 1 1 1 1 1 1 1 1 1 1 1 1 1 1 1 1 1 1 1 1 1 1 1 1 1 1 100 1 1 1 1 1 1 1 1 1 1 1 1 1 1 1 1 1 1 1 1 1 1 100 1 1 1 100 1 1 100 1 1 1 1 1 1 1 1 1 1 1
staticfield java/lang/invoke/LambdaForm COMPILE_THRESHOLD I 0
staticfield java/lang/invoke/LambdaForm INTERNED_ARGUMENTS [[Ljava/lang/invoke/LambdaForm$Name; 5 [[Ljava/lang/invoke/LambdaForm$Name;
staticfield java/lang/invoke/LambdaForm IMPL_NAMES Ljava/lang/invoke/MemberName$Factory; java/lang/invoke/MemberName$Factory
staticfield java/lang/invoke/LambdaForm LF_identity [Ljava/lang/invoke/LambdaForm; 6 [Ljava/lang/invoke/LambdaForm;
staticfield java/lang/invoke/LambdaForm LF_zero [Ljava/lang/invoke/LambdaForm; 6 [Ljava/lang/invoke/LambdaForm;
staticfield java/lang/invoke/LambdaForm NF_identity [Ljava/lang/invoke/LambdaForm$NamedFunction; 6 [Ljava/lang/invoke/LambdaForm$NamedFunction;
staticfield java/lang/invoke/LambdaForm NF_zero [Ljava/lang/invoke/LambdaForm$NamedFunction; 6 [Ljava/lang/invoke/LambdaForm$NamedFunction;
staticfield java/lang/invoke/LambdaForm createFormsLock Ljava/lang/Object; java/lang/Object
staticfield java/lang/invoke/LambdaForm DEBUG_NAME_COUNTERS Ljava/util/HashMap; null
staticfield java/lang/invoke/LambdaForm DEBUG_NAMES Ljava/util/HashMap; null
staticfield java/lang/invoke/LambdaForm TRACE_INTERPRETER Z 0
staticfield java/lang/invoke/LambdaForm $assertionsDisabled Z 1
ciInstanceKlass java/lang/invoke/MethodHandleNatives 1 1 684 100 1 10 7 12 1 1 1 9 7 12 1 1 1 10 12 1 1 100 1 10 10 12 1 1 10 12 1 10 12 1 8 1 8 1 8 1 8 1 8 1 8 1 8 1 8 1 8 1 8 1 10 12 1 1 7 1 10 7 12 1 1 1 10 100 12 1 1 1 7 1 10 10 12 1 1 8 1 10 12 1 8 1 10 12 1 1 8 1 10 12 1 1 9 100 12 1 1 1 8 1 10 100 12 1 1 1 100 1 10 12 100 1 100 1 8 1 7 1 10 10 12 1 7 1 9 7 12 1 1 10 12 1 1 10 12 1 10 7 12 1 1 1 7 1 10 12 1 1 10 7 12 1 1 1 10 12 1 10 12 1 1 10 12 1 1 9 12 1 8 1 10 12 1 8 1 10 12 1 8 1 8 1 8 1 100 1 10 12 1 8 1 10 12 1 1 10 12 1 10 100 12 1 1 1 100 1 8 1 10 100 12 1 1 1 7 1 8 1 10 12 1 8 1 8 1 8 1 8 1 8 1 10 12 1 1 10 12 1 1 10 12 1 10 12 1 1 10 12 1 1 7 1 10 12 1 100 1 100 1 10 12 1 10 12 1 8 1 8 1 10 10 12 1 1 10 12 1 1 8 1 10 100 12 1 1 1 8 1 8 1 10 12 1 1 10 7 12 1 1 1 100 1 10 12 1 1 7 1 9 12 1 1 10 7 12 1 1 1 10 10 12 1 9 12 1 10 12 1 1 9 12 1 9 12 1 10 12 1 1 10 12 1 10 12 1 1 7 1 7 1 10 12 1 1 10 12 1 10 12 1 1 10 7 12 1 1 1 10 12 1 8 1 10 12 1 10 12 1 10 12 1 1 10 12 1 10 7 12 1 1 1 10 12 1 1 100 1 8 1 10 9 7 12 1 1 1 10 12 1 1 10 12 1 1 100 1 10 12 1 1 10 12 1 1 100 1 100 1 10 10 100 1 100 1 10 100 1 10 10 12 1 1 10 100 1 10 12 1 10 12 1 10 12 1 1 10 12 1 1 10 12 1 1 10 12 1 10 12 1 1 10 8 1 100 1 10 12 1 10 12 1 10 12 1 10 12 1 10 12 1 1 10 12 1 9 12 1 1 10 7 12 1 1 1 9 12 1 1 11 7 12 1 1 1 10 12 1 10 12 1 10 10 12 1 10 7 12 1 1 1 1 1 1 1 1 1 1 1 1 1 1 1 100 1 1 1 1 1 1 1 1 1 1 1 1 1 1 1 1 1 1 1 1 1 1 1 1 1 1 1 1 1 1 1 1 1 1 1 1 1 1 1 1 1 1 1 1 1 1 1 1 1 1 1 1 1 1 1 1 1 1 1 1 1 1 1 1 1 1 1 1 1 1 1 1 1 1 1 1 1 1 1 1 1 1 1 1 1 1 1 1 1 1 1 1 1 1 1 1 1 1 100 1 1 1 1 1 1 1 1 1 1 1 1 1 1 1 1 1 1 1 1 1 1 1 1 1 1 1 1 100 1 1 1 1 1 1 1 100 1 1 1
staticfield java/lang/invoke/MethodHandleNatives JLA Ljdk/internal/access/JavaLangAccess; java/lang/System$2
staticfield java/lang/invoke/MethodHandleNatives $assertionsDisabled Z 1
ciInstanceKlass jdk/internal/reflect/ConstantPool 1 1 142 10 100 12 1 1 1 9 7 12 1 1 1 10 12 1 1 10 12 1 1 10 12 1 10 12 1 1 10 12 1 1 10 12 1 10 12 1 1 10 12 1 10 12 1 1 10 12 1 10 12 1 10 12 1 10 12 1 1 10 12 1 1 10 12 1 1 10 12 1 1 10 12 1 10 12 1 1 10 100 12 1 1 1 8 11 7 12 1 1 1 10 7 12 1 1 1 1 1 1 1 1 1 1 1 1 1 1 1 1 1 1 1 1 1 1 1 1 1 1 1 1 1 1 1 1 1 1 1 1 1 1 1 1 1 1 1 1 1 1 1 1
instanceKlass jdk/internal/reflect/UnsafeQualifiedStaticFieldAccessorImpl
ciInstanceKlass jdk/internal/reflect/UnsafeStaticFieldAccessorImpl 1 1 47 10 7 12 1 1 1 9 7 12 1 1 1 10 7 12 1 1 1 9 12 1 1 8 11 7 12 1 1 1 10 7 12 1 1 1 1 1 1 1 1 1 1 1 1 1 1
instanceKlass jdk/internal/reflect/UnsafeFieldAccessorImpl
ciInstanceKlass jdk/internal/reflect/FieldAccessorImpl 1 1 59 10 7 12 1 1 1 100 1 100 1 1 1 1 1 1 1 1 1 100 1 1 1 1 1 1 1 1 1 1 1 1 1 1 1 1 1 1 1 100 1 1 1 1 1 1 1 1 1 1 1 1 1 1 1 1 1 1 1
instanceKlass jdk/internal/reflect/UnsafeObjectFieldAccessorImpl
instanceKlass jdk/internal/reflect/UnsafeStaticFieldAccessorImpl
ciInstanceKlass jdk/internal/reflect/UnsafeFieldAccessorImpl 1 1 254 10 7 12 1 1 1 9 7 12 1 1 1 10 7 12 1 1 1 10 7 12 1 1 1 9 12 1 1 10 7 12 1 1 1 9 12 1 1 10 12 1 10 12 1 9 12 1 10 12 1 1 10 7 12 1 1 10 7 12 1 1 1 10 12 1 1 100 1 10 10 12 1 1 10 12 1 1 8 1 10 10 12 1 100 1 8 1 10 12 1 8 1 10 12 1 8 1 10 12 1 100 1 10 12 1 1 10 8 1 10 12 1 1 8 1 10 100 12 1 1 8 1 10 100 12 1 1 8 1 10 100 12 1 1 8 1 10 100 12 1 1 8 1 10 100 12 1 1 8 1 10 100 12 1 1 8 1 10 100 12 1 1 8 1 10 100 12 1 1 10 12 1 1 8 1 8 1 8 1 8 1 8 1 8 1 10 100 12 1 1 1 8 1 8 1 8 1 10 12 10 12 1 1 1 1 1 1 1 1 1 1 1 1 1 1 1 1 1 1 1 1 1 1 1 1 1 1 1 1 1 1 1 1 1 1 1 1 1 1 1 1 1 1 1 1 1 1 1 1 1 1 1 1
staticfield jdk/internal/reflect/UnsafeFieldAccessorImpl unsafe Ljdk/internal/misc/Unsafe; jdk/internal/misc/Unsafe
ciInstanceKlass java/lang/invoke/ConstantCallSite 1 1 65 10 7 12 1 1 1 9 7 12 1 1 1 9 12 1 1 10 7 12 1 1 1 10 12 1 100 1 10 12 9 12 1 1 100 1 10 10 12 1 1 10 12 1 1 1 1 1 1 1 1 1 1 1 1 1 100 1 1 1 1 1 1 1 1
staticfield java/lang/invoke/ConstantCallSite UNSAFE Ljdk/internal/misc/Unsafe; jdk/internal/misc/Unsafe
ciInstanceKlass java/lang/invoke/MutableCallSite 0 0 63 10 100 12 1 1 1 10 12 1 9 100 12 1 1 1 10 12 1 10 12 1 1 9 12 1 1 10 100 12 1 1 1 10 100 12 1 1 1 10 12 1 1 1 1 1 1 1 1 1 1 1 1 1 1 1 1 1 1 100 1 1 1
instanceKlass java/lang/invoke/VarHandleInts$FieldStaticReadOnly
instanceKlass java/lang/invoke/VarHandleLongs$FieldInstanceReadOnly
instanceKlass java/lang/invoke/VarHandleInts$FieldInstanceReadOnly
instanceKlass java/lang/invoke/VarHandleReferences$Array
instanceKlass java/lang/invoke/VarHandleReferences$FieldInstanceReadOnly
ciInstanceKlass java/lang/invoke/VarHandle 1 1 390 10 7 12 1 1 1 10 7 12 1 1 9 12 1 1 9 12 1 1 100 1 10 8 1 10 12 1 1 10 7 12 1 1 1 10 12 1 1 10 100 12 1 1 1 9 100 12 1 1 1 10 12 1 1 10 100 12 1 1 1 10 12 1 1 9 12 1 10 12 1 9 12 1 1 10 100 12 1 1 10 12 1 9 100 12 1 1 1 9 12 1 1 10 12 1 1 100 1 100 1 10 8 1 10 12 1 1 10 12 1 8 1 10 12 1 10 12 1 10 12 1 1 9 100 12 1 1 1 10 12 1 10 12 1 1 10 12 1 10 10 100 12 1 1 1 10 12 1 1 10 12 1 1 10 100 12 1 1 1 10 100 12 1 1 1 10 100 12 1 1 1 9 12 1 1 10 9 12 1 1 10 12 1 10 12 1 10 12 1 1 10 12 1 10 100 12 1 1 1 9 12 1 1 10 12 1 1 9 12 1 10 12 1 10 12 1 10 100 12 1 1 100 1 10 9 7 12 1 1 1 9 12 1 1 10 7 12 1 1 1 10 12 1 10 12 1 10 12 1 10 12 1 10 12 1 10 12 1 1 7 1 10 10 7 12 1 1 1 9 12 1 1 8 10 12 1 1 7 1 10 12 1 1 100 1 1 1 1 1 1 1 1 1 1 1 1 1 1 1 1 1 1 1 1 1 1 1 1 1 1 1 1 1 1 1 1 1 1 1 1 1 1 1 1 1 1 1 1 1 1 1 1 1 1 1 1 1 1 1 1 1 1 1 1 1 1 1 1 1 1 1 1 1 1 1 1 1 1 1 1 1 1 1 1 1 1 1 1 1 1 1 1 1 100 1 100 1 100 1 1 1 1 1 1 1 100 1 1 1
staticfield java/lang/invoke/VarHandle AIOOBE_SUPPLIER Ljava/util/function/BiFunction; jdk/internal/util/Preconditions$1
staticfield java/lang/invoke/VarHandle VFORM_OFFSET J 16
staticfield java/lang/invoke/VarHandle $assertionsDisabled Z 1
ciInstanceKlass java/lang/invoke/MemberName 1 1 757 7 1 7 1 100 1 9 12 1 1 10 7 12 1 1 1 9 12 1 1 10 12 1 1 10 12 1 1 10 12 1 1 10 12 1 10 12 1 1 10 7 12 1 1 1 10 12 1 9 100 12 1 1 10 12 1 100 1 100 1 10 12 1 8 1 10 12 1 1 10 12 1 10 12 1 1 10 12 1 9 12 1 1 8 1 10 100 12 1 1 1 7 1 10 10 12 1 1 100 1 100 1 10 12 1 1 9 12 1 1 100 1 8 1 10 12 1 10 12 1 10 12 1 10 12 1 10 12 1 1 10 12 1 10 12 1 10 12 1 1 10 12 1 1 10 12 1 8 1 8 1 8 1 10 100 12 1 1 1 10 12 1 9 12 1 1 3 10 12 1 10 12 1 10 12 1 10 10 7 12 1 1 1 10 12 1 10 12 1 10 12 1 10 12 1 7 1 8 10 12 1 1 10 12 1 1 8 1 9 100 1 8 9 100 1 10 12 1 1 10 12 1 10 12 1 8 1 10 12 1 1 10 12 1 10 12 1 10 12 1 10 12 1 1 100 1 10 12 1 1 10 12 1 8 1 10 12 1 10 12 1 8 1 10 12 1 1 10 12 1 1 100 1 10 12 1 1 10 12 8 1 8 1 100 1 10 12 1 10 100 12 1 1 1 100 1 10 12 10 12 1 10 12 1 10 12 1 10 12 1 10 10 12 1 10 12 1 10 12 1 3 10 12 1 3 10 12 1 3 3 3 3 3 3 3 100 1 10 12 1 10 7 12 1 1 1 10 12 1 3 9 12 1 10 12 1 1 3 10 12 1 10 10 7 12 1 1 1 10 12 1 1 10 100 1 10 10 12 1 10 12 1 10 12 1 10 10 12 1 1 10 12 1 10 12 1 10 12 1 100 1 10 10 10 12 100 1 10 10 10 12 1 1 10 12 1 1 10 10 12 1 8 10 100 1 10 12 1 10 100 1 10 12 1 10 12 1 10 12 1 10 10 12 1 10 12 1 1 10 12 1 1 10 12 1 10 12 1 10 12 1 100 1 10 12 1 1 100 1 8 1 10 7 1 10 12 1 10 12 10 12 1 1 10 12 1 10 12 1 8 1 8 1 8 1 8 1 10 12 1 10 12 1 10 12 1 1 8 1 8 1 10 12 1 8 1 10 10 12 1 10 12 1 8 1 8 1 10 10 12 1 8 1 10 100 12 1 1 1 8 1 10 12 1 10 12 1 1 10 12 1 8 1 8 1 8 1 8 1 100 1 10 8 1 8 1 8 1 8 1 10 12 1 100 1 100 1 100 1 10 100 1 10 100 1 10 100 12 1 1 1 9 7 12 1 1 1 100 1 100 1 1 1 1 1 1 1 3 1 3 1 3 1 3 1 3 1 3 1 1 1 1 1 1 1 1 3 1 3 1 1 1 1 3 1 1 1 1 1 1 1 1 1 1 1 1 1 1 1 1 1 1 1 1 1 1 1 1 1 1 1 1 1 1 1 1 1 1 1 1 1 1 1 1 1 1 1 1 1 1 1 1 1 1 1 1 1 1 1 1 1 1 1 1 1 1 1 1 1 1 1 1 1 1 1 1 1 1 1 1 1 1 1 1 1 1 1 1 1 1 1 1 1 1 1 1 1 1 1 1 1 1 1 1 1 1 1 1 1 1 100 1 1 1 1 1 1 1 1 1 1 1 1 1 1 1
staticfield java/lang/invoke/MemberName $assertionsDisabled Z 1
ciInstanceKlass java/lang/invoke/ResolvedMethodName 1 1 16 10 100 12 1 1 1 100 1 1 1 1 1 1 1 1
ciInstanceKlass java/lang/StackWalker 0 0 235 9 100 12 1 1 1 10 100 12 1 1 1 100 1 10 100 12 1 1 1 10 12 1 1 11 100 12 1 1 1 10 12 1 1 10 12 1 1 10 12 1 1 100 1 8 1 10 12 1 10 12 1 10 12 1 10 100 12 1 1 9 12 1 1 9 12 1 1 9 12 1 1 9 12 1 1 10 12 1 1 9 12 1 1 10 100 12 1 1 1 11 12 1 1 100 1 8 1 10 10 100 12 1 1 9 12 1 1 10 12 1 1 10 100 12 1 1 1 10 100 12 1 1 1 18 12 1 1 100 1 8 1 10 10 12 1 1 10 100 12 1 1 1 9 100 12 1 1 11 100 12 1 1 1 10 12 1 1 1 1 1 1 1 1 1 1 1 1 1 1 1 1 1 1 1 1 1 1 1 1 1 1 1 1 1 1 1 1 1 1 1 1 1 1 1 1 1 1 1 1 1 1 1 1 1 1 1 100 1 1 15 10 100 12 1 1 1 16 15 10 12 16 1 1 1 1 1 1 1 100 1 100 1 1
ciInstanceKlass java/lang/StackStreamFactory$AbstractStackWalker 1 0 306 100 1 100 1 3 10 100 12 1 1 1 10 100 12 1 1 10 100 12 1 1 1 9 12 1 1 10 12 1 1 9 12 1 1 9 12 1 1 9 12 1 1 9 12 1 9 100 12 1 1 1 10 100 12 1 1 1 10 12 1 1 9 12 1 1 10 100 12 1 1 1 10 12 1 1 9 12 1 1 9 100 12 1 1 1 100 1 10 8 1 10 12 1 1 10 12 1 8 1 10 12 1 1 10 100 12 1 1 1 100 1 8 1 10 12 1 8 1 10 12 9 100 12 1 1 1 10 100 12 1 1 9 12 1 8 1 5 0 8 1 8 1 9 12 1 1 10 12 1 1 10 12 1 1 10 12 1 9 12 1 10 12 1 10 12 1 10 12 1 10 12 1 1 10 12 1 10 12 1 1 8 1 10 12 1 10 12 1 10 12 1 10 12 1 1 8 1 10 12 1 1 10 12 1 1 10 12 1 1 10 12 1 10 12 1 10 100 12 1 1 1 9 12 1 8 1 10 12 1 10 12 1 10 12 1 10 12 1 10 12 1 10 12 1 10 12 1 1 10 12 1 1 10 12 1 1 10 12 1 8 1 1 1 1 1 1 1 1 1 1 1 1 1 1 1 1 1 1 100 1 1 1 1 100 1 1 1 1 1 1 1 1 1 1 1 1 1 1 1 1 1 1 1 1 1
ciInstanceKlass jdk/internal/module/Modules 1 1 504 10 100 12 1 1 1 9 7 12 1 1 1 11 7 12 1 1 1 11 12 1 1 11 12 1 1 11 12 1 1 11 12 1 11 12 1 11 12 1 11 12 1 11 12 1 1 10 100 12 1 1 1 10 100 12 1 1 1 18 12 1 1 10 100 12 1 1 1 100 1 10 100 12 1 1 1 10 100 12 1 1 1 10 100 12 1 1 10 12 1 1 11 12 1 9 12 1 1 11 100 12 1 1 1 10 12 1 1 10 10 12 1 10 9 12 1 1 10 100 12 1 1 10 12 1 1 10 100 12 1 1 100 1 11 100 12 1 1 1 10 100 12 1 1 1 11 100 12 1 1 10 12 1 1 10 100 12 1 1 10 100 12 1 1 1 10 12 1 1 10 12 1 1 11 12 1 1 18 12 1 1 11 100 12 1 1 10 100 12 1 1 1 11 100 12 1 1 1 100 1 11 12 1 1 11 100 12 1 1 1 11 12 1 1 10 12 1 1 10 100 12 1 1 18 12 1 1 11 12 1 1 18 12 1 1 11 12 1 1 10 12 1 18 18 10 12 1 1 9 12 1 1 11 100 12 1 1 1 100 1 10 11 12 1 11 12 1 1 11 12 1 1 10 100 1 10 12 1 1 10 100 12 1 1 10 12 1 1 11 12 10 12 1 1 100 1 10 18 12 1 10 12 1 1 100 1 8 1 10 12 1 10 100 12 1 1 18 12 1 11 11 12 10 12 1 10 10 100 1 18 12 1 10 10 10 7 12 1 1 10 7 12 1 1 1 10 12 1 1 1 1 1 1 1 1 1 1 1 1 1 1 1 1 1 1 1 1 1 1 1 1 1 1 1 1 1 1 1 1 1 100 1 1 1 1 1 1 1 1 1 1 1 1 1 1 1 1 1 1 1 1 1 1 1 1 1 1 1 1 1 1 1 1 1 1 1 100 1 1 1 1 1 1 1 1 1 1 1 1 1 1 1 1 1 1 1 1 1 1 1 15 10 100 12 1 1 1 16 15 10 12 1 16 16 15 10 12 1 16 1 16 1 15 10 12 1 16 1 16 1 15 10 12 16 1 15 10 16 1 15 10 12 16 1 15 10 12 16 15 10 12 16 15 10 12 1 1 1 100 1 100 1 1
staticfield jdk/internal/module/Modules JLA Ljdk/internal/access/JavaLangAccess; java/lang/System$2
staticfield jdk/internal/module/Modules JLMA Ljdk/internal/access/JavaLangModuleAccess; java/lang/module/ModuleDescriptor$1
staticfield jdk/internal/module/Modules $assertionsDisabled Z 1
instanceKlass java/util/LinkedHashSet
ciInstanceKlass java/util/HashSet 1 1 285 10 7 12 1 1 1 7 1 10 9 7 12 1 1 1 11 7 12 1 1 1 4 10 7 12 1 1 1 10 12 1 10 12 1 1 10 12 1 7 1 10 10 12 1 1 11 7 12 1 1 1 10 10 12 1 1 10 12 1 1 9 12 1 1 10 12 1 1 10 12 1 1 10 12 1 10 7 12 1 1 1 10 100 1 100 1 10 12 1 10 100 12 1 1 10 12 1 10 12 1 10 12 1 1 10 12 1 1 11 100 12 1 1 11 12 1 10 12 1 1 10 100 12 1 1 1 10 12 1 100 1 100 1 10 8 1 10 12 1 1 10 12 1 10 12 1 1 10 12 1 10 12 1 10 100 12 1 1 1 8 1 10 12 1 4 10 12 1 4 10 12 1 8 1 4 10 100 12 1 1 1 100 1 10 12 1 1 11 100 12 1 1 1 100 1 10 12 1 7 1 10 12 1 10 12 1 1 10 12 1 10 100 1 100 1 1 1 1 5 0 1 1 1 1 1 1 1 1 1 1 1 1 1 1 1 1 1 1 1 1 1 1 1 1 1 1 1 1 1 1 1 1 1 1 100 1 1 1 1 100 1 1 1 1 1 1 1 1 1 1 1 1 1 1 1 100 1 1 100 1 100 1 1 1
staticfield java/util/HashSet PRESENT Ljava/lang/Object; java/lang/Object
instanceKlass org/eclipse/aether/graph/Dependency$Exclusions
instanceKlass java/util/Collections$SingletonSet
instanceKlass java/lang/ProcessEnvironment$CheckedKeySet
instanceKlass org/eclipse/sisu/wire/EntrySetAdapter
instanceKlass java/util/TreeMap$EntrySet
instanceKlass org/eclipse/sisu/wire/EntryMapAdapter$EntrySet
instanceKlass com/google/common/collect/Sets$ImprovedAbstractSet
instanceKlass java/util/LinkedHashMap$LinkedEntrySet
instanceKlass com/google/common/collect/Sets$SetView
instanceKlass java/util/EnumSet
instanceKlass java/util/LinkedHashMap$LinkedKeySet
instanceKlass java/lang/ProcessEnvironment$CheckedEntrySet
instanceKlass java/util/TreeMap$KeySet
instanceKlass java/util/TreeSet
instanceKlass java/util/IdentityHashMap$KeySet
instanceKlass java/util/HashMap$KeySet
instanceKlass java/util/AbstractMap$1
instanceKlass java/util/WeakHashMap$KeySet
instanceKlass java/util/Collections$SetFromMap
instanceKlass java/util/HashSet
instanceKlass java/util/Collections$EmptySet
instanceKlass java/util/HashMap$EntrySet
instanceKlass java/util/ImmutableCollections$MapN$1
ciInstanceKlass java/util/AbstractSet 1 1 96 10 7 12 1 1 1 7 1 7 1 11 12 1 1 10 7 1 10 12 1 1 100 1 100 1 10 12 1 1 11 7 12 1 1 1 11 12 1 1 10 7 12 1 1 10 7 12 1 1 1 11 10 12 1 1 11 12 1 11 12 1 1 1 1 1 1 1 1 1 1 1 1 1 1 1 1 100 1 1 1 1 1 1 1 1 1 1 1 1 1 1 1 1 1 1
ciMethod java/util/HashSet add (Ljava/lang/Object;)Z 536 0 7037 0 192
ciMethod java/util/HashSet contains (Ljava/lang/Object;)Z 14 0 7874 0 1312
instanceKlass java/util/LinkedHashMap$Entry
ciInstanceKlass java/util/HashMap$Node 1 1 95 10 7 12 1 1 1 9 7 12 1 1 1 9 12 1 1 9 12 1 9 12 1 1 100 1 10 10 12 1 1 8 1 10 12 1 10 12 1 1 10 7 12 1 1 1 100 1 11 12 1 1 10 12 1 1 11 12 1 1 1 1 1 1 1 1 1 1 1 1 1 1 1 1 1 1 1 1 1 1 1 1 1 1 1 1 1 1 100 1 1 1 100 1 1
instanceKlass java/util/HashMap$TreeNode
ciInstanceKlass java/util/LinkedHashMap$Entry 1 1 41 10 7 12 1 1 1 100 1 1 1 1 1 1 1 1 1 1 1 1 1 1 1 1 1 1 1 1 1 1 1 1 1 1 100 1 1 100 1 1 1
ciInstanceKlass java/util/HashMap$TreeNode 0 0 250 100 1 10 100 12 1 1 1 9 100 12 1 1 1 9 12 1 1 9 12 1 9 12 1 1 9 12 1 1 10 12 1 1 100 1 10 12 1 9 12 1 9 12 1 9 12 1 1 10 100 12 1 1 1 10 12 1 1 10 12 1 1 10 12 1 1 10 12 1 1 10 12 1 1 10 100 12 1 1 1 10 100 12 1 1 1 10 100 12 1 1 1 9 12 1 10 12 1 1 10 12 1 1 10 12 1 1 10 12 1 1 9 100 1 10 12 1 1 10 12 1 1 10 12 1 10 12 1 1 10 12 1 10 12 1 10 12 1 1 1 1 1 1 1 1 1 1 1 1 1 1 1 1 1 1 1 1 1 1 1 1 1 1 100 1 1 1 1 1 1 1 1 1 1 1 1 1 1 1 1 1 1 1 1 1 1 1 1 1 1 1 1 1 1 1 1 1 1 1 1 1 1 1 1 1 1 1 1 1 1 1 1 1 1 1 1 1 1 1 1 1 1 1 1 1 1 1 1 1 1 1 1 1 1 1 1 1 1 1 1 1 1 1 1 100 1 1 1 1
ciMethod java/util/LinkedHashMap$Entry <init> (ILjava/lang/Object;Ljava/lang/Object;Ljava/util/HashMap$Node;)V 530 0 5485 0 736
ciMethod java/util/HashMap$Node <init> (ILjava/lang/Object;Ljava/lang/Object;Ljava/util/HashMap$Node;)V 760 0 12201 0 0
instanceKlass java/util/ArrayList$ListItr
ciInstanceKlass java/util/ArrayList$Itr 1 1 103 9 7 12 1 1 1 10 7 12 1 1 1 9 12 1 1 9 7 12 1 1 9 12 1 9 12 1 9 12 1 10 12 1 100 1 10 9 12 1 1 100 1 10 100 1 10 10 12 1 1 100 1 10 100 12 1 1 1 10 12 1 1 11 100 12 1 1 1 100 1 1 1 1 1 1 1 1 1 1 1 1 1 1 1 100 1 1 1 1 1 1 1 1 1 1 1 1 1 1 1 1 1
ciMethod java/util/ArrayList$Itr hasNext ()Z 514 0 6404 0 96
ciMethod java/util/ArrayList$Itr next ()Ljava/lang/Object; 512 0 9600 0 256
ciMethod java/util/ArrayList$Itr <init> (Ljava/util/ArrayList;)V 512 0 9008 0 0
ciMethod java/util/ArrayList$Itr checkForComodification ()V 514 0 14065 0 0
ciInstanceKlass java/util/zip/ZipFile$Source$Key 1 1 84 10 7 12 1 1 1 9 7 12 1 1 1 9 12 1 1 10 7 12 1 1 1 9 12 1 1 100 1 5 0 11 7 12 1 1 1 10 7 12 1 1 1 10 7 12 1 1 1 10 12 1 1 11 12 1 1 10 10 1 1 1 1 1 1 1 1 1 1 1 1 1 1 1 1 1 1 100 1 1 100 1 1 1
ciMethod java/util/Set add (Ljava/lang/Object;)Z 0 0 1 0 -1
ciMethod java/util/HashMap$TreeNode getTreeNode (ILjava/lang/Object;)Ljava/util/HashMap$TreeNode; 0 0 1 0 -1
ciMethod java/util/HashMap$TreeNode putTreeVal (Ljava/util/HashMap;[Ljava/util/HashMap$Node;ILjava/lang/Object;Ljava/lang/Object;)Ljava/util/HashMap$TreeNode; 0 0 1 0 -1
ciMethod java/util/HashMap$TreeNode split (Ljava/util/HashMap;[Ljava/util/HashMap$Node;II)V 0 0 1 0 -1
ciMethod java/util/HashMap removeNode (ILjava/lang/Object;Ljava/lang/Object;ZZ)Ljava/util/HashMap$Node; 770 12 1864 0 -1
ciMethod java/util/HashMap getNode (Ljava/lang/Object;)Ljava/util/HashMap$Node; 524 6 17700 0 672
ciMethod java/util/HashMap resize ()[Ljava/util/HashMap$Node; 20 268 4228 0 -1
ciMethod java/util/HashMap treeifyBin ([Ljava/util/HashMap$Node;I)V 0 0 1 0 -1
ciMethod java/util/HashMap putVal (ILjava/lang/Object;Ljava/lang/Object;ZZ)Ljava/lang/Object; 516 16 14953 0 1984
ciMethod java/util/HashMap hash (Ljava/lang/Object;)I 962 0 47920 0 192
ciMethod java/util/LinkedHashMap newNode (ILjava/lang/Object;Ljava/lang/Object;Ljava/util/HashMap$Node;)Ljava/util/HashMap$Node; 522 0 5485 0 1088
ciMethod java/util/LinkedHashMap afterNodeAccess (Ljava/util/HashMap$Node;)V 0 0 416 0 0
ciMethod java/util/LinkedHashMap afterNodeInsertion (Z)V 542 0 6619 0 96
ciMethod java/util/LinkedHashMap linkNodeLast (Ljava/util/LinkedHashMap$Entry;)V 530 0 5485 0 0
ciMethod java/util/LinkedHashMap removeEldestEntry (Ljava/util/Map$Entry;)Z 274 0 5249 0 -1
ciMethod java/util/List isEmpty ()Z 0 0 1 0 -1
ciMethod java/util/List iterator ()Ljava/util/Iterator; 0 0 1 0 -1
ciMethod java/util/Collection contains (Ljava/lang/Object;)Z 0 0 1 0 -1
ciMethod java/util/Arrays copyOfRange ([BII)[B 516 0 5486 0 736
ciMethod java/util/Arrays copyOf ([BI)[B 124 0 5186 0 704
ciMethod java/lang/Math max (II)I 540 0 83121 0 -1
ciMethod java/lang/Math min (II)I 514 0 60874 0 -1
ciMethod java/util/Set contains (Ljava/lang/Object;)Z 0 0 1 0 -1
ciMethod java/util/Map put (Ljava/lang/Object;Ljava/lang/Object;)Ljava/lang/Object; 0 0 1 0 -1
ciMethod java/util/Map get (Ljava/lang/Object;)Ljava/lang/Object; 0 0 1 0 -1
ciMethod java/lang/StringBuilder <init> (I)V 512 0 8876 0 0
ciMethod java/lang/StringBuilder <init> ()V 206 0 35221 0 -1
ciMethod java/lang/StringBuilder toString ()Ljava/lang/String; 216 0 32377 0 1088
ciMethod java/lang/StringBuilder append (Ljava/lang/CharSequence;II)Ljava/lang/StringBuilder; 512 0 11220 0 0
ciMethod java/lang/StringBuilder append (Ljava/lang/String;)Ljava/lang/StringBuilder; 482 0 103529 0 1600
ciMethod java/lang/StringBuilder replace (IILjava/lang/String;)Ljava/lang/StringBuilder; 2 0 1 0 -1
ciMethod java/lang/String charAt (I)C 922 0 583281 0 -1
ciMethod java/lang/String length ()I 858 0 360432 0 96
ciMethod java/lang/String <init> ([BB)V 518 0 20451 0 288
ciMethod java/lang/String value ()[B 262 0 131 0 0
ciMethod java/lang/String equals (Ljava/lang/Object;)Z 1024 0 8308 0 416
ciMethod java/lang/String toString ()Ljava/lang/String; 512 0 19874 0 64
ciMethod java/lang/String hashCode ()I 1024 0 5675 0 448
ciMethod java/lang/String indexOf (Ljava/lang/String;)I 512 0 9186 0 0
ciMethod java/lang/String indexOf ([BBILjava/lang/String;I)I 512 0 7554 0 800
ciMethod java/lang/String indexOf (Ljava/lang/String;I)I 512 0 7645 0 832
ciMethod java/lang/String valueOf (Ljava/lang/Object;)Ljava/lang/String; 126 0 8315 0 0
ciMethod java/lang/String coder ()B 1024 0 467708 0 64
ciMethod java/lang/String isLatin1 ()Z 1024 0 741616 0 96
ciMethod java/lang/String checkBoundsBeginEnd (III)V 514 0 5507 0 160
ciMethod java/lang/String startsWith (Ljava/lang/String;I)Z 532 1308 9614 0 704
ciMethod java/lang/String startsWith (Ljava/lang/String;)Z 514 0 43965 0 576
ciMethod java/lang/String lastIndexOf (II)I 514 0 23477 0 -1
ciMethod java/lang/String substring (II)Ljava/lang/String; 514 0 12972 0 1280
ciMethod java/lang/String substring (I)Ljava/lang/String; 172 0 4125 0 0
ciMethod java/lang/String contains (Ljava/lang/CharSequence;)Z 552 0 6087 0 0
ciMethod java/util/ArrayList iterator ()Ljava/util/Iterator; 514 0 6719 0 192
ciMethod java/util/ArrayList isEmpty ()Z 514 0 5394 0 96
ciMethod java/util/Iterator hasNext ()Z 0 0 1 0 -1
ciMethod java/util/Iterator next ()Ljava/lang/Object; 0 0 1 0 -1
ciMethod java/lang/Object <init> ()V 1024 0 491142 0 128
instanceKlass org/codehaus/plexus/classworlds/realm/FilteredClassRealm
ciInstanceKlass org/codehaus/plexus/classworlds/realm/ClassRealm 1 1 432 7 1 10 7 12 1 1 1 9 7 12 1 1 1 9 12 1 1 7 1 10 12 1 9 12 1 1 10 7 12 1 1 1 9 12 1 1 9 12 1 1 7 1 10 9 12 1 1 10 7 12 1 1 1 10 7 12 1 1 1 10 12 1 1 9 12 1 7 1 10 12 1 11 7 12 1 1 1 11 12 1 1 11 12 1 1 11 7 12 1 1 11 12 1 1 10 12 1 1 10 12 1 1 10 100 12 1 1 1 10 12 1 10 12 1 1 7 1 10 11 7 1 9 12 1 1 100 1 10 12 1 1 10 12 1 1 10 12 1 8 1 10 7 12 1 1 8 1 10 12 1 10 12 1 1 10 12 1 1 10 12 1 100 1 10 12 1 10 12 1 1 10 12 1 1 10 12 1 10 7 1 11 7 12 1 1 10 12 1 11 12 1 10 12 1 10 10 10 12 1 1 11 10 12 1 7 1 10 12 1 1 10 7 12 1 1 1 10 12 1 11 11 12 1 1 10 12 1 1 10 12 1 9 100 12 1 1 1 10 12 1 1 8 1 10 100 12 1 1 7 1 10 8 1 10 12 1 1 10 12 1 10 12 1 8 1 10 12 1 11 10 12 1 1 10 12 10 12 1 10 12 1 1 8 1 10 12 1 8 1 10 12 1 8 1 11 12 1 8 1 8 1 8 1 8 1 10 12 1 8 1 10 12 1 1 10 10 12 1 10 12 1 10 10 11 7 12 1 1 1 10 12 1 10 10 10 7 1 10 7 1 10 12 1 1 10 12 1 1 1 1 1 1 1 1 1 1 1 1 1 1 1 1 1 1 1 1 7 1 1 1 1 1 1 1 1 1 1 1 1 1 1 7 1 1 1 1 1 1 1 1 100 1 1 1 1 1 1 1 1 1 1 1 1 1 1 1 1 1 100 1 1 1 1 1 1 1 1 1 1 1 1 1 1 1 1 1 1 1 1 1
staticfield org/codehaus/plexus/classworlds/realm/ClassRealm isParallelCapable Z 1
ciInstanceKlass org/codehaus/plexus/interpolation/ValueSource 1 1 25 11 7 12 1 1 1 100 1 1 1 1 1 1 1 1 1 1 1 1 1 1 1 1 1
ciInstanceKlass org/codehaus/plexus/interpolation/StringSearchInterpolator 1 1 272 10 7 12 1 1 1 7 1 10 9 7 12 1 1 1 7 1 10 9 12 1 1 9 12 1 9 12 1 1 8 1 9 12 1 1 8 1 9 12 1 11 7 12 1 1 1 11 12 1 7 1 10 10 12 1 1 7 1 10 10 12 1 11 7 12 1 1 8 1 10 7 12 1 1 1 7 1 10 12 1 1 10 12 1 10 12 1 1 10 12 1 1 9 12 1 10 12 1 10 12 1 10 12 1 1 11 7 12 1 1 8 1 10 12 1 1 10 12 1 11 7 12 1 1 100 1 10 12 1 11 12 1 1 10 12 1 1 11 12 1 1 11 7 12 1 1 1 11 12 1 1 7 1 11 12 1 1 10 12 1 1 10 12 1 10 12 1 1 11 12 1 7 1 11 12 1 1 11 12 1 1 11 11 12 1 10 11 12 1 1 11 12 1 1 11 12 1 11 12 1 1 100 1 1 1 1 1 1 1 1 1 1 1 1 1 1 1 1 1 1 1 1 1 1 1 1 1 1 1 1 100 1 1 1 1 1 1 100 1 1 1 1 1 1 1 1 1 1 1 1 1 1 1 1 1 1 1 1 1 1 1 1 1 1 1 1 1 1 1 1 1
ciInstanceKlass org/codehaus/plexus/interpolation/InterpolationCycleException 0 0 53 100 1 10 12 1 1 8 1 10 12 1 1 8 1 11 100 12 1 1 1 10 12 1 10 12 1 1 10 100 12 1 1 100 1 1 1 1 5 0 1 1 1 1 1 1 1 1 1 1 1 1 1
ciInstanceKlass org/codehaus/plexus/interpolation/RecursionInterceptor 1 0 16 100 1 100 1 1 1 1 1 1 1 1 1 1 1 1
instanceKlass java/util/Stack
ciInstanceKlass java/util/Vector 1 1 493 10 7 12 1 1 1 100 1 100 1 10 8 1 10 12 1 1 10 12 1 10 12 1 1 10 12 1 7 1 9 7 12 1 1 1 9 12 1 1 10 12 1 10 12 1 11 100 12 1 1 1 9 12 1 10 12 1 1 100 1 100 10 100 12 1 1 1 10 100 12 1 1 1 9 12 1 10 12 1 10 12 1 1 10 100 12 1 1 1 100 1 10 12 1 10 12 1 1 10 12 1 1 10 12 1 100 1 8 1 10 100 1 10 10 12 1 100 1 10 10 8 1 10 12 10 12 1 1 10 12 1 10 12 1 10 12 1 1 100 1 100 1 10 12 1 10 12 1 10 12 1 1 10 12 1 10 12 1 1 10 100 12 1 1 1 18 12 1 1 10 12 1 1 18 10 12 1 1 11 100 12 1 10 12 1 1 10 12 1 1 100 1 10 10 12 1 1 10 10 12 1 1 10 10 12 1 1 10 100 12 1 1 1 10 12 1 1 10 100 12 1 1 1 8 10 100 12 1 1 1 8 10 12 1 10 12 1 1 100 1 8 1 10 100 1 8 1 10 10 10 100 12 1 1 1 8 10 100 12 1 1 1 10 12 1 10 12 1 8 1 100 1 10 12 1 100 1 10 11 100 12 1 1 1 11 100 12 1 1 10 12 1 1 100 1 10 12 1 11 12 1 100 1 100 1 100 1 100 1 1 1 1 5 0 1 1 1 1 1 1 1 1 1 1 1 1 1 1 1 1 1 1 1 1 1 1 1 1 1 1 1 1 1 1 1 1 1 1 1 1 1 1 1 1 1 1 1 1 1 1 1 1 1 1 1 1 1 1 1 1 1 1 1 1 1 1 1 1 1 1 1 1 1 1 1 1 1 1 100 1 1 1 1 1 1 1 1 1 1 1 1 1 1 1 1 1 100 1 1 1 1 1 1 1 1 1 1 1 1 1 1 1 1 1 100 1 1 1 1 1 1 1 1 1 1 1 1 1 1 1 1 1 1 1 1 1 1 1 1 1 1 1 1 1 1 1 1 1 1 1 1 1 1 1 1 1 1 15 10 100 12 1 1 1 16 15 10 12 15 10 12 1 1 1 1 1 1 100 1 100 1 1
instanceKlass org/objectweb/asm/MethodTooLargeException
instanceKlass org/objectweb/asm/ClassTooLargeException
instanceKlass java/lang/ArrayIndexOutOfBoundsException
instanceKlass java/lang/StringIndexOutOfBoundsException
ciInstanceKlass java/lang/IndexOutOfBoundsException 0 0 49 10 100 12 1 1 1 10 12 1 100 1 10 8 1 10 12 1 1 10 12 1 10 12 1 1 10 12 1 100 1 1 1 1 5 0 1 1 1 1 1 1 1 1 1 1 1 1 1
ciInstanceKlass java/lang/StringIndexOutOfBoundsException 0 0 45 10 100 12 1 1 1 10 12 1 100 1 10 8 1 10 12 1 1 10 12 1 10 12 1 1 100 1 1 1 1 5 0 1 1 1 1 1 1 1 1 1 1 1 1
ciInstanceKlass java/util/Stack 1 1 69 10 7 12 1 1 1 10 7 12 1 1 1 10 12 1 1 10 12 1 1 10 12 1 1 100 1 10 10 12 1 1 10 12 1 1 1 1 1 5 0 1 1 1 1 1 1 1 1 1 1 1 1 1 1 1 1 1 1 1 1 1 1 1 1 1 1 1 1
ciInstanceKlass java/util/NoSuchElementException 0 0 34 10 100 12 1 1 1 10 12 1 10 12 1 10 12 1 100 1 1 1 1 5 0 1 1 1 1 1 1 1 1 1 1 1
ciInstanceKlass java/util/ConcurrentModificationException 0 0 34 10 100 12 1 1 1 10 12 1 10 12 1 10 12 1 100 1 1 1 1 5 0 1 1 1 1 1 1 1 1 1 1 1
ciInstanceKlass org/apache/maven/model/path/PathTranslator 1 0 9 100 1 100 1 1 1 1 1
ciInstanceKlass org/apache/maven/model/path/UrlNormalizer 1 0 9 100 1 100 1 1 1 1 1
ciInstanceKlass org/apache/maven/model/path/DefaultUrlNormalizer 1 1 64 10 7 12 1 1 1 8 1 10 7 12 1 1 1 10 12 1 1 10 12 1 1 10 12 1 1 7 1 10 10 12 1 10 12 1 1 10 12 1 1 100 1 100 1 1 1 1 1 1 1 1 1 1 1 1 1 1 1 1 1 1 1 1
ciInstanceKlass org/codehaus/plexus/interpolation/InterpolationPostProcessor 1 0 9 100 1 100 1 1 1 1 1
ciInstanceKlass org/codehaus/plexus/interpolation/PrefixedValueSourceWrapper 1 1 90 10 7 12 1 1 1 9 7 12 1 1 1 7 1 9 12 1 1 9 12 1 1 11 7 12 1 1 1 11 12 1 1 7 10 7 12 1 1 1 9 12 1 1 11 7 12 1 1 1 100 1 11 12 1 1 9 100 12 1 1 1 100 1 11 12 1 1 11 12 1 1 1 1 1 1 1 1 1 1 1 1 1 1 1 1 1 1 1 1
ciInstanceKlass org/apache/maven/model/interpolation/BuildTimestampValueSource 1 1 48 10 7 12 1 1 1 7 1 10 12 1 9 7 12 1 1 1 8 1 10 7 12 1 1 1 8 1 10 12 1 1 1 1 1 1 1 1 1 1 1 1 1 1 1 1 1 1
ciInstanceKlass org/apache/maven/model/interpolation/PathTranslatingPostProcessor 1 1 71 10 7 12 1 1 1 9 7 12 1 1 1 9 12 1 1 9 12 1 1 9 12 1 1 10 7 12 1 1 1 11 7 12 1 1 1 10 7 12 1 1 1 11 7 12 1 1 1 100 1 1 1 1 1 1 1 1 1 1 1 1 1 1 1 1 1 1 1 1 1
ciInstanceKlass org/apache/maven/model/interpolation/UrlNormalizingPostProcessor 1 1 71 10 7 12 1 1 1 9 7 12 1 1 1 9 12 1 1 11 7 12 1 1 1 10 12 1 1 11 7 12 1 1 1 7 1 10 8 1 11 12 1 8 1 8 1 8 1 8 1 100 1 1 1 1 1 1 1 1 1 1 1 1 1 1 1 1 1 1 1 1 1
staticfield org/apache/maven/model/interpolation/UrlNormalizingPostProcessor URL_EXPRESSIONS Ljava/util/Set; java/util/HashSet
ciInstanceKlass org/codehaus/plexus/interpolation/PrefixAwareRecursionInterceptor 1 1 112 10 7 12 1 1 1 7 1 10 9 7 12 1 1 1 9 12 1 1 11 7 12 1 1 1 7 1 11 12 1 1 7 1 9 12 1 10 7 12 1 1 1 10 12 1 1 10 12 1 1 10 12 1 1 9 100 12 1 1 1 10 12 1 1 10 10 12 1 1 10 12 1 100 1 1 1 1 8 1 1 8 1 1 1 1 1 1 1 1 1 1 1 1 1 1 1 1 1 1 1 1 1 1 1 1 1 1 1 1 1 1
ciInstanceKlass org/codehaus/plexus/interpolation/util/ValueSourceUtils 1 1 66 10 100 12 1 1 1 11 7 12 1 1 1 11 7 12 1 1 1 11 12 1 1 7 1 10 12 1 1 10 12 1 1 10 12 1 1 8 1 100 1 1 1 1 1 1 1 1 1 1 1 1 1 1 1 1 1 1 1 1 1 1 1 100 1 1
ciMethodData java/lang/Object <init> ()V 2 491142 orig 80 1 0 0 0 0 0 0 0 0 0 0 0 252 127 0 0 0 0 0 0 0 0 0 0 0 0 0 0 0 0 0 0 0 0 0 0 0 0 0 0 0 0 0 0 0 0 0 0 0 0 0 0 0 0 0 0 0 0 0 0 0 0 0 0 0 0 0 0 0 0 0 0 0 0 0 0 0 0 0 0 data 4 0x0 0x9 0x1 0x0 oops 0 methods 0
ciMethodData java/lang/StringLatin1 hashCode ([B)I 2 29823 orig 80 0 0 0 0 0 0 0 0 0 0 0 0 252 127 0 0 0 0 0 0 0 0 0 0 0 0 0 0 0 0 0 0 0 0 0 0 0 0 0 0 0 0 0 0 0 0 0 0 0 0 0 0 0 0 0 0 0 0 0 0 0 0 0 0 0 0 0 0 0 0 0 0 0 0 0 0 0 0 0 0 data 14 0xd0007 0x3f9 0x38 0x647f 0x250003 0x647f 0xffffffffffffffe0 0x0 0x0 0x0 0x0 0x9 0x1 0x0 oops 0 methods 0
ciMethodData java/lang/String hashCode ()I 2 5675 orig 80 0 0 0 0 0 0 0 0 0 0 0 0 252 127 0 0 0 0 0 0 0 0 0 0 0 0 0 0 0 0 0 0 0 0 0 0 0 0 0 0 0 0 0 0 0 0 0 0 0 0 0 0 0 0 0 0 0 0 0 0 0 0 0 0 0 0 0 0 0 0 0 0 0 0 0 0 0 0 0 0 data 42 0x60007 0xe83 0x108 0x5a9 0xd0007 0x32 0xe8 0x577 0x110005 0x577 0x0 0x0 0x0 0x0 0x0 0x140007 0x0 0x48 0x577 0x1b0002 0x577 0x1e0003 0x577 0x28 0x250002 0x0 0x2a0007 0x576 0x38 0x1 0x320003 0x1 0x18 0x0 0x0 0x0 0x0 0x0 0x0 0x9 0x1 0x0 oops 0 methods 0
ciMethodData java/lang/String isLatin1 ()Z 2 741617 orig 80 0 0 0 0 0 0 0 0 0 0 0 0 252 127 0 0 0 0 0 0 0 0 0 0 0 0 0 0 0 0 0 0 0 0 0 0 0 0 0 0 0 0 0 0 0 0 0 0 0 0 0 0 0 0 0 0 0 0 0 0 0 0 0 0 0 0 0 0 0 0 0 0 0 0 0 0 0 0 0 0 data 18 0x30007 0x0 0x58 0xb4ef3 0xa0007 0xa0 0x38 0xb4e53 0xe0003 0xb4e53 0x18 0x0 0x0 0x0 0x0 0x9 0x1 0x0 oops 0 methods 0
ciMethodData java/lang/String equals (Ljava/lang/Object;)Z 2 8308 orig 80 0 0 0 0 0 0 0 0 0 0 0 0 252 127 0 0 0 0 0 0 0 0 0 0 0 0 0 0 0 0 0 0 0 0 0 0 0 0 0 0 0 0 0 0 0 0 0 0 0 0 0 0 0 0 0 0 0 0 0 0 0 0 0 0 0 0 0 0 0 0 0 0 0 0 0 0 0 0 0 0 data 49 0x20007 0x1a9c 0x20 0x3d9 0x80104 0x0 0x0 0x155a97efff0 0x1a80 0x0 0x0 0xb0007 0x1c 0xe0 0x1a80 0xf0004 0x0 0x0 0x155a97efff0 0x1a80 0x0 0x0 0x160007 0x0 0x40 0x1a80 0x210007 0x0 0x68 0x1a80 0x2c0002 0x1a80 0x2f0007 0x13f2 0x38 0x68e 0x330003 0x68e 0x18 0x0 0x0 0x0 0x0 0x0 0x0 0x9 0x2 0x0 0x0 oops 2 7 java/lang/String 18 java/lang/String methods 0
ciMethodData java/lang/String coder ()B 2 467708 orig 80 0 0 0 0 0 0 0 0 0 0 0 0 252 127 0 0 0 0 0 0 0 0 0 0 0 0 0 0 0 0 0 0 0 0 0 0 0 0 0 0 0 0 0 0 0 0 0 0 0 0 0 0 0 0 0 0 0 0 0 0 0 0 0 0 0 0 0 0 0 0 0 0 0 0 0 0 0 0 0 0 data 14 0x30007 0x0 0x38 0x720fd 0xa0003 0x720fd 0x18 0x0 0x0 0x0 0x0 0x9 0x1 0x0 oops 0 methods 0
ciMethodData java/lang/StringUTF16 length ([B)I 2 3196 orig 80 0 0 0 0 0 0 0 0 0 0 0 0 252 127 0 0 0 0 0 0 0 0 0 0 0 0 0 0 0 0 0 0 0 0 0 0 0 0 0 0 0 0 0 0 0 0 0 0 0 0 0 0 0 0 0 0 0 0 0 0 0 0 0 0 0 0 0 0 0 0 0 0 0 0 0 0 0 0 0 0 data 6 0x0 0x0 0x0 0x9 0x1 0x0 oops 0 methods 0
ciMethodData java/lang/String length ()I 2 360915 orig 80 0 0 0 0 0 0 0 0 0 0 0 0 252 127 0 0 0 0 0 0 0 0 0 0 0 0 0 0 0 0 0 0 0 0 0 0 0 0 0 0 0 0 0 0 0 0 0 0 0 0 0 0 0 0 0 0 0 0 0 0 0 0 0 0 0 0 0 0 0 0 0 0 0 0 0 0 0 0 0 0 data 16 0x60005 0x58026 0x0 0x0 0x0 0x0 0x0 0x0 0x0 0x0 0x0 0x0 0x0 0x9 0x1 0x0 oops 0 methods 0
ciMethodData java/util/HashMap putVal (ILjava/lang/Object;Ljava/lang/Object;ZZ)Ljava/lang/Object; 2 14953 orig 80 2 0 0 0 0 0 0 0 0 0 0 0 252 127 0 0 0 0 0 0 5 0 0 4 0 0 0 0 0 0 0 0 0 0 0 0 0 0 0 1 0 0 0 0 0 0 0 0 0 0 0 0 0 0 0 0 0 0 0 0 0 0 0 0 0 0 0 0 0 0 0 0 0 0 0 0 0 0 0 0 data 198 0x70007 0x90b 0x40 0x305c 0x100007 0x305c 0x58 0x0 0x140005 0x90b 0x0 0x0 0x0 0x0 0x0 0x2c0007 0xd56 0xa8 0x2c11 0x380005 0x33 0x0 0x155ef44bcb0 0x146c 0x155ef49f5a0 0x1772 0x3b0004 0x0 0x0 0x155ef4a0310 0x149f 0x155eff0afb0 0x1772 0x3c0003 0x2c11 0x410 0x450007 0xd15 0xd0 0x41 0x510007 0x14 0x98 0x2d 0x550007 0x0 0x90 0x2d 0x80000007005b0005 0x15 0x0 0x155a97f2dd0 0x11 0x155a97efff0 0xa 0x5e0007 0x14 0x38 0x1c 0x650003 0x30 0x2a8 0x6a0004 0xfffffffffffff2d7 0x0 0x155ef4a0310 0x2e0 0x155eff0afb0 0x2e 0x6d0007 0xd29 0xa8 0x0 0x720004 0x0 0x0 0x0 0x0 0x0 0x0 0x7b0005 0x0 0x0 0x0 0x0 0x0 0x0 0x800003 0x0 0x1c8 0x8e0007 0x371 0xc8 0xd25 0x980005 0x1f 0x0 0x155ef44bcb0 0x8cf 0x155ef49f5a0 0x437 0xa20007 0xd25 0x158 0x0 0xa90005 0x0 0x0 0x0 0x0 0x0 0x0 0xac0003 0x0 0x100 0x8000000600b50007 0x33c 0xd0 0x36 0xc10007 0x1 0xc8 0x35 0xc50007 0x0 0x90 0x35 0xffffffff00cb0005 0x31 0x0 0x155a97f2dd0 0x2 0x155a97efff0 0x5 0xce0007 0x31 0x38 0x7 0xd10003 0x7 0x30 0xdb0003 0x36d 0xfffffffffffffe68 0xe00007 0xd25 0x98 0x38 0xec0007 0x38 0x40 0x0 0xf10007 0x0 0x20 0x0 0x400fd0005 0x0 0x0 0x155ef49f5a0 0x20 0x155ef44bcb0 0x1b 0x11c0007 0x389c 0x58 0x9a 0x1200005 0x9a 0x0 0x0 0x0 0x0 0x0 0x1270005 0x52 0x0 0x155ef44bcb0 0x1d3b 0x155ef49f5a0 0x1ba9 0x0 0x0 0x0 0x0 0x0 0x0 0x0 0x0 0x0 0x9 0x6 0x0 0x0 0x0 0x0 0x0 0x0 oops 16 22 java/util/HashMap 24 java/util/LinkedHashMap 29 java/util/HashMap$Node 31 java/util/LinkedHashMap$Entry 51 java/net/URL 53 java/lang/String 65 java/util/HashMap$Node 67 java/util/LinkedHashMap$Entry 97 java/util/HashMap 99 java/util/LinkedHashMap 130 java/net/URL 132 java/lang/String 159 java/util/LinkedHashMap 161 java/util/HashMap 177 java/util/HashMap 179 java/util/LinkedHashMap methods 0
ciMethodData java/util/HashMap resize ()[Ljava/util/HashMap$Node; 2 17871 orig 80 0 0 0 0 0 0 0 0 0 0 0 0 252 127 0 0 0 0 0 0 0 0 0 0 0 0 0 0 0 0 0 0 0 0 0 0 0 0 0 0 0 0 0 0 0 0 0 0 0 0 0 0 0 0 0 0 0 0 0 0 0 0 0 0 0 0 0 0 0 0 0 0 0 0 0 0 0 0 0 0 data 171 0x60007 0x12b 0x38 0xf4f 0xa0003 0xf4f 0x18 0x190007 0xf4f 0x98 0x12b 0x1f0007 0x12b 0x20 0x0 0x320007 0x0 0x90 0x12b 0x380007 0x1e 0x70 0x10d 0x400003 0x10d 0x50 0x440007 0xa57 0x38 0x4f8 0x4a0003 0x4f8 0x18 0x570007 0xb64 0x78 0x516 0x680007 0x0 0x58 0x516 0x700007 0x0 0x38 0x516 0x760003 0x516 0x18 0x910007 0xf4f 0x378 0x12b 0x9a0007 0x12b 0x358 0x386d 0xa40007 0x1a89 0x320 0x1de4 0xab0104 0x0 0x0 0x0 0x0 0x0 0x0 0xb10007 0xa06 0x70 0x13de 0xc20004 0x0 0x0 0x155ef4a0310 0xb66 0x155eff0afb0 0x878 0xc30003 0x13de 0x270 0xc80004 0xfffffffffffff5fa 0x0 0x155ef4a0310 0x54 0x0 0x0 0xcb0007 0xa06 0xa8 0x0 0xd00004 0x0 0x0 0x0 0x0 0x0 0x0 0xd90005 0x0 0x0 0x0 0x0 0x0 0x0 0xdc0003 0x0 0x190 0xf90007 0xb83 0x70 0xb5f 0xfe0007 0x38b 0x38 0x7d4 0x1050003 0x7d4 0x18 0x1130003 0xb5f 0x50 0x1180007 0x38f 0x38 0x7f4 0x11f0003 0x7f4 0x18 0x1320007 0xcdc 0xffffffffffffff58 0xa06 0x1370007 0x232 0x58 0x7d4 0x1460004 0x0 0x0 0x155ef4a0310 0x4a6 0x155eff0afb0 0x32e 0x1490007 0x212 0x58 0x7f4 0x15a0004 0x0 0x0 0x155ef4a0310 0x480 0x155eff0afb0 0x374 0x15e0003 0x386d 0xfffffffffffffcc0 0x0 0x0 0x0 0x0 0x0 0x0 0x0 0x0 0x0 0x9 0x1 0x0 oops 7 74 java/util/HashMap$Node 76 java/util/LinkedHashMap$Entry 84 java/util/HashMap$Node 141 java/util/HashMap$Node 143 java/util/LinkedHashMap$Entry 152 java/util/HashMap$Node 154 java/util/LinkedHashMap$Entry methods 0
ciMethodData java/util/HashMap newNode (ILjava/lang/Object;Ljava/lang/Object;Ljava/util/HashMap$Node;)Ljava/util/HashMap$Node; 2 6716 orig 80 0 0 0 0 0 0 0 0 0 0 0 0 252 127 0 0 0 0 0 0 0 0 0 0 0 0 0 0 0 0 0 0 0 0 0 0 0 0 0 0 0 0 0 0 0 0 0 0 0 0 0 0 0 0 0 0 0 0 0 0 0 0 0 0 0 0 0 0 0 0 0 0 0 0 0 0 0 0 0 0 data 11 0x90002 0x1949 0x0 0x0 0x9 0x5 0x0 0x0 0x0 0x0 0x0 oops 0 methods 0
ciMethodData java/util/HashMap hash (Ljava/lang/Object;)I 2 47920 orig 80 1 0 0 0 0 0 0 0 0 0 0 0 252 127 0 0 0 0 0 0 0 0 0 0 0 0 0 0 0 0 0 0 0 0 0 0 0 0 0 3 0 0 0 0 0 0 0 0 0 0 0 0 0 0 0 0 0 0 0 0 0 0 0 0 0 0 0 0 0 0 0 0 0 0 0 0 0 0 0 0 data 23 0x8000000600010007 0xb94f 0x38 0x3 0x50003 0x3 0x50 0x90005 0x3541 0x0 0x155a97efff0 0x827b 0x155a97f1620 0x193 0x0 0x0 0x0 0x0 0x0 0x0 0x9 0x1 0xffffffffffffffff oops 2 10 java/lang/String 12 java/lang/Module methods 0
ciMethodData java/util/HashMap afterNodeAccess (Ljava/util/HashMap$Node;)V 1 45 orig 80 0 0 0 0 0 0 0 0 0 0 0 0 252 127 0 0 0 0 0 0 0 0 0 0 0 0 0 0 0 0 0 0 0 0 0 0 0 0 0 0 0 0 0 0 0 0 0 0 0 0 0 0 0 0 0 0 0 0 0 0 0 0 0 0 0 0 0 0 0 0 0 0 0 0 0 0 0 0 0 0 data 5 0x0 0x9 0x2 0x0 0x0 oops 0 methods 0
ciMethodData java/util/HashMap afterNodeInsertion (Z)V 2 1281 orig 80 0 0 0 0 0 0 0 0 0 0 0 0 252 127 0 0 0 0 0 0 0 0 0 0 0 0 0 0 0 0 0 0 0 0 0 0 0 0 0 0 0 0 0 0 0 0 0 0 0 0 0 0 0 0 0 0 0 0 0 0 0 0 0 0 0 0 0 0 0 0 0 0 0 0 0 0 0 0 0 0 data 5 0x0 0x9 0x2 0x0 0x0 oops 0 methods 0
ciMethodData java/util/HashMap getNode (Ljava/lang/Object;)Ljava/util/HashMap$Node; 2 17700 orig 80 3 0 0 0 1 0 0 0 0 0 0 0 252 127 0 0 0 0 0 0 0 0 0 7 0 0 0 0 0 0 0 0 0 0 0 0 0 0 0 2 0 0 0 0 0 0 0 0 0 0 0 0 0 0 0 0 0 0 0 0 0 0 0 0 0 0 0 0 0 0 0 0 0 0 0 0 0 0 0 0 data 103 0x60007 0x8bd 0x2e8 0x3b61 0xe0007 0x0 0x2c8 0x3b61 0x170002 0x3b61 0x210007 0x1ee9 0x298 0x1c79 0x2a0007 0x1224 0xb8 0xa55 0x350007 0x7e5 0x98 0x270 0x390007 0x0 0x78 0x270 0x80000007003f0005 0xee 0x0 0x155a97efff0 0x162 0x155eff0af00 0x24 0x8000000600420007 0x14 0x20 0x261 0x4e0007 0xca3 0x1c0 0x595 0x520004 0xfffffffffffffa6b 0x0 0x155ef4a0310 0x65 0x155eff0afb0 0xa 0x550007 0x595 0x90 0x0 0x590004 0x0 0x0 0x0 0x0 0x0 0x0 0x5f0005 0x0 0x0 0x0 0x0 0x0 0x0 0x6a0007 0x4c7 0xb8 0x1c4 0x760007 0x11a 0x98 0xaa 0x7a0007 0x0 0x78 0xaa 0x8000000700800005 0x98 0x0 0x155a97efff0 0x11 0x155eff0af00 0x4 0x8000000600830007 0x31 0x20 0x7d 0x910007 0xf6 0xffffffffffffff48 0x402 0x0 0x0 0x0 0x0 0x0 0x0 0x9 0x2 0x0 0xffffffffffffffff oops 6 29 java/lang/String 31 java/util/zip/ZipFile$Source$Key 44 java/util/HashMap$Node 46 java/util/LinkedHashMap$Entry 81 java/lang/String 83 java/util/zip/ZipFile$Source$Key methods 0
ciMethodData java/util/HashMap$Node <init> (ILjava/lang/Object;Ljava/lang/Object;Ljava/util/HashMap$Node;)V 2 12201 orig 80 0 0 0 0 0 0 0 0 0 0 0 0 252 127 0 0 0 0 0 0 0 0 0 0 0 0 0 0 0 0 0 0 0 0 0 0 0 0 0 0 0 0 0 0 0 0 0 0 0 0 0 0 0 0 0 0 0 0 0 0 0 0 0 0 0 0 0 0 0 0 0 0 0 0 0 0 0 0 0 0 data 13 0x10002 0x2e2d 0x0 0x0 0x0 0x0 0x9 0x5 0xe 0x0 0x0 0x0 0x0 oops 0 methods 0
ciMethodData java/util/HashMap put (Ljava/lang/Object;Ljava/lang/Object;)Ljava/lang/Object; 2 18408 orig 80 2 0 0 0 0 0 0 0 0 0 0 0 252 127 0 0 0 0 0 0 0 0 0 0 0 0 0 0 0 0 0 0 0 0 0 0 0 0 0 0 0 0 0 0 0 0 0 0 0 0 0 0 0 0 0 0 0 0 0 0 0 0 0 0 0 0 0 0 0 0 0 0 0 0 0 0 0 0 0 0 data 20 0x20002 0x4664 0x90005 0x4665 0x0 0x0 0x0 0x0 0x0 0x0 0x0 0x0 0x0 0x0 0x0 0x9 0x3 0xffffffffffffffff 0xffffffffffffffff 0xffffffffffffffff oops 0 methods 0
ciMethodData java/util/HashMap get (Ljava/lang/Object;)Ljava/lang/Object; 2 13984 orig 80 2 0 0 0 0 0 0 0 0 0 0 0 252 127 0 0 0 0 0 0 0 0 0 0 0 0 0 0 0 0 0 0 0 0 0 0 0 0 0 0 0 0 0 0 0 0 0 0 0 0 0 0 0 0 0 0 0 0 0 0 0 0 0 0 0 0 0 0 0 0 0 0 0 0 0 0 0 0 0 0 data 24 0x20005 0x354c 0x0 0x0 0x0 0x0 0x0 0x70007 0xadf 0x38 0x2a70 0xb0003 0x2a70 0x18 0x0 0x0 0x0 0x0 0x0 0x0 0x9 0x2 0x0 0x0 oops 0 methods 0
ciMethodData java/util/HashSet add (Ljava/lang/Object;)Z 2 7037 orig 80 0 0 0 0 0 0 0 0 0 0 0 0 252 127 0 0 0 0 0 0 0 0 0 0 0 0 0 0 0 0 0 0 0 0 0 0 0 0 0 0 0 0 0 0 0 0 0 0 0 0 0 0 0 0 0 0 0 0 0 0 0 0 0 0 0 0 0 0 0 0 0 0 0 0 0 0 0 0 0 0 data 24 0x80005 0x0 0x0 0x155ef44bcb0 0x173f 0x155ef49f5a0 0x332 0xb0007 0x79 0x38 0x19f8 0xf0003 0x19f8 0x18 0x0 0x0 0x0 0x0 0x0 0x0 0x9 0x2 0x0 0x0 oops 2 3 java/util/HashMap 5 java/util/LinkedHashMap methods 0
ciMethodData java/lang/AbstractStringBuilder ensureCapacityInternal (I)V 2 6631 orig 80 0 0 0 0 0 0 0 0 0 0 0 0 252 127 0 0 0 0 0 0 0 0 0 0 0 0 0 0 0 0 0 0 0 0 0 0 0 0 0 0 0 0 0 0 0 0 0 0 0 0 0 0 0 0 0 0 0 0 0 0 0 0 0 0 0 0 0 0 0 0 0 0 0 0 0 0 0 0 0 0 data 23 0xe0007 0x1718 0x68 0x1cd 0x180005 0x1cd 0x0 0x0 0x0 0x0 0x0 0x200002 0x1cd 0x0 0x0 0x0 0x0 0x0 0x0 0x9 0x2 0xc 0x0 oops 0 methods 0
ciMethodData java/lang/AbstractStringBuilder newCapacity (I)I 1 521 orig 80 0 0 0 0 0 0 0 0 0 0 0 0 252 127 0 0 0 0 0 0 0 0 0 0 0 0 0 0 0 0 0 0 0 0 0 0 0 0 0 0 0 0 0 0 0 0 0 0 0 0 0 0 0 0 0 0 0 0 0 0 0 0 0 0 0 0 0 0 0 0 0 0 0 0 0 0 0 0 0 0 data 18 0x1d0002 0x1cd 0x260007 0x1cd 0x30 0x0 0x2f0002 0x0 0x0 0x0 0x0 0x0 0x0 0x0 0x9 0x2 0x0 0x0 oops 0 methods 0
ciMethodData java/util/Arrays copyOf ([BI)[B 2 5186 orig 80 0 0 0 0 0 0 0 0 0 0 0 0 252 127 0 0 0 0 0 0 0 0 0 0 0 0 0 0 0 0 0 0 0 0 0 0 0 0 0 0 0 0 0 0 0 0 0 0 0 0 0 0 0 0 0 0 0 0 0 0 0 0 0 0 0 0 0 0 0 0 0 0 0 0 0 0 0 0 0 0 data 14 0xb0002 0x1404 0xe0002 0x1404 0x0 0x0 0x0 0x0 0x0 0x0 0x9 0x2 0xffffffffffffffff 0x0 oops 0 methods 0
ciMethodData java/lang/AbstractStringBuilder isLatin1 ()Z 2 67116 orig 80 0 0 0 0 0 0 0 0 0 0 0 0 252 127 0 0 0 0 0 0 0 0 0 0 0 0 0 0 0 0 0 0 0 0 0 0 0 0 0 1 0 0 0 0 0 0 0 0 0 0 0 0 0 0 0 0 0 0 0 0 0 0 0 0 0 0 0 0 0 0 0 0 0 0 0 0 0 0 0 0 data 18 0x30007 0x0 0x58 0x104fc 0x80000006000a0007 0x1405 0x38 0xf0f8 0xe0003 0xf0f8 0x18 0x0 0x0 0x0 0x0 0x9 0x1 0x0 oops 0 methods 0
ciMethodData java/lang/AbstractStringBuilder inflate ()V 1 165 orig 80 0 0 0 0 0 0 0 0 0 0 0 0 252 127 0 0 0 0 0 0 0 0 0 0 0 0 0 0 0 0 0 0 0 0 0 0 0 0 0 0 0 0 0 0 0 0 0 0 0 0 0 0 0 0 0 0 0 0 0 0 0 0 0 0 0 0 0 0 0 0 0 0 0 0 0 0 0 0 0 0 data 24 0x10005 0xa5 0x0 0x0 0x0 0x0 0x0 0x40007 0xa5 0x20 0x0 0xd0002 0xa5 0x1c0002 0xa5 0x0 0x0 0x0 0x0 0x0 0x0 0x9 0x1 0xc oops 0 methods 0
ciMethodData java/lang/String <init> ([BB)V 2 20451 orig 80 0 0 0 0 0 0 0 0 0 0 0 0 252 127 0 0 0 0 0 0 0 0 0 0 0 0 0 0 0 0 0 0 0 0 0 0 0 0 0 0 0 0 0 0 0 0 0 0 0 0 0 0 0 0 0 0 0 0 0 0 0 0 0 0 0 0 0 0 0 0 0 0 0 0 0 0 0 0 0 0 data 11 0x10002 0x4ee0 0x0 0x0 0x0 0x0 0x9 0x3 0xc 0x0 0x0 oops 0 methods 0
ciMethodData java/util/Arrays copyOfRange ([BII)[B 2 5486 orig 80 0 0 0 0 0 0 0 0 0 0 0 0 252 127 0 0 0 0 0 0 0 0 0 0 0 0 0 0 0 0 0 0 0 0 0 0 0 0 0 0 0 0 0 0 0 0 0 0 0 0 0 0 0 0 0 0 0 0 0 0 0 0 0 0 0 0 0 0 0 0 0 0 0 0 0 0 0 0 0 0 data 51 0x50007 0x146c 0x120 0x0 0x100002 0x0 0x140005 0x0 0x0 0x0 0x0 0x0 0x0 0x1a0005 0x0 0x0 0x0 0x0 0x0 0x0 0x1e0005 0x0 0x0 0x0 0x0 0x0 0x0 0x210005 0x0 0x0 0x0 0x0 0x0 0x0 0x240002 0x0 0x370002 0x146c 0x3a0002 0x146c 0x0 0x0 0x0 0x0 0x0 0x0 0x9 0x3 0xffffffffffffffff 0x0 0x0 oops 0 methods 0
ciMethodData java/lang/AbstractStringBuilder <init> (I)V 2 6325 orig 80 0 0 0 0 0 0 0 0 0 0 0 0 252 127 0 0 0 0 0 0 0 0 0 0 0 0 0 0 0 0 0 0 0 0 0 0 0 0 0 0 0 0 0 0 0 0 0 0 0 0 0 0 0 0 0 0 0 0 0 0 0 0 0 0 0 0 0 0 0 0 0 0 0 0 0 0 0 0 0 0 data 21 0x10002 0x1848 0x70007 0x0 0x38 0x1848 0x160003 0x1848 0x28 0x1b0002 0x0 0x0 0x0 0x0 0x0 0x0 0x0 0x9 0x2 0xc 0x0 oops 0 methods 0
ciMethodData java/lang/StringBuilder append (Ljava/lang/String;)Ljava/lang/StringBuilder; 2 105154 orig 80 1 0 0 0 0 0 0 0 0 0 0 0 252 127 0 0 0 0 0 0 0 0 0 0 0 0 0 0 0 0 0 0 0 0 0 0 0 0 0 0 0 0 0 0 0 0 0 0 0 0 0 0 0 0 0 0 0 0 0 0 0 0 0 0 0 0 0 0 0 0 0 0 0 0 0 0 0 0 0 0 data 9 0x20002 0x199d1 0x0 0x0 0x0 0x9 0x2 0xe 0x0 oops 0 methods 0
ciMethodData java/lang/AbstractStringBuilder append (Ljava/lang/String;)Ljava/lang/AbstractStringBuilder; 2 13741 orig 80 1 0 0 0 0 0 0 0 0 0 0 0 252 127 0 0 0 0 0 0 0 0 0 0 0 0 0 0 0 0 0 0 0 0 0 0 0 0 0 2 0 0 0 0 0 0 0 0 0 0 0 0 0 0 0 0 0 0 0 0 0 0 0 0 0 0 0 0 0 0 0 0 0 0 0 0 0 0 0 0 data 42 0x8000000600010007 0x349f 0x58 0x1f 0x50005 0x1f 0x0 0x0 0x0 0x0 0x0 0xa0005 0x349f 0x0 0x0 0x0 0x0 0x0 0x150005 0x349f 0x0 0x0 0x0 0x0 0x0 0x1e0005 0x349f 0x0 0x0 0x0 0x0 0x0 0x0 0x0 0x0 0x0 0x0 0x0 0x9 0x2 0xe 0x0 oops 0 methods 0
ciMethodData java/lang/StringBuilder toString ()Ljava/lang/String; 2 33697 orig 80 0 0 0 0 0 0 0 0 0 0 0 0 252 127 0 0 0 0 0 0 0 0 0 0 0 0 0 0 0 0 0 0 0 0 0 0 0 0 0 0 0 0 0 0 0 0 0 0 0 0 0 0 0 0 0 0 0 0 0 0 0 0 0 0 0 0 0 0 0 0 0 0 0 0 0 0 0 0 0 0 data 27 0x10005 0x8335 0x0 0x0 0x0 0x0 0x0 0x40007 0x0 0x48 0x8335 0x100002 0x8335 0x130003 0x8335 0x28 0x1f0002 0x0 0x0 0x0 0x0 0x0 0x0 0x0 0x9 0x1 0x0 oops 0 methods 0
ciMethodData java/lang/StringLatin1 newString ([BII)Ljava/lang/String; 2 7189 orig 80 0 0 0 0 0 0 0 0 0 0 0 0 252 127 0 0 0 0 0 0 0 0 0 0 0 0 0 0 0 0 0 0 0 0 0 0 0 0 0 0 0 0 0 0 0 0 0 0 0 0 0 0 0 0 0 0 0 0 0 0 0 0 0 0 0 0 0 0 0 0 0 0 0 0 0 0 0 0 0 0 data 19 0x10007 0x1acd 0x20 0x7c 0x100002 0x1acd 0x140002 0x1acd 0x0 0x0 0x0 0x0 0x0 0x0 0x9 0x3 0x0 0x0 0x0 oops 0 methods 0
ciMethodData java/lang/StringUTF16 newString ([BII)Ljava/lang/String; 1 2 orig 80 0 0 0 0 0 0 0 0 0 0 0 0 252 127 0 0 0 0 0 0 0 0 0 0 0 0 0 0 0 0 0 0 0 0 0 0 0 0 0 0 0 0 0 0 0 0 0 0 0 0 0 0 0 0 0 0 0 0 0 0 0 0 0 0 0 0 0 0 0 0 0 0 0 0 0 0 0 0 0 0 data 31 0x10007 0x2 0x20 0x0 0xb0007 0x0 0x60 0x2 0x110002 0x2 0x160007 0x0 0x30 0x2 0x1f0002 0x2 0x320002 0x0 0x360002 0x0 0x0 0x0 0x0 0x0 0x0 0x0 0x9 0x3 0xffffffffffffffff 0x0 0x0 oops 0 methods 0
ciMethodData java/lang/String checkBoundsBeginEnd (III)V 2 5507 orig 80 0 0 0 0 0 0 0 0 0 0 0 0 252 127 0 0 0 0 0 0 0 0 0 0 0 0 0 0 0 0 0 0 0 0 0 0 0 0 0 0 0 0 0 0 0 0 0 0 0 0 0 0 0 0 0 0 0 0 0 0 0 0 0 0 0 0 0 0 0 0 0 0 0 0 0 0 0 0 0 0 data 76 0x10007 0x0 0x60 0x1482 0x60007 0x0 0x40 0x1482 0xb0007 0x1482 0x1c8 0x0 0x160002 0x0 0x1c0005 0x0 0x0 0x0 0x0 0x0 0x0 0x200005 0x0 0x0 0x0 0x0 0x0 0x0 0x260005 0x0 0x0 0x0 0x0 0x0 0x0 0x2a0005 0x0 0x0 0x0 0x0 0x0 0x0 0x300005 0x0 0x0 0x0 0x0 0x0 0x0 0x340005 0x0 0x0 0x0 0x0 0x0 0x0 0x370005 0x0 0x0 0x0 0x0 0x0 0x0 0x3a0002 0x0 0x0 0x0 0x0 0x0 0x0 0x0 0x9 0x3 0x0 0x0 0x0 oops 0 methods 0
ciMethodData java/lang/String substring (II)Ljava/lang/String; 2 12972 orig 80 1 0 0 0 0 0 0 0 0 0 0 0 252 127 0 0 0 0 0 0 0 0 0 0 0 0 0 0 0 0 0 0 0 0 0 0 0 0 0 1 0 0 0 0 0 0 0 0 0 0 0 0 0 0 0 0 0 0 0 0 0 0 0 0 0 0 0 0 0 0 0 0 0 0 0 0 0 0 0 0 data 46 0x10005 0x31ab 0x0 0x0 0x0 0x0 0x0 0x80002 0x31ab 0xc0007 0x1f2b 0x40 0x1280 0x110007 0xbf7 0x20 0x689 0x1c0005 0x2b22 0x0 0x0 0x0 0x0 0x0 0x80000006001f0007 0x2 0x48 0x2b21 0x290002 0x2b21 0x2c0003 0x2b21 0x28 0x360002 0x2 0x0 0x0 0x0 0x0 0x0 0x0 0x9 0x3 0x0 0x0 0x0 oops 0 methods 0
ciMethodData java/lang/String startsWith (Ljava/lang/String;I)Z 2 30453 orig 80 1 0 0 0 0 0 0 0 0 0 0 0 252 127 0 0 0 0 0 0 0 0 0 0 0 0 0 0 0 0 0 0 0 0 0 0 0 0 0 1 0 0 0 0 0 0 0 0 0 0 0 0 0 0 0 0 0 0 0 0 0 0 0 0 0 0 0 0 0 0 0 0 0 0 0 0 0 0 0 0 data 83 0x8000000600010007 0x22 0xb0 0x2463 0x60005 0x2463 0x0 0x0 0x0 0x0 0x0 0xa0005 0x2463 0x0 0x0 0x0 0x0 0x0 0xe0007 0x233b 0x20 0x128 0x270005 0x233b 0x0 0x0 0x0 0x0 0x0 0x2f0005 0x233b 0x0 0x0 0x0 0x0 0x0 0x320007 0x0 0xb0 0x233b 0x370007 0x0 0x38 0x233b 0x3b0003 0x233b 0x18 0x470007 0x867 0x40 0x8f3b 0x590007 0x7467 0xffffffffffffffe0 0x1ad4 0x5e0003 0x867 0x88 0x630007 0x0 0x20 0x0 0x6c0007 0x0 0x50 0x0 0x740002 0x0 0x830007 0x0 0xffffffffffffffd0 0x0 0x0 0x0 0x0 0x0 0x0 0x0 0x9 0x3 0x0 0x0 0x0 oops 0 methods 0
ciMethodData jdk/internal/util/ArraysSupport newLength (III)I 1 1055 orig 80 0 0 0 0 0 0 0 0 0 0 0 0 252 127 0 0 0 0 0 0 0 0 0 0 0 0 0 0 0 0 0 0 0 0 0 0 0 0 0 0 0 0 0 0 0 0 0 0 0 0 0 0 0 0 0 0 0 0 0 0 0 0 0 0 0 0 0 0 0 0 0 0 0 0 0 0 0 0 0 0 data 23 0x30002 0x31b 0xa0007 0x0 0x40 0x31b 0x100007 0x0 0x20 0x31b 0x170002 0x0 0x0 0x0 0x0 0x0 0x0 0x0 0x9 0x3 0x0 0x0 0x0 oops 0 methods 0
ciMethodData jdk/internal/util/ArraysSupport hugeLength (II)I 1 0 orig 80 0 0 0 0 0 0 0 0 0 0 0 0 252 127 0 0 0 0 0 0 0 0 0 0 0 0 0 0 0 0 0 0 0 0 0 0 0 0 0 0 0 0 0 0 0 0 0 0 0 0 0 0 0 0 0 0 0 0 0 0 0 0 0 0 0 0 0 0 0 0 0 0 0 0 0 0 0 0 0 0 data 64 0x50007 0x0 0x190 0x0 0x100002 0x0 0x150005 0x0 0x0 0x0 0x0 0x0 0x0 0x190005 0x0 0x0 0x0 0x0 0x0 0x0 0x1e0005 0x0 0x0 0x0 0x0 0x0 0x0 0x220005 0x0 0x0 0x0 0x0 0x0 0x0 0x270005 0x0 0x0 0x0 0x0 0x0 0x0 0x2a0005 0x0 0x0 0x0 0x0 0x0 0x0 0x2d0002 0x0 0x340007 0x0 0x20 0x0 0x0 0x0 0x0 0x0 0x0 0x0 0x9 0x2 0x0 0x0 oops 0 methods 0
ciMethodData java/lang/String startsWith (Ljava/lang/String;)Z 2 44012 orig 80 0 0 0 0 0 0 0 0 0 0 0 0 252 127 0 0 0 0 0 0 0 0 0 0 0 0 0 0 0 0 0 0 0 0 0 0 0 0 0 0 0 0 0 0 0 0 0 0 0 0 0 0 0 0 0 0 0 0 0 0 0 0 0 0 0 0 0 0 0 0 0 0 0 0 0 0 0 0 0 0 data 17 0x30005 0xaaeb 0x0 0x0 0x0 0x0 0x0 0x0 0x0 0x0 0x0 0x0 0x0 0x9 0x2 0x0 0x0 oops 0 methods 0
ciMethod java/util/Vector grow ()[Ljava/lang/Object; 0 0 1 0 -1
ciMethod java/util/Vector contains (Ljava/lang/Object;)Z 524 0 3026 0 0
ciMethod java/util/Vector indexOf (Ljava/lang/Object;I)I 516 18 3026 0 0
ciMethod java/util/Vector addElement (Ljava/lang/Object;)V 540 0 3040 0 0
ciMethod java/util/Vector add (Ljava/lang/Object;[Ljava/lang/Object;I)V 540 0 3040 0 0
ciMethodData java/lang/StringUTF16 putChar ([BII)V 2 8344 orig 80 0 0 0 0 0 0 0 0 0 0 0 0 252 127 0 0 0 0 0 0 0 0 0 0 0 0 0 0 0 0 0 0 0 0 0 0 0 0 0 0 0 0 0 0 0 0 0 0 0 0 0 0 0 0 0 0 0 0 0 0 0 0 0 0 0 0 0 0 0 0 0 0 0 0 0 0 0 0 0 0 data 27 0x30007 0x1eee 0x80 0x0 0x70007 0x0 0x50 0x0 0xc0002 0x0 0xf0007 0x0 0x30 0x0 0x180002 0x0 0x0 0x0 0x0 0x0 0x0 0x0 0x9 0x3 0xffffffffffffffff 0x0 0x0 oops 0 methods 0
ciMethodData java/lang/String lastIndexOf (II)I 2 23491 orig 80 0 0 0 0 0 0 0 0 0 0 0 0 252 127 0 0 0 0 0 0 0 0 0 0 0 0 0 0 0 0 0 0 0 0 0 0 0 0 0 0 0 0 0 0 0 0 0 0 0 0 0 0 0 0 0 0 0 0 0 0 0 0 0 0 0 0 0 0 0 0 0 0 0 0 0 0 0 0 0 0 data 29 0x10005 0x5ac2 0x0 0x0 0x0 0x0 0x0 0x40007 0x0 0x48 0x5ac2 0xd0002 0x5ac2 0x100003 0x5ac2 0x28 0x190002 0x0 0x0 0x0 0x0 0x0 0x0 0x0 0x9 0x3 0x0 0x0 0x0 oops 0 methods 0
ciMethodData java/lang/AbstractStringBuilder checkRange (III)V 2 5378 orig 80 0 0 0 0 0 0 0 0 0 0 0 0 252 127 0 0 0 0 0 0 0 0 0 0 0 0 0 0 0 0 0 0 0 0 0 0 0 0 0 0 0 0 0 0 0 0 0 0 0 0 0 0 0 0 0 0 0 0 0 0 0 0 0 0 0 0 0 0 0 0 0 0 0 0 0 0 0 0 0 0 data 76 0x10007 0x0 0x60 0x1401 0x60007 0x0 0x40 0x1401 0xb0007 0x1401 0x1c8 0x0 0x160002 0x0 0x1c0005 0x0 0x0 0x0 0x0 0x0 0x0 0x200005 0x0 0x0 0x0 0x0 0x0 0x0 0x260005 0x0 0x0 0x0 0x0 0x0 0x0 0x2a0005 0x0 0x0 0x0 0x0 0x0 0x0 0x300005 0x0 0x0 0x0 0x0 0x0 0x0 0x340005 0x0 0x0 0x0 0x0 0x0 0x0 0x370005 0x0 0x0 0x0 0x0 0x0 0x0 0x3a0002 0x0 0x0 0x0 0x0 0x0 0x0 0x0 0x9 0x3 0x0 0x0 0x0 oops 0 methods 0
ciMethodData java/lang/StringBuilder append (Ljava/lang/CharSequence;II)Ljava/lang/StringBuilder; 2 11329 orig 80 0 0 0 0 0 0 0 0 0 0 0 0 252 127 0 0 0 0 0 0 0 0 0 0 0 0 0 0 0 0 0 0 0 0 0 0 0 0 0 0 0 0 0 0 0 0 0 0 0 0 0 0 0 0 0 0 0 0 0 0 0 0 0 0 0 0 0 0 0 0 0 0 0 0 0 0 0 0 0 0 data 11 0x40002 0x2b41 0x0 0x0 0x0 0x9 0x4 0xffffffffffffffff 0xffffffffffffffff 0x0 0x0 oops 0 methods 0
ciMethodData java/lang/AbstractStringBuilder append (Ljava/lang/CharSequence;II)Ljava/lang/AbstractStringBuilder; 2 5447 orig 80 0 0 0 0 0 0 0 0 0 0 0 0 252 127 0 0 0 0 0 0 0 0 0 0 0 0 0 0 0 0 0 0 0 0 0 0 0 0 0 0 0 0 0 0 0 0 0 0 0 0 0 0 0 0 0 0 0 0 0 0 0 0 0 0 0 0 0 0 0 0 0 0 0 0 0 0 0 0 0 0 data 67 0x10007 0x1447 0x20 0x0 0xa0005 0x0 0x0 0x155a97efff0 0x1447 0x0 0x0 0xf0002 0x1447 0x1f0005 0x1447 0x0 0x0 0x0 0x0 0x0 0x230004 0x0 0x0 0x155a97efff0 0x1447 0x0 0x0 0x260007 0x0 0xa8 0x1447 0x2b0004 0x0 0x0 0x155a97efff0 0x1447 0x0 0x0 0x300005 0x1447 0x0 0x0 0x0 0x0 0x0 0x330003 0x1447 0x50 0x3a0005 0x0 0x0 0x0 0x0 0x0 0x0 0x0 0x0 0x0 0x0 0x0 0x0 0x9 0x4 0xffffffffffffffff 0xffffffffffffffff 0x0 0x0 oops 3 7 java/lang/String 23 java/lang/String 34 java/lang/String methods 0
ciMethodData java/lang/AbstractStringBuilder appendChars (Ljava/lang/String;II)V 2 5387 orig 80 0 0 0 0 0 0 0 0 0 0 0 0 252 127 0 0 0 0 0 0 0 0 0 0 0 0 0 0 0 0 0 0 0 0 0 0 0 0 0 0 0 0 0 0 0 0 0 0 0 0 0 0 0 0 0 0 0 0 0 0 0 0 0 0 0 0 0 0 0 0 0 0 0 0 0 0 0 0 0 0 data 116 0x10005 0x140b 0x0 0x0 0x0 0x0 0x0 0x40007 0x0 0x228 0x140b 0x80005 0x140b 0x0 0x0 0x0 0x0 0x0 0xb0007 0x0 0x80 0x140b 0xf0005 0x140b 0x0 0x0 0x0 0x0 0x0 0x1e0002 0x140b 0x210003 0x140b 0x230 0x360007 0x0 0x138 0x0 0x3c0005 0x0 0x0 0x0 0x0 0x0 0x0 0x430002 0x0 0x460007 0x0 0x38 0x0 0x540003 0x0 0x98 0x5e0005 0x0 0x0 0x0 0x0 0x0 0x0 0x620005 0x0 0x0 0x0 0x0 0x0 0x0 0x770002 0x0 0x8b0003 0x0 0xfffffffffffffee0 0x8e0003 0x0 0xe0 0x920005 0x0 0x0 0x0 0x0 0x0 0x0 0x950007 0x0 0x48 0x0 0xa30002 0x0 0xa60003 0x0 0x60 0xaa0005 0x0 0x0 0x0 0x0 0x0 0x0 0xbf0002 0x0 0x0 0x0 0x0 0x0 0x0 0x0 0x0 0x0 0x0 0x9 0x4 0x0 0x0 0x0 0x0 oops 0 methods 0
ciMethodData java/lang/AbstractStringBuilder appendChars (Ljava/lang/CharSequence;II)V 1 0 orig 80 0 0 0 0 0 0 0 0 0 0 0 0 252 127 0 0 0 0 0 0 0 0 0 0 0 0 0 0 0 0 0 0 0 0 0 0 0 0 0 0 0 0 0 0 0 0 0 0 0 0 0 0 0 0 0 0 0 0 0 0 0 0 0 0 0 0 0 0 0 0 0 0 0 0 0 0 0 0 0 0 data 60 0x10005 0x0 0x0 0x0 0x0 0x0 0x0 0x40007 0x0 0x138 0x0 0x190007 0x0 0x100 0x0 0x1f0005 0x0 0x0 0x0 0x0 0x0 0x0 0x280002 0x0 0x2b0007 0x0 0x38 0x0 0x390003 0x0 0x60 0x430005 0x0 0x0 0x0 0x0 0x0 0x0 0x500002 0x0 0x640003 0x0 0xffffffffffffff18 0x670003 0x0 0x28 0x750002 0x0 0x0 0x0 0x0 0x0 0x0 0x0 0x9 0x4 0xe 0xffffffffffffffff 0x0 0x0 oops 0 methods 0
ciMethodData java/lang/StringUTF16 putCharsSB ([BILjava/lang/CharSequence;II)V 1 0 orig 80 0 0 0 0 0 0 0 0 0 0 0 0 252 127 0 0 0 0 0 0 0 0 0 0 0 0 0 0 0 0 0 0 0 0 0 0 0 0 0 0 0 0 0 0 0 0 0 0 0 0 0 0 0 0 0 0 0 0 0 0 0 0 0 0 0 0 0 0 0 0 0 0 0 0 0 0 0 0 0 0 data 31 0x80002 0x0 0x120007 0x0 0x80 0x0 0x1d0005 0x0 0x0 0x0 0x0 0x0 0x0 0x220002 0x0 0x280003 0x0 0xffffffffffffff98 0x0 0x0 0x0 0x0 0x0 0x0 0x9 0x5 0xffffffffffffffff 0x0 0xffffffffffffffff 0x0 0x0 oops 0 methods 0
ciMethodData java/lang/String toString ()Ljava/lang/String; 2 19874 orig 80 0 0 0 0 0 0 0 0 0 0 0 0 252 127 0 0 0 0 0 0 0 0 0 0 0 0 0 0 0 0 0 0 0 0 0 0 0 0 0 0 0 0 0 0 0 0 0 0 0 0 0 0 0 0 0 0 0 0 0 0 0 0 0 0 0 0 0 0 0 0 0 0 0 0 0 0 0 0 0 0 data 5 0x0 0x0 0x9 0x1 0x0 oops 0 methods 0
ciMethodData java/util/LinkedHashMap newNode (ILjava/lang/Object;Ljava/lang/Object;Ljava/util/HashMap$Node;)Ljava/util/HashMap$Node; 2 5485 orig 80 0 0 0 0 0 0 0 0 0 0 0 0 252 127 0 0 0 0 0 0 0 0 0 0 0 0 0 0 0 0 0 0 0 0 0 0 0 0 0 0 0 0 0 0 0 0 0 0 0 0 0 0 0 0 0 0 0 0 0 0 0 0 0 0 0 0 0 0 0 0 0 0 0 0 0 0 0 0 0 0 data 22 0x90002 0x1468 0x110005 0x1468 0x0 0x0 0x0 0x0 0x0 0x0 0x0 0x0 0x0 0x0 0x0 0x9 0x5 0xc0 0x0 0x0 0x0 0x0 oops 0 methods 0
ciMethodData java/util/LinkedHashMap$Entry <init> (ILjava/lang/Object;Ljava/lang/Object;Ljava/util/HashMap$Node;)V 2 5485 orig 80 0 0 0 0 0 0 0 0 0 0 0 0 252 127 0 0 0 0 0 0 0 0 0 0 0 0 0 0 0 0 0 0 0 0 0 0 0 0 0 0 0 0 0 0 0 0 0 0 0 0 0 0 0 0 0 0 0 0 0 0 0 0 0 0 0 0 0 0 0 0 0 0 0 0 0 0 0 0 0 0 data 11 0x60002 0x1464 0x0 0x0 0x9 0x5 0xe 0x0 0x0 0x0 0x0 oops 0 methods 0
ciMethodData java/util/LinkedHashMap linkNodeLast (Ljava/util/LinkedHashMap$Entry;)V 2 5485 orig 80 0 0 0 0 0 0 0 0 0 0 0 0 252 127 0 0 0 0 0 0 0 0 0 0 0 0 0 0 0 0 0 0 0 0 0 0 0 0 0 0 0 0 0 0 0 0 0 0 0 0 0 0 0 0 0 0 0 0 0 0 0 0 0 0 0 0 0 0 0 0 0 0 0 0 0 0 0 0 0 0 data 17 0xb0007 0xe19 0x38 0x64b 0x130003 0x64b 0x18 0x0 0x0 0x0 0x0 0x0 0x0 0x9 0x2 0xc0 0x18 oops 0 methods 0
ciMethodData java/util/LinkedHashMap afterNodeInsertion (Z)V 2 6619 orig 80 0 0 0 0 0 0 0 0 0 0 0 0 252 127 0 0 0 0 0 0 0 0 0 0 0 0 0 0 0 0 0 0 0 0 0 0 0 0 0 0 0 0 0 0 0 0 0 0 0 0 0 0 0 0 0 0 0 0 0 0 0 0 0 0 0 0 0 0 0 0 0 0 0 0 0 0 0 0 0 0 data 38 0x10007 0x4d4 0xe0 0x13f8 0xa0007 0x0 0xc0 0x13f8 0xf0005 0x0 0x0 0x155ef49f5a0 0x13f8 0x0 0x0 0x120007 0x13f8 0x68 0x0 0x1c0002 0x0 0x230005 0x0 0x0 0x0 0x0 0x0 0x0 0x0 0x0 0x0 0x0 0x0 0x0 0x9 0x2 0x0 0x0 oops 1 11 java/util/LinkedHashMap methods 0
ciMethodData java/util/LinkedHashMap removeEldestEntry (Ljava/util/Map$Entry;)Z 2 5249 orig 80 0 0 0 0 0 0 0 0 0 0 0 0 252 127 0 0 0 0 0 0 0 0 0 0 0 0 0 0 0 0 0 0 0 0 0 0 0 0 0 0 0 0 0 0 0 0 0 0 0 0 0 0 0 0 0 0 0 0 0 0 0 0 0 0 0 0 0 0 0 0 0 0 0 0 0 0 0 0 0 0 data 5 0x0 0x9 0x2 0x0 0x0 oops 0 methods 0
ciMethodData java/util/HashMap containsKey (Ljava/lang/Object;)Z 2 8473 orig 80 1 0 0 0 0 0 0 0 0 0 0 0 252 127 0 0 0 0 0 0 0 0 0 0 0 0 0 0 0 0 0 0 0 0 0 0 0 0 0 0 0 0 0 0 0 0 0 0 0 0 0 0 0 0 0 0 0 0 0 0 0 0 0 0 0 0 0 0 0 0 0 0 0 0 0 0 0 0 0 0 data 24 0x20005 0x20b6 0x0 0x0 0x0 0x0 0x0 0x50007 0x19e0 0x38 0x6d7 0x90003 0x6d7 0x18 0x0 0x0 0x0 0x0 0x0 0x0 0x9 0x2 0x0 0xffffffffffffffff oops 0 methods 0
ciMethodData java/lang/StringBuilder <init> (I)V 2 9192 orig 80 0 0 0 0 0 0 0 0 0 0 0 0 252 127 0 0 0 0 0 0 0 0 0 0 0 0 0 0 0 0 0 0 0 0 0 0 0 0 0 0 0 0 0 0 0 0 0 0 0 0 0 0 0 0 0 0 0 0 0 0 0 0 0 0 0 0 0 0 0 0 0 0 0 0 0 0 0 0 0 0 data 8 0x20002 0x22e8 0x0 0x0 0x9 0x2 0x0 0x0 oops 0 methods 0
ciMethodData java/util/LinkedHashMap afterNodeAccess (Ljava/util/HashMap$Node;)V 1 421 orig 80 0 0 0 0 0 0 0 0 0 0 0 0 252 127 0 0 0 0 0 0 0 0 0 0 0 0 0 0 0 0 0 0 0 0 0 0 0 0 0 0 0 0 0 0 0 0 0 0 0 0 0 0 0 0 0 0 0 0 0 0 0 0 0 0 0 0 0 0 0 0 0 0 0 0 0 0 0 0 0 0 data 46 0x40007 0x1a5 0x120 0x0 0xe0007 0x0 0x100 0x0 0x120004 0x0 0x0 0x0 0x0 0x0 0x0 0x290007 0x0 0x38 0x0 0x320003 0x0 0x18 0x3e0007 0x0 0x38 0x0 0x480003 0x0 0x18 0x4f0007 0x0 0x38 0x0 0x570003 0x0 0x18 0x0 0x0 0x0 0x0 0x0 0x0 0x9 0x2 0xc8 0x18 oops 0 methods 0
ciMethodData java/lang/String indexOf (Ljava/lang/String;I)I 2 7645 orig 80 0 0 0 0 0 0 0 0 0 0 0 0 252 127 0 0 0 0 0 0 0 0 0 0 0 0 0 0 0 0 0 0 0 0 0 0 0 0 0 0 0 0 0 0 0 0 0 0 0 0 0 0 0 0 0 0 0 0 0 0 0 0 0 0 0 0 0 0 0 0 0 0 0 0 0 0 0 0 0 0 data 27 0x50005 0x1cdd 0x0 0x0 0x0 0x0 0x0 0x90005 0x1cdd 0x0 0x0 0x0 0x0 0x0 0xe0002 0x1cdd 0x0 0x0 0x0 0x0 0x0 0x0 0x9 0x3 0x0 0x0 0x0 oops 0 methods 0
ciMethodData java/lang/String indexOf ([BBILjava/lang/String;I)I 2 7554 orig 80 0 0 0 0 0 0 0 0 0 0 0 0 252 127 0 0 0 0 0 0 0 0 0 0 0 0 0 0 0 0 0 0 0 0 0 0 0 0 0 0 0 0 0 0 0 0 0 0 0 0 0 0 0 0 0 0 0 0 0 0 0 0 0 0 0 0 0 0 0 0 0 0 0 0 0 0 0 0 0 0 data 71 0x70005 0x1c82 0x0 0x0 0x0 0x0 0x0 0xd0005 0x1c82 0x0 0x0 0x0 0x0 0x0 0x150007 0x1bad 0x58 0xd5 0x1a0007 0xd5 0x38 0x0 0x1e0003 0x0 0x18 0x250007 0x1bad 0x20 0x0 0x2d0007 0x1bad 0x20 0x0 0x360007 0x1bac 0x20 0x1 0x3e0007 0x0 0x78 0x1bac 0x420007 0x0 0x48 0x1bac 0x4d0002 0x1bac 0x500003 0x1bac 0x28 0x5b0002 0x0 0x600007 0x0 0x20 0x0 0x6d0002 0x0 0x0 0x0 0x0 0x0 0x0 0x0 0x9 0x5 0xffffffffffffffff 0x0 0x0 0x0 0x0 oops 0 methods 0
ciMethodData java/lang/StringUTF16 indexOfLatin1 ([BI[BII)I 1 0 orig 80 0 0 0 0 0 0 0 0 0 0 0 0 252 127 0 0 0 0 0 0 0 0 0 0 0 0 0 0 0 0 0 0 0 0 0 0 0 0 0 0 0 0 0 0 0 0 0 0 0 0 0 0 0 0 0 0 0 0 0 0 0 0 0 0 0 0 0 0 0 0 0 0 0 0 0 0 0 0 0 0 data 19 0x40002 0x0 0xb0002 0x0 0x140002 0x0 0x0 0x0 0x0 0x0 0x0 0x0 0x9 0x5 0xffffffffffffffff 0x0 0xffffffffffffffff 0x0 0x0 oops 0 methods 0
ciMethodData java/lang/String indexOf (Ljava/lang/String;)I 2 9186 orig 80 1 0 0 0 0 0 0 0 0 0 0 0 252 127 0 0 0 0 0 0 0 0 0 0 0 0 0 0 0 0 0 0 0 0 0 0 0 0 0 1 0 0 0 0 0 0 0 0 0 0 0 0 0 0 0 0 0 0 0 0 0 0 0 0 0 0 0 0 0 0 0 0 0 0 0 0 0 0 0 0 data 52 0x10005 0x22e2 0x0 0x0 0x0 0x0 0x0 0x70005 0x22e2 0x0 0x0 0x0 0x0 0x0 0x80000006000a0007 0x1 0xb0 0x22e2 0xe0005 0x22e2 0x0 0x0 0x0 0x0 0x0 0x110007 0x0 0x48 0x22e2 0x1c0002 0x22e2 0x1f0003 0x22e2 0x28 0x2a0002 0x0 0x2f0007 0x1 0x20 0x0 0x3c0002 0x1 0x0 0x0 0x0 0x0 0x0 0x0 0x9 0x2 0x0 0x0 oops 0 methods 0
ciMethod java/util/Stack push (Ljava/lang/Object;)Ljava/lang/Object; 536 0 3026 0 0
ciMethod java/util/Stack pop ()Ljava/lang/Object; 540 0 3133 0 -1
ciMethodData java/lang/String substring (I)Ljava/lang/String; 2 4127 orig 80 0 0 0 0 0 0 0 0 0 0 0 0 252 127 0 0 0 0 0 0 0 0 0 0 0 0 0 0 0 0 0 0 0 0 0 0 0 0 0 0 0 0 0 0 0 0 0 0 0 0 0 0 0 0 0 0 0 0 0 0 0 0 0 0 0 0 0 0 0 0 0 0 0 0 0 0 0 0 0 0 data 24 0x30005 0xfc9 0x0 0x0 0x0 0x0 0x0 0x60005 0xfc9 0x0 0x0 0x0 0x0 0x0 0x0 0x0 0x0 0x0 0x0 0x0 0x9 0x2 0x0 0x0 oops 0 methods 0
ciMethodData java/lang/String valueOf (Ljava/lang/Object;)Ljava/lang/String; 2 8395 orig 80 0 0 0 0 0 0 0 0 0 0 0 0 252 127 0 0 0 0 0 0 0 0 0 0 0 0 0 0 0 0 0 0 0 0 0 0 0 0 0 0 0 0 0 0 0 0 0 0 0 0 0 0 0 0 0 0 0 0 0 0 0 0 0 0 0 0 0 0 0 0 0 0 0 0 0 0 0 0 0 0 data 23 0x10007 0x2084 0x38 0x6 0x70003 0x6 0x50 0xb0005 0x95 0x0 0x155a97efff0 0x1fee 0x155a98ddeb0 0x1 0x0 0x0 0x0 0x0 0x0 0x0 0x9 0x1 0xffffffffffffffff oops 2 10 java/lang/String 12 org/codehaus/plexus/classworlds/realm/ClassRealm methods 0
ciMethodData java/util/HashSet contains (Ljava/lang/Object;)Z 2 7874 orig 80 0 0 0 0 0 0 0 0 0 0 0 0 252 127 0 0 0 0 0 0 0 0 0 0 0 0 0 0 0 0 0 0 0 0 0 0 0 0 0 0 0 0 0 0 0 0 0 0 0 0 0 0 0 0 0 0 0 0 0 0 0 0 0 0 0 0 0 0 0 0 0 0 0 0 0 0 0 0 0 0 data 17 0x50005 0x0 0x0 0x155ef44bcb0 0x1e96 0x155ef49f5a0 0x25 0x0 0x0 0x0 0x0 0x0 0x0 0x9 0x2 0x0 0x0 oops 2 3 java/util/HashMap 5 java/util/LinkedHashMap methods 0
ciMethodData java/util/ArrayList$Itr hasNext ()Z 2 6404 orig 80 0 0 0 0 0 0 0 0 0 0 0 0 252 127 0 0 0 0 0 0 0 0 0 0 0 0 0 0 0 0 0 0 0 0 0 0 0 0 0 0 0 0 0 0 0 0 0 0 0 0 0 0 0 0 0 0 0 0 0 0 0 0 0 0 0 0 0 0 0 0 0 0 0 0 0 0 0 0 0 0 data 14 0xb0007 0xa5f 0x38 0xda4 0xf0003 0xda4 0x18 0x0 0x0 0x0 0x0 0x9 0x1 0x0 oops 0 methods 0
ciMethodData java/util/ArrayList$Itr checkForComodification ()V 2 14065 orig 80 0 0 0 0 0 0 0 0 0 0 0 0 252 127 0 0 0 0 0 0 0 0 0 0 0 0 0 0 0 0 0 0 0 0 0 0 0 0 0 0 0 0 0 0 0 0 0 0 0 0 0 0 0 0 0 0 0 0 0 0 0 0 0 0 0 0 0 0 0 0 0 0 0 0 0 0 0 0 0 0 data 13 0xb0007 0x35f0 0x30 0x0 0x120002 0x0 0x0 0x0 0x0 0x0 0x9 0x1 0x0 oops 0 methods 0
ciMethodData java/util/ArrayList$Itr next ()Ljava/lang/Object; 2 9600 orig 80 0 0 0 0 0 0 0 0 0 0 0 0 252 127 0 0 0 0 0 0 0 0 0 0 0 0 0 0 0 0 0 0 0 0 0 0 0 0 0 0 0 0 0 0 0 0 0 0 0 0 0 0 0 0 0 0 0 0 0 0 0 0 0 0 0 0 0 0 0 0 0 0 0 0 0 0 0 0 0 0 data 28 0x10005 0x2480 0x0 0x0 0x0 0x0 0x0 0x110007 0x2480 0x30 0x0 0x180002 0x0 0x270007 0x2480 0x30 0x0 0x2e0002 0x0 0x0 0x0 0x0 0x0 0x0 0x0 0x9 0x1 0x0 oops 0 methods 0
ciMethodData java/util/ArrayList$Itr <init> (Ljava/util/ArrayList;)V 2 9008 orig 80 0 0 0 0 0 0 0 0 0 0 0 0 252 127 0 0 0 0 0 0 0 0 0 0 0 0 0 0 0 0 0 0 0 0 0 0 0 0 0 0 0 0 0 0 0 0 0 0 0 0 0 0 0 0 0 0 0 0 0 0 0 0 0 0 0 0 0 0 0 0 0 0 0 0 0 0 0 0 0 0 data 10 0x60002 0x2230 0x0 0x0 0x0 0x0 0x9 0x2 0xc 0x0 oops 0 methods 0
ciMethodData java/util/ArrayList iterator ()Ljava/util/Iterator; 2 6719 orig 80 0 0 0 0 0 0 0 0 0 0 0 0 252 127 0 0 0 0 0 0 0 0 0 0 0 0 0 0 0 0 0 0 0 0 0 0 0 0 0 0 0 0 0 0 0 0 0 0 0 0 0 0 0 0 0 0 0 0 0 0 0 0 0 0 0 0 0 0 0 0 0 0 0 0 0 0 0 0 0 0 data 8 0x50002 0x193e 0x0 0x0 0x0 0x9 0x1 0x0 oops 0 methods 0
ciMethodData java/util/ArrayList isEmpty ()Z 2 5394 orig 80 0 0 0 0 0 0 0 0 0 0 0 0 252 127 0 0 0 0 0 0 0 0 0 0 0 0 0 0 0 0 0 0 0 0 0 0 0 0 0 0 0 0 0 0 0 0 0 0 0 0 0 0 0 0 0 0 0 0 0 0 0 0 0 0 0 0 0 0 0 0 0 0 0 0 0 0 0 0 0 0 data 13 0x40007 0x9e5 0x38 0xa2c 0x80003 0xa2c 0x18 0x0 0x0 0x0 0x9 0x1 0x0 oops 0 methods 0
ciMethodData java/util/HashMap removeNode (ILjava/lang/Object;Ljava/lang/Object;ZZ)Ljava/util/HashMap$Node; 2 1881 orig 80 0 0 0 0 0 0 0 0 0 0 0 0 252 127 0 0 0 0 0 0 0 0 0 0 0 0 0 0 0 0 0 0 0 0 0 0 0 0 0 0 0 0 0 0 0 0 0 0 0 0 0 0 0 0 0 0 0 0 0 0 0 0 0 0 0 0 0 0 0 0 0 0 0 0 0 0 0 0 0 0 data 191 0x70007 0x0 0x580 0x5d8 0x100007 0x0 0x560 0x5d8 0x220007 0x12a 0x540 0x4ae 0x2e0007 0x5e 0xd0 0x450 0x3a0007 0x3f5 0x98 0x5b 0x3e0007 0x0 0x90 0x5b 0x440005 0x0 0x0 0x155a97efff0 0x5b 0x0 0x0 0x470007 0x0 0x38 0x5b 0x4e0003 0x450 0x208 0x590007 0x6 0x1f0 0x58 0x5e0004 0xffffffffffffffa8 0x0 0x0 0x0 0x0 0x0 0x610007 0x58 0xa8 0x0 0x660004 0x0 0x0 0x0 0x0 0x0 0x0 0x6b0005 0x0 0x0 0x0 0x0 0x0 0x0 0x700003 0x0 0x108 0x790007 0xf 0xd0 0x55 0x850007 0x4a 0x98 0xb 0x890007 0x0 0x90 0xb 0x8f0005 0x0 0x0 0x155a97efff0 0xb 0x0 0x0 0x920007 0x0 0x38 0xb 0x990003 0x55 0x38 0xa80007 0xc 0xffffffffffffff30 0x3 0xad0007 0x9 0x260 0x4a5 0xb20007 0x4a5 0xb8 0x0 0xbe0007 0x0 0x98 0x0 0xc20007 0x0 0x200 0x0 0xc80005 0x0 0x0 0x0 0x0 0x0 0x0 0xcb0007 0x0 0x1a8 0x0 0xd00004 0xfffffffffffffb5b 0x0 0x0 0x0 0x0 0x0 0xd30007 0x4a5 0xa8 0x0 0xd80004 0x0 0x0 0x0 0x0 0x0 0x0 0xe00005 0x0 0x0 0x0 0x0 0x0 0x0 0xe30003 0x0 0x88 0xea0007 0x55 0x70 0x450 0xf60104 0x0 0x0 0x155ef4a0310 0x4 0x155eff0afb0 0x5 0xf70003 0x450 0x18 0x11b0005 0x0 0x0 0x155ef44bcb0 0x2c0 0x155ef49f5a0 0x1e5 0x0 0x0 0x0 0x0 0x0 0x0 0x0 0x9 0x6 0x0 0x0 0x0 0x0 0x0 0x0 oops 6 27 java/lang/String 85 java/lang/String 162 java/util/HashMap$Node 164 java/util/LinkedHashMap$Entry 172 java/util/HashMap 174 java/util/LinkedHashMap methods 0
ciMethodData java/lang/String contains (Ljava/lang/CharSequence;)Z 2 6098 orig 80 0 0 0 0 0 0 0 0 0 0 0 0 252 127 0 0 0 0 0 0 0 0 0 0 0 0 0 0 0 0 0 0 0 0 0 0 0 0 0 0 0 0 0 0 0 0 0 0 0 0 0 0 0 0 0 0 0 0 0 0 0 0 0 0 0 0 0 0 0 0 0 0 0 0 0 0 0 0 0 0 data 31 0x20005 0x0 0x0 0x155a97efff0 0x16be 0x0 0x0 0x70005 0x16be 0x0 0x0 0x0 0x0 0x0 0xa0007 0x13cc 0x38 0x2f2 0xe0003 0x2f2 0x18 0x0 0x0 0x0 0x0 0x0 0x0 0x9 0x2 0x0 0x0 oops 1 3 java/lang/String methods 0
ciMethodData java/util/Vector indexOf (Ljava/lang/Object;I)I 2 3026 orig 80 0 0 0 0 0 0 0 0 0 0 0 0 252 127 0 0 0 0 0 0 0 0 0 0 0 0 0 0 0 0 0 0 0 0 0 0 0 0 0 0 0 0 0 0 0 0 0 0 0 0 0 0 0 0 0 0 0 0 0 0 0 0 0 0 0 0 0 0 0 0 0 0 0 0 0 0 0 0 0 0 data 47 0x10007 0xad0 0x90 0x0 0xb0007 0x0 0x58 0x0 0x140007 0x0 0x20 0x0 0x1c0003 0x0 0xffffffffffffffc0 0x1f0003 0x0 0xa8 0x290007 0xad0 0x90 0x168 0x330005 0x0 0x0 0x155a97efff0 0x168 0x0 0x0 0x360007 0x168 0x20 0x0 0x3e0003 0x168 0xffffffffffffff88 0x0 0x0 0x0 0x0 0x0 0x0 0x9 0x3 0x0 0x0 0x0 oops 1 25 java/lang/String methods 0
ciMethodData java/util/Vector contains (Ljava/lang/Object;)Z 2 3026 orig 80 0 0 0 0 0 0 0 0 0 0 0 0 252 127 0 0 0 0 0 0 0 0 0 0 0 0 0 0 0 0 0 0 0 0 0 0 0 0 0 0 0 0 0 0 0 0 0 0 0 0 0 0 0 0 0 0 0 0 0 0 0 0 0 0 0 0 0 0 0 0 0 0 0 0 0 0 0 0 0 0 data 24 0x30005 0x0 0x0 0x155f07b6790 0xacc 0x0 0x0 0x60007 0xacc 0x38 0x0 0xa0003 0x0 0x18 0x0 0x0 0x0 0x0 0x0 0x0 0x9 0x2 0x0 0x0 oops 1 3 java/util/Stack methods 0
ciMethodData java/util/Stack push (Ljava/lang/Object;)Ljava/lang/Object; 2 3040 orig 80 0 0 0 0 0 0 0 0 0 0 0 0 252 127 0 0 0 0 0 0 0 0 0 0 0 0 0 0 0 0 0 0 0 0 0 0 0 0 0 0 0 0 0 0 0 0 0 0 0 0 0 0 0 0 0 0 0 0 0 0 0 0 0 0 0 0 0 0 0 0 0 0 0 0 0 0 0 0 0 0 data 17 0x20005 0x0 0x0 0x155f07b6790 0xad4 0x0 0x0 0x0 0x0 0x0 0x0 0x0 0x0 0x9 0x2 0x0 0x0 oops 1 3 java/util/Stack methods 0
ciMethodData java/util/Vector addElement (Ljava/lang/Object;)V 2 3040 orig 80 0 0 0 0 0 0 0 0 0 0 0 0 252 127 0 0 0 0 0 0 0 0 0 0 0 0 0 0 0 0 0 0 0 0 0 0 0 0 0 0 0 0 0 0 0 0 0 0 0 0 0 0 0 0 0 0 0 0 0 0 0 0 0 0 0 0 0 0 0 0 0 0 0 0 0 0 0 0 0 0 data 17 0x140005 0xad2 0x0 0x0 0x0 0x0 0x0 0x0 0x0 0x0 0x0 0x0 0x0 0x9 0x2 0x0 0x0 oops 0 methods 0
ciMethodData java/util/Vector add (Ljava/lang/Object;[Ljava/lang/Object;I)V 2 3040 orig 80 0 0 0 0 0 0 0 0 0 0 0 0 252 127 0 0 0 0 0 0 0 0 0 0 0 0 0 0 0 0 0 0 0 0 0 0 0 0 0 0 0 0 0 0 0 0 0 0 0 0 0 0 0 0 0 0 0 0 0 0 0 0 0 0 0 0 0 0 0 0 0 0 0 0 0 0 0 0 0 0 data 30 0x30007 0xad2 0x58 0x0 0x70005 0x0 0x0 0x0 0x0 0x0 0x0 0xe0004 0x0 0x0 0x155a97efff0 0xad2 0x0 0x0 0x0 0x0 0x0 0x0 0x0 0x0 0x9 0x4 0x0 0x0 0x0 0x0 oops 1 14 java/lang/String methods 0
ciMethod org/codehaus/plexus/interpolation/ValueSource getValue (Ljava/lang/String;Ljava/lang/String;Ljava/lang/String;)Ljava/lang/Object; 528 0 5426 0 -1
ciMethod org/codehaus/plexus/interpolation/StringSearchInterpolator interpolate (Ljava/lang/String;Lorg/codehaus/plexus/interpolation/RecursionInterceptor;Ljava/util/Set;)Ljava/lang/String; 512 2042 4440 0 -1
ciMethod org/codehaus/plexus/interpolation/StringSearchInterpolator getExistingAnswer (Ljava/lang/String;)Ljava/lang/Object; 316 0 3003 0 0
ciMethod org/codehaus/plexus/interpolation/RecursionInterceptor expressionResolutionStarted (Ljava/lang/String;)V 0 0 1 0 -1
ciMethod org/codehaus/plexus/interpolation/RecursionInterceptor expressionResolutionFinished (Ljava/lang/String;)V 0 0 1 0 -1
ciMethod org/codehaus/plexus/interpolation/RecursionInterceptor hasRecursiveExpression (Ljava/lang/String;)Z 0 0 1 0 -1
ciMethod org/apache/maven/model/path/PathTranslator alignToBaseDirectory (Ljava/lang/String;Ljava/io/File;)Ljava/lang/String; 0 0 1 0 -1
ciMethod org/apache/maven/model/path/UrlNormalizer normalize (Ljava/lang/String;)Ljava/lang/String; 0 0 1 0 -1
ciMethod org/apache/maven/model/path/DefaultUrlNormalizer normalize (Ljava/lang/String;)Ljava/lang/String; 76 0 469 0 0
ciMethod org/codehaus/plexus/interpolation/InterpolationPostProcessor execute (Ljava/lang/String;Ljava/lang/Object;)Ljava/lang/Object; 0 0 1 0 -1
ciMethod org/apache/maven/model/interpolation/PathTranslatingPostProcessor execute (Ljava/lang/String;Ljava/lang/Object;)Ljava/lang/Object; 408 0 204 0 0
ciMethod org/apache/maven/model/interpolation/UrlNormalizingPostProcessor execute (Ljava/lang/String;Ljava/lang/Object;)Ljava/lang/Object; 512 0 1981 0 0
ciMethod org/codehaus/plexus/interpolation/PrefixAwareRecursionInterceptor hasRecursiveExpression (Ljava/lang/String;)Z 514 0 3026 0 0
ciMethod org/codehaus/plexus/interpolation/PrefixAwareRecursionInterceptor expressionResolutionFinished (Ljava/lang/String;)V 540 0 3133 0 0
ciMethod org/codehaus/plexus/interpolation/PrefixAwareRecursionInterceptor expressionResolutionStarted (Ljava/lang/String;)V 528 0 3026 0 0
ciMethod org/codehaus/plexus/interpolation/util/ValueSourceUtils trimPrefix (Ljava/lang/String;Ljava/util/Collection;Z)Ljava/lang/String; 408 786 204 0 -1
ciMethod org/codehaus/plexus/interpolation/util/ValueSourceUtils trimPrefix (Ljava/lang/String;[Ljava/lang/String;Z)Ljava/lang/String; 540 1080 5503 0 2240
ciMethodData org/codehaus/plexus/interpolation/util/ValueSourceUtils trimPrefix (Ljava/lang/String;[Ljava/lang/String;Z)Ljava/lang/String; 2 7971 orig 80 0 0 0 0 0 0 0 0 0 0 0 0 252 127 0 0 0 0 0 0 0 0 0 0 0 0 0 0 0 0 0 0 0 0 0 0 0 0 0 0 0 0 0 0 0 0 0 0 0 0 0 0 0 0 0 0 0 0 0 0 0 0 0 0 0 0 0 0 0 0 0 0 0 0 0 0 0 0 0 0 data 76 0x10007 0x1471 0x20 0x0 0x170007 0x896 0x1a8 0x28e2 0x240005 0x28e2 0x0 0x0 0x0 0x0 0x0 0x270007 0x1d07 0x138 0xbdb 0x2d0005 0xbdb 0x0 0x0 0x0 0x0 0x0 0x300005 0xbdb 0x0 0x0 0x0 0x0 0x0 0x370005 0xbdb 0x0 0x0 0x0 0x0 0x0 0x3a0007 0xbdb 0x88 0x0 0x3f0005 0x0 0x0 0x0 0x0 0x0 0x0 0x430003 0x0 0x30 0x490003 0x1d07 0xfffffffffffffe70 0x4d0007 0xbdb 0x40 0x896 0x510007 0x2fe 0x20 0x598 0x0 0x0 0x0 0x0 0x0 0x0 0x9 0x3 0x0 0x0 0x0 oops 0 methods 0
ciMethodData org/codehaus/plexus/interpolation/StringSearchInterpolator interpolate (Ljava/lang/String;Lorg/codehaus/plexus/interpolation/RecursionInterceptor;Ljava/util/Set;)Ljava/lang/String; 2 13079 orig 80 0 0 0 0 0 0 0 0 0 0 0 0 252 127 0 0 0 0 0 0 0 0 0 0 0 0 0 0 0 0 0 0 0 0 0 0 0 0 0 0 0 0 0 0 0 0 0 0 0 0 0 0 0 0 0 0 0 0 0 0 0 0 0 0 0 0 0 0 0 0 0 0 0 0 0 0 0 0 0 0 data 534 0x10007 0x1058 0x20 0x0 0x130005 0x1058 0x0 0x0 0x0 0x0 0x0 0x1a0007 0x5d0 0xfa8 0xa88 0x220005 0xa88 0x0 0x0 0x0 0x0 0x0 0x270002 0xa88 0x350005 0xb01 0x0 0x0 0x0 0x0 0x0 0x420005 0xb01 0x0 0x0 0x0 0x0 0x0 0x490007 0xb01 0x38 0x0 0x4c0003 0x0 0xce8 0x580005 0xb01 0x0 0x0 0x0 0x0 0x0 0x5c0005 0xb01 0x0 0x0 0x0 0x0 0x0 0x670005 0xb01 0x0 0x0 0x0 0x0 0x0 0x6c0005 0xb01 0x0 0x0 0x0 0x0 0x0 0x730005 0xb01 0x0 0x0 0x0 0x0 0x0 0x770005 0xb01 0x0 0x0 0x0 0x0 0x0 0x7e0007 0x0 0x278 0xb01 0x850007 0xb01 0x258 0x0 0x8c0005 0x0 0x0 0x0 0x0 0x0 0x0 0x8f0007 0x0 0x200 0x0 0x940007 0x0 0x38 0x0 0x980003 0x0 0x50 0xa10005 0x0 0x0 0x0 0x0 0x0 0x0 0xa90007 0x0 0x170 0x0 0xb10005 0x0 0x0 0x0 0x0 0x0 0x0 0xbc0005 0x0 0x0 0x0 0x0 0x0 0x0 0xbf0007 0x0 0xe0 0x0 0xc60005 0x0 0x0 0x0 0x0 0x0 0x0 0xd40005 0x0 0x0 0x0 0x0 0x0 0x0 0xda0005 0x0 0x0 0x0 0x0 0x0 0x0 0xde0003 0x0 0x8c8 0xe70005 0x0 0x0 0x155ef44b7e0 0xb01 0x0 0x0 0xec0007 0x1 0x7c8 0xb00 0xf30005 0xb00 0x0 0x0 0x0 0x0 0x0 0xf60007 0xb00 0x58 0x0 0xfc0005 0x0 0x0 0x0 0x0 0x0 0x0 0x1040005 0x0 0x0 0x155ef44b890 0xb00 0x0 0x0 0x1090007 0xb00 0x30 0x0 0x1150002 0x0 0x11c0005 0x0 0x0 0x155ef44b890 0xb00 0x0 0x0 0x1240005 0x0 0x0 0x155ef449ac0 0xb00 0x0 0x0 0x1300005 0x0 0x0 0x155a97f3300 0xb00 0x0 0x0 0x1390005 0x0 0x0 0x155ef44b940 0x325c 0x0 0x0 0x13e0007 0x401 0x1c8 0x2e5b 0x1430005 0x0 0x0 0x155ef44b940 0x2e5b 0x0 0x0 0x1480004 0x0 0x0 0x155ef44b9f0 0x91 0x155ef44baa0 0x42 0x14f0007 0x275c 0x38 0x6ff 0x1520003 0x6ff 0x118 0x1610005 0x2694 0x0 0x155ef44b9f0 0x86 0x155ef44baa0 0x42 0x16a0007 0x219c 0xb0 0x5c0 0x16f0005 0x0 0x0 0x155a97efff0 0x5c0 0x0 0x0 0x1740005 0x5c0 0x0 0x0 0x0 0x0 0x0 0x1770007 0x5c0 0x20 0x0 0x1810003 0x275c 0xfffffffffffffe18 0x1860007 0x6ff 0x50 0x401 0x18b0007 0x401 0x30 0x0 0x1970002 0x0 0x19d0007 0x401 0x2f8 0x6ff 0x1a30002 0x6ff 0x1a80002 0x6ff 0x1b10007 0x0 0x200 0x6ff 0x1b80005 0x0 0x0 0x155a97f3300 0x6ff 0x0 0x0 0x1bd0007 0x0 0x1a8 0x6ff 0x1c40005 0x0 0x0 0x155a97f3300 0x6ff 0x0 0x0 0x1cd0005 0x0 0x0 0x155ef44b940 0xe39 0x0 0x0 0x1d20007 0x6f4 0x118 0x745 0x1d70005 0x0 0x0 0x155ef44b940 0x745 0x0 0x0 0x1dc0004 0x0 0x0 0x155ef44bb50 0x4c 0x155ef44bc00 0x6f9 0x1e70005 0x0 0x0 0x155ef44bb50 0x4c 0x155ef44bc00 0x6f9 0x1f00007 0x73a 0x38 0xb 0x1f70003 0xb 0x30 0x1fa0003 0x73a 0xfffffffffffffec8 0x2010002 0x6ff 0x2040005 0x6ff 0x0 0x0 0x0 0x0 0x0 0x20f0007 0x0 0xa8 0x6ff 0x21a0005 0x0 0x0 0x155ef44bcb0 0x6ff 0x0 0x0 0x2200003 0x6ff 0x50 0x2260005 0x0 0x0 0x155ef44b7e0 0x401 0x0 0x0 0x22f0005 0x0 0x0 0x155ef44b890 0xb00 0x0 0x0 0x2340003 0xb00 0x50 0x23c0005 0x0 0x0 0x0 0x0 0x0 0x0 0x2460007 0x6ff 0x58 0x402 0x24d0005 0x402 0x0 0x0 0x0 0x0 0x0 0x2540007 0x0 0x58 0xb01 0x25d0005 0xb01 0x0 0x0 0x0 0x0 0x0 0x26e0005 0xb01 0x0 0x0 0x0 0x0 0x0 0x2750007 0x79 0xfffffffffffff2a8 0xa88 0x27b0007 0xa88 0xc8 0x0 0x2810007 0x0 0xa8 0x0 0x28a0005 0x0 0x0 0x0 0x0 0x0 0x0 0x28d0005 0x0 0x0 0x0 0x0 0x0 0x0 0x2910003 0x0 0xe0 0x2970005 0xa88 0x0 0x0 0x0 0x0 0x0 0x29a0007 0x0 0x90 0xa88 0x2a50005 0xa88 0x0 0x0 0x0 0x0 0x0 0x2a80005 0xa88 0x0 0x0 0x0 0x0 0x0 0x2ae0005 0xa88 0x0 0x0 0x0 0x0 0x0 0x0 0x0 0x0 0x0 0x0 0x0 0x0 0x0 0x0 0x0 0x0 0x0 0x0 0x0 0x0 0x0 0x9 0x4 0x0 0x0 0x0 0x0 oops 23 169 java/util/HashSet 198 org/codehaus/plexus/interpolation/PrefixAwareRecursionInterceptor 211 org/codehaus/plexus/interpolation/PrefixAwareRecursionInterceptor 218 org/codehaus/plexus/interpolation/StringSearchInterpolator 225 java/util/ArrayList 232 java/util/ArrayList$Itr 243 java/util/ArrayList$Itr 250 org/codehaus/plexus/interpolation/PrefixedValueSourceWrapper 252 org/apache/maven/model/interpolation/BuildTimestampValueSource 264 org/codehaus/plexus/interpolation/PrefixedValueSourceWrapper 266 org/apache/maven/model/interpolation/BuildTimestampValueSource 275 java/lang/String 318 java/util/ArrayList 329 java/util/ArrayList 336 java/util/ArrayList$Itr 347 java/util/ArrayList$Itr 354 org/apache/maven/model/interpolation/PathTranslatingPostProcessor 356 org/apache/maven/model/interpolation/UrlNormalizingPostProcessor 361 org/apache/maven/model/interpolation/PathTranslatingPostProcessor 363 org/apache/maven/model/interpolation/UrlNormalizingPostProcessor 391 java/util/HashMap 401 java/util/HashSet 408 org/codehaus/plexus/interpolation/PrefixAwareRecursionInterceptor methods 0
ciMethodData org/codehaus/plexus/interpolation/StringSearchInterpolator getExistingAnswer (Ljava/lang/String;)Ljava/lang/Object; 2 3040 orig 80 0 0 0 0 0 0 0 0 0 0 0 0 252 127 0 0 0 0 0 0 0 0 0 0 0 0 0 0 0 0 0 0 0 0 0 0 0 0 0 0 0 0 0 0 0 0 0 0 0 0 0 0 0 0 0 0 0 0 0 0 0 0 0 0 0 0 0 0 0 0 0 0 0 0 0 0 0 0 0 0 data 17 0x50005 0x0 0x0 0x155ef44bcb0 0xb42 0x0 0x0 0x0 0x0 0x0 0x0 0x0 0x0 0x9 0x2 0x0 0x0 oops 1 3 java/util/HashMap methods 0
ciMethodData org/codehaus/plexus/interpolation/PrefixAwareRecursionInterceptor hasRecursiveExpression (Ljava/lang/String;)Z 2 3026 orig 80 0 0 0 0 0 0 0 0 0 0 0 0 252 127 0 0 0 0 0 0 0 0 0 0 0 0 0 0 0 0 0 0 0 0 0 0 0 0 0 0 0 0 0 0 0 0 0 0 0 0 0 0 0 0 0 0 0 0 0 0 0 0 0 0 0 0 0 0 0 0 0 0 0 0 0 0 0 0 0 0 data 30 0x90002 0xad1 0xe0007 0x0 0x90 0xad1 0x160005 0x0 0x0 0x155f07b6790 0xad1 0x0 0x0 0x190007 0xad1 0x38 0x0 0x1d0003 0x0 0x18 0x0 0x0 0x0 0x0 0x0 0x0 0x9 0x2 0x0 0x0 oops 1 9 java/util/Stack methods 0
ciMethodData org/codehaus/plexus/interpolation/PrefixAwareRecursionInterceptor expressionResolutionStarted (Ljava/lang/String;)V 2 3026 orig 80 0 0 0 0 0 0 0 0 0 0 0 0 252 127 0 0 0 0 0 0 0 0 0 0 0 0 0 0 0 0 0 0 0 0 0 0 0 0 0 0 0 0 0 0 0 0 0 0 0 0 0 0 0 0 0 0 0 0 0 0 0 0 0 0 0 0 0 0 0 0 0 0 0 0 0 0 0 0 0 0 data 19 0x90002 0xaca 0x120005 0x0 0x0 0x155f07b6790 0xaca 0x0 0x0 0x0 0x0 0x0 0x0 0x0 0x0 0x9 0x2 0x0 0x0 oops 1 5 java/util/Stack methods 0
ciMethodData org/codehaus/plexus/interpolation/PrefixAwareRecursionInterceptor expressionResolutionFinished (Ljava/lang/String;)V 2 3257 orig 80 0 0 0 0 0 0 0 0 0 0 0 0 252 127 0 0 0 0 0 0 0 0 0 0 0 0 0 0 0 0 0 0 0 0 0 0 0 0 0 0 0 0 0 0 0 0 0 0 0 0 0 0 0 0 0 0 0 0 0 0 0 0 0 0 0 0 0 0 0 0 0 0 0 0 0 0 0 0 0 0 data 17 0x40005 0x0 0x0 0x155f07b6790 0xbab 0x0 0x0 0x0 0x0 0x0 0x0 0x0 0x0 0x9 0x2 0x0 0x0 oops 1 3 java/util/Stack methods 0
ciMethodData org/apache/maven/model/interpolation/UrlNormalizingPostProcessor execute (Ljava/lang/String;Ljava/lang/Object;)Ljava/lang/Object; 2 1981 orig 80 0 0 0 0 0 0 0 0 0 0 0 0 252 127 0 0 0 0 0 0 0 0 0 0 0 0 0 0 0 0 0 0 0 0 0 0 0 0 0 0 0 0 0 0 0 0 0 0 0 0 0 0 0 0 0 0 0 0 0 0 0 0 0 0 0 0 0 0 0 0 0 0 0 0 0 0 0 0 0 0 data 40 0x10007 0x0 0xe8 0x6bd 0x80005 0x0 0x0 0x155ef44b7e0 0x6bd 0x0 0x0 0xd0007 0x6b8 0x90 0x5 0x150005 0x0 0x0 0x155a97efff0 0x5 0x0 0x0 0x180005 0x0 0x0 0x155ef2ad380 0x5 0x0 0x0 0x0 0x0 0x0 0x0 0x0 0x0 0x9 0x3 0x0 0x0 0x0 oops 3 7 java/util/HashSet 18 java/lang/String 25 org/apache/maven/model/path/DefaultUrlNormalizer methods 0
ciMethodData org/apache/maven/model/path/DefaultUrlNormalizer normalize (Ljava/lang/String;)Ljava/lang/String; 1 490 orig 80 0 0 0 0 0 0 0 0 0 0 0 0 252 127 0 0 0 0 0 0 0 0 0 0 0 0 0 0 0 0 0 0 0 0 0 0 0 0 0 0 0 0 0 0 0 0 0 0 0 0 0 0 0 0 0 0 0 0 0 0 0 0 0 0 0 0 0 0 0 0 0 0 0 0 0 0 0 0 0 0 data 121 0x30007 0x1c 0x378 0x1a8 0x90005 0x1ab 0x0 0x0 0x0 0x0 0x0 0xe0007 0x3 0x38 0x1a8 0x110003 0x1a8 0x300 0x150007 0x3 0x70 0x0 0x1a0005 0x0 0x0 0x0 0x0 0x0 0x0 0x1e0003 0x0 0xffffffffffffff38 0x280007 0x0 0x90 0x3 0x2e0005 0x3 0x0 0x0 0x0 0x0 0x0 0x330007 0x3 0x38 0x0 0x390003 0x0 0xffffffffffffff88 0x410005 0x3 0x0 0x0 0x0 0x0 0x0 0x480007 0x3 0x70 0x0 0x4f0005 0x0 0x0 0x0 0x0 0x0 0x0 0x530003 0x0 0x140 0x5a0002 0x3 0x610005 0x3 0x0 0x0 0x0 0x0 0x0 0x640005 0x3 0x0 0x0 0x0 0x0 0x0 0x6b0005 0x3 0x0 0x0 0x0 0x0 0x0 0x6e0005 0x3 0x0 0x0 0x0 0x0 0x0 0x710005 0x3 0x0 0x0 0x0 0x0 0x0 0x750003 0x3 0xfffffffffffffcc0 0x0 0x0 0x0 0x0 0x0 0x0 0x9 0x2 0x0 0x0 oops 0 methods 0
compile org/codehaus/plexus/interpolation/StringSearchInterpolator interpolate (Ljava/lang/String;Lorg/codehaus/plexus/interpolation/RecursionInterceptor;Ljava/util/Set;)Ljava/lang/String; -1 4 inline 217 0 -1 org/codehaus/plexus/interpolation/StringSearchInterpolator interpolate (Ljava/lang/String;Lorg/codehaus/plexus/interpolation/RecursionInterceptor;Ljava/util/Set;)Ljava/lang/String; 1 19 java/lang/String indexOf (Ljava/lang/String;I)I 2 5 java/lang/String coder ()B 2 9 java/lang/String length ()I 3 6 java/lang/String coder ()B 2 14 java/lang/String indexOf ([BBILjava/lang/String;I)I 3 7 java/lang/String coder ()B 3 13 java/lang/String length ()I 4 6 java/lang/String coder ()B 1 34 java/lang/String length ()I 2 6 java/lang/String coder ()B 1 39 java/lang/StringBuilder <init> (I)V 1 53 java/lang/StringBuilder append (Ljava/lang/CharSequence;II)Ljava/lang/StringBuilder; 2 4 java/lang/AbstractStringBuilder append (Ljava/lang/CharSequence;II)Ljava/lang/AbstractStringBuilder; 3 10 java/lang/String length ()I 4 6 java/lang/String coder ()B 3 15 java/lang/AbstractStringBuilder checkRange (III)V 3 31 java/lang/AbstractStringBuilder ensureCapacityInternal (I)V 4 24 java/lang/AbstractStringBuilder newCapacity (I)I 5 29 jdk/internal/util/ArraysSupport newLength (III)I 4 32 java/util/Arrays copyOf ([BI)[B 3 48 java/lang/AbstractStringBuilder appendChars (Ljava/lang/String;II)V 4 1 java/lang/AbstractStringBuilder isLatin1 ()Z 4 8 java/lang/String isLatin1 ()Z 4 15 java/lang/String value ()[B 1 66 java/lang/String indexOf (Ljava/lang/String;I)I 2 5 java/lang/String coder ()B 2 9 java/lang/String length ()I 3 6 java/lang/String coder ()B 2 14 java/lang/String indexOf ([BBILjava/lang/String;I)I 3 7 java/lang/String coder ()B 3 13 java/lang/String length ()I 4 6 java/lang/String coder ()B 1 88 java/lang/String length ()I 2 6 java/lang/String coder ()B 1 92 java/lang/String substring (II)Ljava/lang/String; 2 1 java/lang/String length ()I 3 6 java/lang/String coder ()B 2 8 java/lang/String checkBoundsBeginEnd (III)V 2 28 java/lang/String isLatin1 ()Z 2 41 java/lang/StringLatin1 newString ([BII)Ljava/lang/String; 3 16 java/util/Arrays copyOfRange ([BII)[B 3 20 java/lang/String <init> ([BB)V 4 1 java/lang/Object <init> ()V 1 103 java/lang/String length ()I 2 6 java/lang/String coder ()B 1 108 java/lang/String length ()I 2 6 java/lang/String coder ()B 1 115 java/lang/String length ()I 2 6 java/lang/String coder ()B 1 119 java/lang/String substring (II)Ljava/lang/String; 2 1 java/lang/String length ()I 3 6 java/lang/String coder ()B 2 8 java/lang/String checkBoundsBeginEnd (III)V 2 28 java/lang/String isLatin1 ()Z 2 41 java/lang/StringLatin1 newString ([BII)Ljava/lang/String; 3 16 java/util/Arrays copyOfRange ([BII)[B 3 20 java/lang/String <init> ([BB)V 4 1 java/lang/Object <init> ()V 1 231 java/util/HashSet contains (Ljava/lang/Object;)Z 2 5 java/util/HashMap containsKey (Ljava/lang/Object;)Z 3 2 java/util/HashMap getNode (Ljava/lang/Object;)Ljava/util/HashMap$Node; 4 23 java/util/HashMap hash (Ljava/lang/Object;)I 5 9 java/lang/String hashCode ()I 6 17 java/lang/String isLatin1 ()Z 6 27 java/lang/StringLatin1 hashCode ([B)I 4 63 java/lang/String equals (Ljava/lang/Object;)Z 4 128 java/lang/String equals (Ljava/lang/Object;)Z 1 243 java/lang/String startsWith (Ljava/lang/String;)Z 2 3 java/lang/String startsWith (Ljava/lang/String;I)Z 3 6 java/lang/String length ()I 4 6 java/lang/String coder ()B 3 10 java/lang/String length ()I 4 6 java/lang/String coder ()B 3 39 java/lang/String coder ()B 3 47 java/lang/String coder ()B 1 260 org/codehaus/plexus/interpolation/PrefixAwareRecursionInterceptor hasRecursiveExpression (Ljava/lang/String;)Z 2 9 org/codehaus/plexus/interpolation/util/ValueSourceUtils trimPrefix (Ljava/lang/String;[Ljava/lang/String;Z)Ljava/lang/String; 3 36 java/lang/String startsWith (Ljava/lang/String;)Z 4 3 java/lang/String startsWith (Ljava/lang/String;I)Z 5 6 java/lang/String length ()I 6 6 java/lang/String coder ()B 5 10 java/lang/String length ()I 6 6 java/lang/String coder ()B 5 39 java/lang/String coder ()B 5 47 java/lang/String coder ()B 3 45 java/lang/String length ()I 4 6 java/lang/String coder ()B 3 48 java/lang/String substring (I)Ljava/lang/String; 4 3 java/lang/String length ()I 5 6 java/lang/String coder ()B 4 6 java/lang/String substring (II)Ljava/lang/String; 5 1 java/lang/String length ()I 6 6 java/lang/String coder ()B 5 8 java/lang/String checkBoundsBeginEnd (III)V 5 28 java/lang/String isLatin1 ()Z 5 41 java/lang/StringLatin1 newString ([BII)Ljava/lang/String; 6 16 java/util/Arrays copyOfRange ([BII)[B 6 20 java/lang/String <init> ([BB)V 7 1 java/lang/Object <init> ()V 3 55 java/lang/String startsWith (Ljava/lang/String;)Z 4 3 java/lang/String startsWith (Ljava/lang/String;I)Z 5 6 java/lang/String length ()I 6 6 java/lang/String coder ()B 5 10 java/lang/String length ()I 6 6 java/lang/String coder ()B 5 39 java/lang/String coder ()B 5 47 java/lang/String coder ()B 2 22 java/util/Vector contains (Ljava/lang/Object;)Z 3 3 java/util/Vector indexOf (Ljava/lang/Object;I)I 4 51 java/lang/String equals (Ljava/lang/Object;)Z 1 284 org/codehaus/plexus/interpolation/PrefixAwareRecursionInterceptor expressionResolutionStarted (Ljava/lang/String;)V 2 9 org/codehaus/plexus/interpolation/util/ValueSourceUtils trimPrefix (Ljava/lang/String;[Ljava/lang/String;Z)Ljava/lang/String; 3 36 java/lang/String startsWith (Ljava/lang/String;)Z 4 3 java/lang/String startsWith (Ljava/lang/String;I)Z 5 6 java/lang/String length ()I 6 6 java/lang/String coder ()B 5 10 java/lang/String length ()I 6 6 java/lang/String coder ()B 5 39 java/lang/String coder ()B 5 47 java/lang/String coder ()B 3 45 java/lang/String length ()I 4 6 java/lang/String coder ()B 3 48 java/lang/String substring (I)Ljava/lang/String; 4 3 java/lang/String length ()I 5 6 java/lang/String coder ()B 4 6 java/lang/String substring (II)Ljava/lang/String; 5 1 java/lang/String length ()I 6 6 java/lang/String coder ()B 5 8 java/lang/String checkBoundsBeginEnd (III)V 5 28 java/lang/String isLatin1 ()Z 5 41 java/lang/StringLatin1 newString ([BII)Ljava/lang/String; 6 16 java/util/Arrays copyOfRange ([BII)[B 6 20 java/lang/String <init> ([BB)V 7 1 java/lang/Object <init> ()V 3 55 java/lang/String startsWith (Ljava/lang/String;)Z 4 3 java/lang/String startsWith (Ljava/lang/String;I)Z 5 6 java/lang/String length ()I 6 6 java/lang/String coder ()B 5 10 java/lang/String length ()I 6 6 java/lang/String coder ()B 5 39 java/lang/String coder ()B 5 47 java/lang/String coder ()B 2 18 java/util/Stack push (Ljava/lang/Object;)Ljava/lang/Object; 3 2 java/util/Vector addElement (Ljava/lang/Object;)V 4 20 java/util/Vector add (Ljava/lang/Object;[Ljava/lang/Object;I)V 1 292 org/codehaus/plexus/interpolation/StringSearchInterpolator getExistingAnswer (Ljava/lang/String;)Ljava/lang/Object; 2 5 java/util/HashMap get (Ljava/lang/Object;)Ljava/lang/Object; 3 2 java/util/HashMap getNode (Ljava/lang/Object;)Ljava/util/HashMap$Node; 4 23 java/util/HashMap hash (Ljava/lang/Object;)I 5 9 java/lang/String hashCode ()I 6 17 java/lang/String isLatin1 ()Z 6 27 java/lang/StringLatin1 hashCode ([B)I 4 63 java/lang/String equals (Ljava/lang/Object;)Z 4 128 java/lang/String equals (Ljava/lang/Object;)Z 1 304 java/util/ArrayList iterator ()Ljava/util/Iterator; 2 5 java/util/ArrayList$Itr <init> (Ljava/util/ArrayList;)V 3 6 java/lang/Object <init> ()V 1 313 java/util/ArrayList$Itr hasNext ()Z 1 323 java/util/ArrayList$Itr next ()Ljava/lang/Object; 2 1 java/util/ArrayList$Itr checkForComodification ()V 1 367 java/lang/String toString ()Ljava/lang/String; 1 372 java/lang/String contains (Ljava/lang/CharSequence;)Z 2 2 java/lang/String toString ()Ljava/lang/String; 2 7 java/lang/String indexOf (Ljava/lang/String;)I 3 1 java/lang/String coder ()B 3 7 java/lang/String coder ()B 3 14 java/lang/String isLatin1 ()Z 1 419 java/lang/String valueOf (Ljava/lang/Object;)Ljava/lang/String; 2 11 java/lang/String toString ()Ljava/lang/String; 1 440 java/util/ArrayList isEmpty ()Z 1 452 java/util/ArrayList iterator ()Ljava/util/Iterator; 2 5 java/util/ArrayList$Itr <init> (Ljava/util/ArrayList;)V 3 6 java/lang/Object <init> ()V 1 461 java/util/ArrayList$Itr hasNext ()Z 1 471 java/util/ArrayList$Itr next ()Ljava/lang/Object; 2 1 java/util/ArrayList$Itr checkForComodification ()V 1 487 org/apache/maven/model/interpolation/UrlNormalizingPostProcessor execute (Ljava/lang/String;Ljava/lang/Object;)Ljava/lang/Object; 2 8 java/util/HashSet contains (Ljava/lang/Object;)Z 3 5 java/util/HashMap containsKey (Ljava/lang/Object;)Z 4 2 java/util/HashMap getNode (Ljava/lang/Object;)Ljava/util/HashMap$Node; 5 23 java/util/HashMap hash (Ljava/lang/Object;)I 6 9 java/lang/String hashCode ()I 7 17 java/lang/String isLatin1 ()Z 7 27 java/lang/StringLatin1 hashCode ([B)I 5 63 java/lang/String equals (Ljava/lang/Object;)Z 5 128 java/lang/String equals (Ljava/lang/Object;)Z 2 21 java/lang/String toString ()Ljava/lang/String; 1 513 java/lang/String valueOf (Ljava/lang/Object;)Ljava/lang/String; 2 11 java/lang/String toString ()Ljava/lang/String; 1 516 java/lang/StringBuilder append (Ljava/lang/String;)Ljava/lang/StringBuilder; 1 538 java/util/HashMap put (Ljava/lang/Object;Ljava/lang/Object;)Ljava/lang/Object; 2 2 java/util/HashMap hash (Ljava/lang/Object;)I 3 9 java/lang/String hashCode ()I 4 17 java/lang/String isLatin1 ()Z 4 27 java/lang/StringLatin1 hashCode ([B)I 2 9 java/util/HashMap putVal (ILjava/lang/Object;Ljava/lang/Object;ZZ)Ljava/lang/Object; 3 56 java/util/HashMap newNode (ILjava/lang/Object;Ljava/lang/Object;Ljava/util/HashMap$Node;)Ljava/util/HashMap$Node; 4 9 java/util/HashMap$Node <init> (ILjava/lang/Object;Ljava/lang/Object;Ljava/util/HashMap$Node;)V 5 1 java/lang/Object <init> ()V 3 152 java/util/HashMap newNode (ILjava/lang/Object;Ljava/lang/Object;Ljava/util/HashMap$Node;)Ljava/util/HashMap$Node; 4 9 java/util/HashMap$Node <init> (ILjava/lang/Object;Ljava/lang/Object;Ljava/util/HashMap$Node;)V 5 1 java/lang/Object <init> ()V 3 253 java/util/HashMap afterNodeAccess (Ljava/util/HashMap$Node;)V 3 295 java/util/HashMap afterNodeInsertion (Z)V 1 550 java/util/HashSet add (Ljava/lang/Object;)Z 2 8 java/util/HashMap put (Ljava/lang/Object;Ljava/lang/Object;)Ljava/lang/Object; 3 2 java/util/HashMap hash (Ljava/lang/Object;)I 4 9 java/lang/String hashCode ()I 5 17 java/lang/String isLatin1 ()Z 5 27 java/lang/StringLatin1 hashCode ([B)I 3 9 java/util/HashMap putVal (ILjava/lang/Object;Ljava/lang/Object;ZZ)Ljava/lang/Object; 4 56 java/util/LinkedHashMap newNode (ILjava/lang/Object;Ljava/lang/Object;Ljava/util/HashMap$Node;)Ljava/util/HashMap$Node; 5 9 java/util/LinkedHashMap$Entry <init> (ILjava/lang/Object;Ljava/lang/Object;Ljava/util/HashMap$Node;)V 6 6 java/util/HashMap$Node <init> (ILjava/lang/Object;Ljava/lang/Object;Ljava/util/HashMap$Node;)V 7 1 java/lang/Object <init> ()V 5 17 java/util/LinkedHashMap linkNodeLast (Ljava/util/LinkedHashMap$Entry;)V
